Time,Vhcl.sRoad,Vhcl.tRoad,Vhcl.YawRate,Car.Road.Path.DevAng,Car.Road.Path.DevDist,Car.Road.Route.DevAng,Car.Road.Route.DevDist,Car.tx,Car.ty,Car.v,Car.YawRate,Car.SideSlipAngle,Car.ax,Car.ay,DM.Steer.Ang,DM.Steer.AngVel,DM.Steer.AngAcc,Steer.WhlAng,Driver.Lat.dy,DM.Brake,DM.Gas,Car.muRoadFL,Car.muRoadFR,Car.muRoadRL,Car.muRoadRR
0.0,8.399996983999952,-1.2396972337569423e-11,1.682833039584608e-11,0.0,-1.2396972337569423e-11,0.0,-1.2396972337569423e-11,7.408852577209473,0.019406098872423172,0.0,1.682833039584608e-11,0.0,7.643018034286797e-05,-1.2088652511010878e-05,0.0,0.0,0.0,0.0,0.001293887384235859,0.0,0.0,0.6000000238418579,0.6000000238418579,0.6000000238418579,0.6000000238418579
0.1,8.399996883738215,-1.0758750335071454e-07,-5.427094151855272e-07,-2.7245992129110164e-08,-1.0758750335071454e-07,-2.7245992129110164e-08,-1.0758750335071454e-07,7.408852577209473,0.019406279549002647,6.554744231834775e-06,-5.427094151855272e-07,0.0,2.354034222662449e-06,2.822585702233482e-05,3.321719111996544e-15,4.976844741985849e-14,8.372051424516969e-13,3.321719111996544e-15,0.0012940592132508755,1.0111183001981772e-08,0.0,0.6000000238418579,0.6000000238418579,0.6000000238418579,0.6000000238418579
0.2,8.399996582602203,-2.6769211558530515e-07,-6.627731181652052e-07,-9.319872873447821e-08,-2.6769211558530515e-07,-9.319872873447821e-08,-2.6769211558530515e-07,7.408852577209473,0.019406627863645554,8.185597835108638e-06,-6.627731181652052e-07,0.0,-2.839690012024221e-07,-2.3181812139227986e-05,7.221946903891198e-15,2.393643449953315e-14,-2.9852170540210776e-13,7.221946903891198e-15,0.0012944074114784598,0.0,0.0,0.6000000238418579,0.6000000238418579,0.6000000238418579,0.6000000238418579
0.3,8.399997139697222,-3.580043710371683e-07,-1.1594847819651477e-06,-1.576079995402324e-07,-3.580043710371683e-07,-1.576079995402324e-07,-3.580043710371683e-07,7.408852577209473,0.019406799226999283,4.1307503124699e-06,-1.1594847819651477e-06,0.0,-6.688450230285525e-05,-1.7298616512562148e-05,7.57008506850924e-15,-1.635756959571244e-13,-4.1087064306388754e-12,7.57008506850924e-15,0.001294587622396648,0.0,0.023932073265314102,0.6000000238418579,0.6000000238418579,0.6000000238418579,0.6000000238418579
0.4,8.400004584035976,-1.457867710996652e-07,-3.9115141703405243e-07,-2.6113372086911113e-07,-1.457867710996652e-07,-2.6113372086911113e-07,-1.457867710996652e-07,7.408851623535156,0.019406942650675774,2.272450910822954e-05,-3.9115141703405243e-07,0.0,-0.0001370650134049356,-4.365385393612087e-06,3.158324550647058e-15,8.4190650056961e-14,2.840820460814353e-12,3.158324550647058e-15,0.001294767134822905,0.0,0.06787516176700592,0.6000000238418579,0.6000000238418579,0.6000000238418579,0.6000000238418579
0.5,8.400021748683125,5.2605042100140054e-08,1.91151661965705e-06,-1.7334376423150388e-07,5.2605042100140054e-08,-1.7334376423150388e-07,5.2605042100140054e-08,7.408849716186523,0.01940704509615898,6.885939365020022e-05,1.91151661965705e-06,0.0,-0.0001629785547265783,1.2476492884161416e-05,3.480382486115846e-14,3.183831507897611e-13,-2.233256461703359e-11,3.480382486115846e-14,0.001294847228564322,0.0,0.11369037628173828,0.6000000238418579,0.6000000238418579,0.6000000238418579,0.6000000238418579
0.6,8.400045450242658,2.7189835805074836e-07,1.8850658989322255e-06,2.2729279791633417e-08,2.7189835805074836e-07,2.2729279791633417e-08,2.7189835805074836e-07,7.408845901489258,0.019407160580158234,0.00012361106928437948,1.8850658989322255e-06,0.0,-0.0001459227059967816,3.318359404147486e-06,5.6493919514243734e-14,1.4739011606253877e-13,-1.1585883077577797e-12,5.6493919514243734e-14,0.0012949042720720172,0.0,0.15427622199058533,0.6000000238418579,0.6000000238418579,0.6000000238418579,0.6000000238418579
0.7000000000000001,8.400069559303077,4.6972627387731336e-07,1.6729035223761457e-06,1.999777623495902e-07,4.6972627387731336e-07,1.999777623495902e-07,4.6972627387731336e-07,7.408841133117676,0.01940731890499592,0.00016122909437399358,1.6729035223761457e-06,0.0,-5.6801687605911866e-05,4.168721545738663e-07,6.686455046329282e-14,6.868752799610994e-14,-5.829630398204722e-13,6.686455046329282e-14,0.0012950064847245812,0.0,0.1860235333442688,0.6000000238418579,0.6000000238418579,0.6000000238418579,0.6000000238418579
0.8,8.400088613678992,6.761247277609073e-07,1.4915050314812106e-06,3.586483501294424e-07,6.761247277609073e-07,3.586483501294424e-07,6.761247277609073e-07,7.408835411071777,0.01940748281776905,0.00016469883848913014,1.4915050314812106e-06,0.0,2.248722557851579e-05,-3.7758159123768564e-06,7.133737909203672e-14,2.601492460308722e-14,-2.9160072793910086e-13,7.133737909203672e-14,0.0012951231328770518,0.0,0.20716644823551178,0.6000000238418579,0.6000000238418579,0.6000000238418579,0.6000000238418579
0.9,8.400100271246536,8.86719362824806e-07,1.2547055803224794e-06,4.929710257783881e-07,8.86719362824806e-07,4.929710257783881e-07,8.86719362824806e-07,7.408830165863037,0.019407613202929497,0.00013593121548183262,1.2547055803224794e-06,0.0,7.034815644146875e-05,6.009267508488847e-06,7.279544127864954e-14,1.0501251899845167e-14,7.059569942513555e-13,7.279544127864954e-14,0.0012952140532433987,0.0,0.2168833315372467,0.6000000238418579,0.6000000238418579,0.6000000238418579,0.6000000238418579
1.0,8.40010339255686,1.0684332210075809e-06,1.1234689054617775e-06,5.965223408566089e-07,1.0684332210075809e-06,5.965223408566089e-07,1.0684332210075809e-06,7.408825874328613,0.01940769888460636,8.678617450641468e-05,1.1234689054617775e-06,0.0,0.00010556258348515257,6.826013122918084e-05,7.318639102952065e-14,5.488257655142988e-15,1.902044927809543e-12,7.318639102952065e-14,0.0012952712131664157,0.0,0.21252867579460144,0.6000000238418579,0.6000000238418579,0.6000000238418579,0.6000000238418579
1.1,8.400096273105305,1.221041998178407e-06,4.914907663078338e-07,6.634799092353205e-07,1.221041998178407e-06,6.634799092353205e-07,1.221041998178407e-06,7.408822059631348,0.019407758489251137,2.8822003514505923e-05,4.914907663078338e-07,0.0,0.00014297595771495253,7.464812370017171e-06,7.327425206307345e-14,5.544433621358722e-16,-8.264318184869959e-14,7.327425206307345e-14,0.0012953138211742043,0.0,0.19224102795124054,0.6000000238418579,0.6000000238418579,0.6000000238418579,0.6000000238418579
1.2,8.400078588980072,1.3375915841606911e-06,3.3371040331076074e-07,6.984088827266532e-07,1.3375915841606911e-06,6.984088827266532e-07,1.3375915841606911e-06,7.408820152282715,0.019407784566283226,9.434465027879924e-05,3.3371040331076074e-07,0.0,0.00021401257254183292,-1.4472661860054359e-05,7.32838608048271e-14,9.043864745551751e-17,-8.94122896923956e-16,7.32838608048271e-14,0.0012953332625329494,0.0,0.16020844876766205,0.6000000238418579,0.6000000238418579,0.6000000238418579,0.6000000238418579
1.3,8.400051456765858,1.0858957466552965e-06,-8.340782642335398e-07,6.435320187847537e-07,1.0858957466552965e-06,6.435320187847537e-07,1.0858957466552965e-06,7.408820152282715,0.019407613202929497,0.00018163112690672278,-8.340782642335398e-07,0.0,0.0002768452395685017,1.547015199321322e-05,7.327773506255256e-14,-1.6146046087610417e-17,8.76329064042748e-16,7.327773506255256e-14,0.0012951777316629887,0.0,0.12174291163682938,0.6000000238418579,0.6000000238418579,0.6000000238418579,0.6000000238418579
1.4000000000000001,8.401225840302413,8.392471499973908e-06,6.725476850988343e-05,6.886531991767697e-06,8.392471499973908e-06,6.886531991767697e-06,8.392471499973908e-06,7.409713268280029,0.01940550096333027,0.02944466471672058,6.725476850988343e-05,0.0,0.43640652298927307,-0.001037354813888669,-1.780950129666621e-14,3.85325582205609e-12,1.7286197473431741e-10,-1.780950129666621e-14,0.0012915664119645953,0.0,0.11948281526565552,0.6000000238418579,0.6000000238418579,0.6000000238418579,0.6000000238418579
1.5,8.40685710311735,1.0146399290533736e-05,6.289591692620888e-05,1.1440383786975872e-05,1.0146399290533736e-05,1.1440383786975872e-05,1.0146399290533736e-05,7.414554119110107,0.01940009370446205,0.07557196170091629,6.289591692620888e-05,0.0,0.935180127620697,-0.0011989736231043935,-7.006857117089482e-14,-2.467983933537865e-12,2.1550740358922127e-11,-7.006857117089482e-14,0.0012848604237660766,0.0,0.23248827457427979,0.6000000238418579,0.6000000238418579,0.6000000238418579,0.6000000238418579
1.6,8.421836097769718,1.125806102209026e-05,5.212610267335549e-05,1.7234551705769263e-05,1.125806102209026e-05,1.7234551705769263e-05,1.125806102209026e-05,7.4279093742370605,0.019390495494008064,0.19741500914096832,5.212610267335549e-05,0.0,1.426548957824707,9.685625263955444e-05,-6.891043824452936e-08,-3.6205426567903487e-06,-0.00016575063636992127,-6.891043824452936e-08,0.001273616449907422,0.0,0.3087271451950073,0.6000000238418579,0.6000000238418579,0.6000000238418579,0.6000000238418579
1.7,8.45141287480025,8.376401638088282e-06,5.2575833251466975e-05,2.2252161215874366e-05,8.376401638088282e-06,2.2252161215874366e-05,8.376401638088282e-06,7.455501079559326,0.019382156431674957,0.35772544145584106,5.2575833251466975e-05,0.0,1.7259939908981323,0.0015366873703897,1.227544657922408e-06,4.492733933147974e-05,-0.0021446021273732185,1.227544657922408e-06,0.0012631260324269533,0.0,0.35053297877311707,0.6000000238418579,0.6000000238418579,0.6000000238418579,0.6000000238418579
1.8,8.497906069937859,5.872102519788314e-06,6.115863652667031e-05,2.790774669847451e-05,5.872102519788314e-06,2.790774669847451e-05,5.872102519788314e-06,7.500272274017334,0.01938767358660698,0.538623571395874,6.115863652667031e-05,0.0,1.8782869577407837,0.00042002450209110975,-1.7587968613952398e-05,-0.000421632023062557,-0.0026657229755073786,-1.7587968613952398e-05,0.0012651997385546565,0.0,0.3716468811035156,0.6000000238418579,0.6000000238418579,0.6000000238418579,0.6000000238418579
1.9000000000000001,8.56265597631289,6.738362571923062e-06,8.090952906059101e-05,3.492325413390063e-05,6.738362571923062e-06,3.492325413390063e-05,6.738362571923062e-06,7.5637407302856445,0.019399143755435944,0.7301434278488159,8.090952906059101e-05,0.0,1.9446377754211426,-0.000880515028256923,-6.413054506992921e-05,-0.000390167668228969,0.0032185122836381197,-6.413054506992921e-05,0.001272347872145474,0.0,0.38142529129981995,0.6000000238418579,0.6000000238418579,0.6000000238418579,0.6000000238418579
2.0,8.646440344980615,1.3238210158306174e-05,0.00011155013635288924,4.449734842637554e-05,1.3238210158306174e-05,4.449734842637554e-05,1.3238210158306174e-05,7.646625995635986,0.019403256475925446,0.926328718662262,0.00011155013635288924,0.0,1.9762310981750488,-0.0009282950777560472,-8.59012216096744e-05,-9.838274854701012e-05,0.0005236706929281354,-8.59012216096744e-05,0.0012714947806671262,0.0,0.38593339920043945,0.6000000238418579,0.6000000238418579,0.6000000238418579,0.6000000238418579
2.1,8.749727109277865,2.4999513698276132e-05,0.0001384595816489309,5.702497219317593e-05,2.4999513698276132e-05,5.702497219317593e-05,2.4999513698276132e-05,7.749262809753418,0.019398730248212814,1.1247915029525757,0.0001384595816489309,-0.00011425156117184088,1.991241693496704,-2.8849162845290266e-05,-0.00013532052980735898,-0.0013968918938189745,-0.024282142519950867,-0.00013532052980735898,0.0012611347483471036,0.0,0.3878396451473236,0.6000000238418579,0.6000000238418579,0.6000000238418579,0.6000000238418579
2.2,8.872771707739153,3.984216891694814e-05,0.00015485560288652778,7.180713873822242e-05,3.984216891694814e-05,7.180713873822242e-05,3.984216891694814e-05,7.871809482574463,0.019393306225538254,1.3243032693862915,0.00015485560288652778,-9.792888886295259e-05,1.9974209070205688,0.000543531496077776,-0.0003985134535469115,-0.003798718098551035,-0.02117341011762619,-0.0003985134535469115,0.0012487409403547645,0.0,0.3885163366794586,0.6000000238418579,0.6000000238418579,0.6000000238418579,0.6000000238418579
2.3000000000000003,9.015688077303706,5.4539032134925947e-05,0.00014573811495210975,8.729723776923493e-05,5.4539032134925947e-05,8.729723776923493e-05,5.4539032134925947e-05,8.014331817626953,0.01939244382083416,1.5241774320602417,0.00014573811495210975,-8.221950702136382e-05,1.9987081289291382,1.3236447557574138e-05,-0.0011966928141191602,-0.013817129656672478,-0.061441510915756226,-0.0011966928141191602,0.0012399370316416025,0.0,0.3887241780757904,0.6000000238418579,0.6000000238418579,0.6000000238418579,0.6000000238418579
2.4,9.178515727765532,6.0030037275282666e-05,9.858785779215395e-05,9.956280700862408e-05,6.0030037275282666e-05,9.956280700862408e-05,6.0030037275282666e-05,8.17684268951416,0.01939202845096588,1.7240253686904907,9.858785779215395e-05,-0.00011660106247290969,1.9971975088119507,-0.0008318870095536113,-0.002557428553700447,-0.011368542909622192,0.06118890643119812,-0.002557428553700447,0.0012317283544689417,0.0,0.38888952136039734,0.6000000238418579,0.6000000238418579,0.6000000238418579,0.6000000238418579
2.5,9.36125978719744,5.384453106671572e-05,6.390084308804944e-05,0.00010755836410680786,5.384453106671572e-05,0.00010755836410680786,5.384453106671572e-05,8.359328269958496,0.019384682178497314,1.9236290454864502,6.390084308804944e-05,-0.00017096167721319944,1.9940956830978394,-0.0011691795662045479,-0.0034192344173789024,-0.0066019026562571526,0.02884240448474884,-0.0034192344173789024,0.0012172858696430922,0.0,0.3892515301704407,0.6000000238418579,0.6000000238418579,0.6000000238418579,0.6000000238418579
2.6,9.563901951648027,3.877911876770668e-05,3.5709985240828246e-05,0.00011259104212513193,3.877911876770668e-05,0.00011259104212513193,3.877911876770668e-05,8.561751365661621,0.01936722733080387,2.1226868629455566,3.5709985240828246e-05,-0.00021890405332669616,1.9857851266860962,-0.0011566652683541179,-0.004020251799374819,-0.005920787341892719,-0.003271255409345031,-0.004020251799374819,0.0011932390043511987,0.0,0.3900686800479889,0.6000000238418579,0.6000000238418579,0.6000000238418579,0.6000000238418579
2.7,9.786378927645828,1.3782611858914606e-05,2.661963094396924e-07,0.00011447013093857095,1.3782611858914606e-05,0.00011447013093857095,1.3782611858914606e-05,8.784036636352539,0.019339747726917267,2.320946455001831,2.661963094396924e-07,-0.00025283824652433395,1.9792475700378418,-0.001052403007633984,-0.00460085179656744,-0.005569837987422943,0.007126260548830032,-0.00460085179656744,0.0011596553958952427,0.0,0.3916633427143097,0.6000000238418579,0.6000000238418579,0.6000000238418579,0.6000000238418579
2.8000000000000003,10.028626054112713,-2.3299069653148763e-05,-3.477539212326519e-05,0.00011258270387770608,-2.3299069653148763e-05,0.00011258270387770608,-2.3299069653148763e-05,9.02610969543457,0.019303325563669205,2.5181515216827393,-3.477539212326519e-05,-0.00027143623447045684,1.9562346935272217,-0.0005618160939775407,-0.004889080300927162,0.0060370853170752525,0.21560138463974,-0.004889080300927162,0.0011176624102517962,0.0,0.39414429664611816,0.6000000238418579,0.6000000238418579,0.6000000238418579,0.6000000238418579
2.9,10.290434064110304,-6.252784078242257e-05,1.65559868037235e-06,0.00011082671699114144,-6.252784078242257e-05,0.00011082671699114144,-6.252784078242257e-05,9.287775993347168,0.019263064488768578,2.7130298614501953,1.65559868037235e-06,-0.0002572003868408501,1.9427030086517334,2.650982787599787e-05,-0.004321246407926083,0.002248484641313553,-0.06967488676309586,-0.004321246407926083,0.001071284874342382,0.0,0.39887070655822754,0.6000000238418579,0.6000000238418579,0.6000000238418579,0.6000000238418579
3.0,10.57166737062288,-9.839460835792124e-05,8.277058441308327e-06,0.00011152512888656929,-9.839460835792124e-05,0.00011152512888656929,-9.839460835792124e-05,9.568875312805176,0.019224045798182487,2.9069159030914307,8.277058441308327e-06,-0.00024399399990215898,1.9362926483154297,-7.917600305518135e-05,-0.0042711584828794,6.373060023179278e-05,0.0073325117118656635,-0.0042711584828794,0.001024920609779656,0.0,0.4047756493091583,0.6000000238418579,0.6000000238418579,0.6000000238418579,0.6000000238418579
3.1,10.872283055684196,-0.00013590336311608553,1.1260630344622768e-05,0.00011242437904002145,-0.00013590336311608553,0.00011242437904002145,-0.00013590336311608553,9.869341850280762,0.019185751676559448,3.1004655361175537,1.1260630344622768e-05,-0.00023569820041302592,1.9348323345184326,-0.00016297279216814786,-0.004219083581119776,0.0009821688290685415,0.008369386196136475,-0.004219083581119776,0.0009785920847207308,0.0,0.41114264726638794,0.6000000238418579,0.6000000238418579,0.6000000238418579,0.6000000238418579
3.2,11.192149502684998,-0.0001737718121148646,1.3641697478306014e-05,0.00011362422810634598,-0.0001737718121148646,0.00011362422810634598,-0.0001737718121148646,10.189070701599121,0.019147749990224838,3.2905094623565674,1.3641697478306014e-05,-0.0002270259865326807,1.8868563175201416,-0.0003525303036440164,-0.00410090247169137,-0.007890021428465843,-0.3068869411945343,-0.00410090247169137,0.0009318962111137807,0.0,0.4200643301010132,0.6000000238418579,0.6000000238418579,0.6000000238418579,0.6000000238418579
3.3000000000000003,11.530619791250187,-0.00021118661970831454,1.526362211734522e-05,0.00011484319838928059,-0.00021118661970831454,0.00011484319838928059,-0.00021118661970831454,10.527494430541992,0.019109705463051796,3.474442958831787,1.526362211734522e-05,-0.0002243102208012715,1.8029576539993286,-0.00025406910572201014,-0.00403966149315238,0.0006475966656580567,0.17900967597961426,-0.00403966149315238,0.0008846706477925181,0.0,0.4348592162132263,0.6000000238418579,0.6000000238418579,0.6000000238418579,0.6000000238418579
3.4,11.887170302326235,-0.00024670595303177834,2.945782216556836e-05,0.00011683098273351789,-0.00024670595303177834,0.00011683098273351789,-0.00024670595303177834,10.884045600891113,0.019071249291300774,3.655071496963501,2.945782216556836e-05,-0.00022304008598439395,1.8206408023834229,-0.0001832577254390344,-0.003908125683665276,0.0014711329713463783,-0.007575852330774069,-0.003908125683665276,0.0008363889064639807,0.0,0.4540092945098877,0.6000000238418579,0.6000000238418579,0.6000000238418579,0.6000000238418579
3.5,12.262069924182741,-0.00028019800083711743,4.6135744923958555e-05,0.00012073398102074862,-0.00028019800083711743,0.00012073398102074862,-0.00028019800083711743,11.258829116821289,0.019032519310712814,3.8397324085235596,4.6135744923958555e-05,-0.00022105978860054165,1.9496045112609863,-0.0003837535623461008,-0.0038416581228375435,0.00026576651725918055,0.09174387156963348,-0.0038416581228375435,0.0007867960375733674,0.0,0.47022995352745056,0.6000000238418579,0.6000000238418579,0.6000000238418579,0.6000000238418579
3.6,12.656250104853317,-0.0003126512747257948,6.108740490162745e-05,0.00012673315359279513,-0.0003126512747257948,0.00012673315359279513,-0.0003126512747257948,11.652670860290527,0.018993882462382317,4.032555103302002,6.108740490162745e-05,-0.0002179584262194112,1.897403597831726,-0.00024241751816589385,-0.0038887448608875275,-0.006465912330895662,0.38226455450057983,-0.0038887448608875275,0.0007361028110608459,0.0,0.4781064987182617,0.6000000238418579,0.6000000238418579,0.6000000238418579,0.6000000238418579
3.7,13.069470415586853,-0.00034699897514656186,5.263294588075951e-05,0.00013182662951294333,-0.00034699897514656186,0.00013182662951294333,-0.00034699897514656186,12.065583229064941,0.018956851214170456,4.224470615386963,5.263294588075951e-05,-0.00022038539464119822,1.9395051002502441,-0.0002854779886547476,-0.003909196238964796,0.0015240435022860765,0.031087832525372505,-0.003909196238964796,0.0006866030744276941,0.0,0.48679304122924805,0.6000000238418579,0.6000000238418579,0.6000000238418579,0.6000000238418579
3.8000000000000003,13.502088400928747,-0.00037865081685595214,7.533189636887982e-05,0.0001382296613883227,-0.00037865081685595214,0.0001382296613883227,-0.00037865081685595214,12.497879981994629,0.018919331952929497,4.4200215339660645,7.533189636887982e-05,-0.00022304587764665484,1.9692765474319458,-0.0001479179336456582,-0.0038062152452766895,0.0004837266751565039,-0.012197064235806465,-0.0038062152452766895,0.0006357702077366412,0.0,0.4919028878211975,0.6000000238418579,0.6000000238418579,0.6000000238418579,0.6000000238418579
3.9,13.954390372498281,-0.0004064205277245492,8.383840759051964e-05,0.0001463346416130662,-0.0004064205277245492,0.0001463346416130662,-0.0004064205277245492,12.949856758117676,0.01888241246342659,4.6177825927734375,8.383840759051964e-05,-0.00022485310910269618,1.9844528436660767,-5.557777330977842e-05,-0.0038168923929333687,-0.0005126370815560222,-0.0015724876429885626,-0.0038168923929333687,0.0005845284904353321,0.0,0.4945438504219055,0.6000000238418579,0.6000000238418579,0.6000000238418579,0.6000000238418579
4.0,14.426509163001626,-0.0004329388029873371,8.005423296708614e-05,0.00015456022811122239,-0.0004329388029873371,0.00015456022811122239,-0.0004329388029873371,13.421674728393555,0.01884705014526844,4.816734790802002,8.005423296708614e-05,-0.00022623631230089813,1.9934749603271484,-5.2436556870816275e-05,-0.0038590747863054276,-0.00036225246731191874,0.002457240829244256,-0.0038590747863054276,0.0005341717042028904,0.0,0.49583369493484497,0.6000000238418579,0.6000000238418579,0.6000000238418579,0.6000000238418579
4.1,14.918529574893121,-0.00045871431939303875,7.711681246291846e-05,0.00016239378601312637,-0.00045871431939303875,0.00016239378601312637,-0.00045871431939303875,13.91342544555664,0.018813489004969597,5.016388416290283,7.711681246291846e-05,-0.00022754269593860954,1.9987784624099731,-5.9923513617832214e-05,-0.003884572070091963,-0.0001644200092414394,0.001379001303575933,-0.003884572070091963,0.0004850704863201827,0.0,0.4963281452655792,0.6000000238418579,0.6000000238418579,0.6000000238418579,0.6000000238418579
4.2,15.430512273731177,-0.000482860894408077,7.672910578548908e-05,0.00017007412679959089,-0.000482860894408077,0.00017007412679959089,-0.000482860894408077,14.425165176391602,0.01878182403743267,5.216457366943359,7.672910578548908e-05,-0.0002289509866386652,2.0019428730010986,-5.4943604482105e-05,-0.0038979363162070513,-0.00013271233183331788,-0.0004411208792589605,-0.0038979363162070513,0.00043726040166802704,0.0,0.4963490068912506,0.6000000238418579,0.6000000238418579,0.6000000238418579,0.6000000238418579
4.3,15.962498424424096,-0.0005047930171713233,7.652067142771557e-05,0.00017774383013602346,-0.0005047930171713233,0.00017774383013602346,-0.0005047930171713233,14.956925392150879,0.01875225454568863,5.416774749755859,7.652067142771557e-05,-0.00023032553144730628,2.0038514137268066,-4.2833842599065974e-05,-0.003914410714060068,-0.00019945124222431332,-0.0006633417797274888,-0.003914410714060068,0.00039089503115974367,0.0,0.4960855543613434,0.6000000238418579,0.6000000238418579,0.6000000238418579,0.6000000238418579
4.4,16.514514150407027,-0.0005243782652541995,7.521539373556152e-05,0.0001853404683060944,-0.0005243782652541995,0.0001853404683060944,-0.0005243782652541995,15.508726119995117,0.018725058063864708,5.617241859436035,7.521539373556152e-05,-0.00023158943804446608,2.004991292953491,-3.651138467830606e-05,-0.003936930559575558,-0.0002418117510387674,-0.00016537492047064006,-0.003936930559575558,0.00034624917316250503,0.0,0.4956511855125427,0.6000000238418579,0.6000000238418579,0.6000000238418579,0.6000000238418579
4.5,17.086575189824877,-0.0005415792111307383,7.314091635635123e-05,0.00019276283273939043,-0.0005415792111307383,0.00019276283273939043,-0.0005415792111307383,16.080577850341797,0.01870046928524971,5.817796230316162,7.314091635635123e-05,-0.0002327876864001155,2.005642890930176,-3.8311547541525215e-05,-0.003961238544434309,-0.00023936927027534693,0.0001404341746820137,-0.003961238544434309,0.0003035621193703264,0.0,0.4951159954071045,0.6000000238418579,0.6000000238418579,0.6000000238418579,0.6000000238418579
4.6000000000000005,17.678690659135953,-0.0005562756559811532,7.086611003614962e-05,0.00019996477931272238,-0.0005562756559811532,0.00019996477931272238,-0.0005562756559811532,16.672487258911133,0.018678639084100723,6.018398284912109,7.086611003614962e-05,-0.00023397878976538777,2.005984306335449,-4.3363772419979796e-05,-0.003984415903687477,-0.0002249717799713835,0.0001113617981900461,-0.003984415903687477,0.00026297950535081327,0.0,0.49452418088912964,0.6000000238418579,0.6000000238418579,0.6000000238418579,0.6000000238418579
4.7,18.29086559353971,-0.0005683164345100522,6.850777572253719e-05,0.00020693588885478675,-0.0005683164345100522,0.00020693588885478675,-0.0005683164345100522,17.28445816040039,0.018659673631191254,6.219024181365967,6.850777572253719e-05,-0.0002351672446820885,2.0061326026916504,-4.801680552191101e-05,-0.00400656508281827,-0.0002199420123361051,-1.755060338837211e-06,-0.00400656508281827,0.00022459565661847591,0.0,0.4939035177230835,0.6000000238418579,0.6000000238418579,0.6000000238418579,0.6000000238418579
4.8,18.923102884990087,-0.0005776020116172731,6.597834726562724e-05,0.00021366175496950746,-0.0005776020116172731,0.00021366175496950746,-0.0005776020116172731,17.916492462158203,0.01864366978406906,6.419676303863525,6.597834726562724e-05,-0.0002363429666729644,2.007045269012451,-5.887441147933714e-05,-0.004028894938528538,-0.00022799037105869502,0.00063814886379987,-0.004028894938528538,0.00018849645857699215,0.0,0.49326133728027344,0.6000000238418579,0.6000000238418579,0.6000000238418579,0.6000000238418579
4.9,19.575414500291313,-0.000584116845857352,6.338641105685383e-05,0.0002201321185566485,-0.000584116845857352,0.0002201321185566485,-0.000584116845857352,18.568599700927734,0.018630675971508026,6.620487689971924,6.338641105685383e-05,-0.00023754134599585086,2.0089075565338135,-6.454560934798792e-05,-0.004049554467201233,-0.00020954551291652024,-0.0003492430259939283,-0.004049554467201233,0.0001547184365335852,0.0,0.49248266220092773,0.6000000238418579,0.6000000238418579,0.6000000238418579,0.6000000238418579
5.0,20.24782702037846,-0.0005878731608390808,6.088209192967042e-05,0.00022634734341409057,-0.0005878731608390808,0.00022634734341409057,-0.0005878731608390808,19.240802764892578,0.018620716407895088,6.8216447830200195,6.088209192967042e-05,-0.00023882280220277607,2.0136492252349854,-8.150762732839212e-05,-0.004069834016263485,-0.0001738278369884938,-0.0003408421471249312,-0.004069834016263485,0.00012327160220593214,0.0,0.4914053678512573,0.6000000238418579,0.6000000238418579,0.6000000238418579,0.6000000238418579
5.1000000000000005,20.940382794506288,-0.0005888905725441873,5.8128971431870013e-05,0.00023230531951412559,-0.0005888905725441873,0.00023230531951412559,-0.0005888905725441873,19.933143615722656,0.018613800406455994,7.023187637329102,5.8128971431870013e-05,-0.00024002959253266454,2.0165750980377197,-8.668609370943159e-05,-0.004088955000042915,-0.0001996177015826106,-5.7136381656164303e-05,-0.004088955000042915,9.414366650162265e-05,0.0,0.48993057012557983,0.6000000238418579,0.6000000238418579,0.6000000238418579,0.6000000238418579
5.2,21.65310600735361,-0.0005871503381058574,5.4762233048677444e-05,0.00023795444576535374,-0.0005871503381058574,0.00023795444576535374,-0.0005871503381058574,20.645648956298828,0.018609989434480667,7.224947452545166,5.4762233048677444e-05,-0.0002411517343716696,2.0180609226226807,-9.879026038106531e-05,-0.004108709283173084,-0.00019140892254654318,0.00017194378597196192,-0.004108709283173084,6.739838136127219e-05,0.0,0.48821112513542175,0.6000000238418579,0.6000000238418579,0.6000000238418579,0.6000000238418579
5.3,22.386007585069116,-0.0005826298147439957,5.1298073231009766e-05,0.00024325861886609346,-0.0005826298147439957,0.00024325861886609346,-0.0005826298147439957,21.378337860107422,0.01860928162932396,7.426806449890137,5.1298073231009766e-05,-0.00024220591876655817,2.018629789352417,-0.00011135424574604258,-0.004127054009586573,-0.00017706991638988256,8.854790939949453e-05,-0.004127054009586573,4.3030831875512376e-05,0.0,0.48637181520462036,0.6000000238418579,0.6000000238418579,0.6000000238418579,0.6000000238418579
5.4,23.13909265466359,-0.0005753111909143627,4.7868143155938014e-05,0.00024821897386573255,-0.0005753111909143627,0.00024821897386573255,-0.0005753111909143627,22.131214141845703,0.01861165463924408,7.628695011138916,4.7868143155938014e-05,-0.00024316180497407913,2.0186963081359863,-0.00012153785792179406,-0.0041445037350058556,-0.00017342712089885026,4.389845344121568e-06,-0.0041445037350058556,2.1005107555538416e-05,0.0,0.4844900369644165,0.6000000238418579,0.6000000238418579,0.6000000238418579,0.6000000238418579
5.5,23.912363107728034,-0.0005652407999150455,4.433983121998608e-05,0.0002528321638237685,-0.0005652407999150455,0.0002528321638237685,-0.0005652407999150455,22.904277801513672,0.018617097288370132,7.830576419830322,4.433983121998608e-05,-0.00024399239919148386,2.0185091495513916,-0.00013296882389113307,-0.004161798860877752,-0.0001709832577034831,7.437492604367435e-05,-0.004161798860877752,1.2948156609127182e-06,0.0,0.48260796070098877,0.6000000238418579,0.6000000238418579,0.6000000238418579,0.6000000238418579
5.6000000000000005,24.705818355472083,-0.0005525086889974773,4.0713675844017416e-05,0.00025708702742122114,-0.0005525086889974773,0.00025708702742122114,-0.0005525086889974773,23.69753074645996,0.018625587224960327,8.032427787780762,4.0713675844017416e-05,-0.0002446977887302637,2.0181050300598145,-0.00014688311784993857,-0.004178514238446951,-0.00016358915308956057,0.00011357613402651623,-0.004178514238446951,-1.613694075786043e-05,0.0,0.48075070977211,0.6000000238418579,0.6000000238418579,0.6000000238418579,0.6000000238418579
5.7,25.51945525120266,-0.0005372004234232008,3.7142417568247765e-05,0.0002609802468214184,-0.0005372004234232008,0.0002609802468214184,-0.0005372004234232008,24.51096534729004,0.018637068569660187,8.234236717224121,3.7142417568247765e-05,-0.0002453154302202165,2.017674207687378,-0.00016567413695156574,-0.004194042179733515,-0.0001459862687624991,0.00019745320605579764,-0.004194042179733515,-3.136068335152231e-05,0.0,0.47893401980400085,0.6000000238418579,0.6000000238418579,0.6000000238418579,0.6000000238418579
5.8,26.353271213588275,-0.0005193882388994098,3.3906198950717226e-05,0.00026452960446476936,-0.0005193882388994098,0.00026452960446476936,-0.0005193882388994098,25.34457778930664,0.018651429563760757,8.436038970947266,3.3906198950717226e-05,-0.0002459156094118953,2.0182347297668457,-0.000190939026651904,-0.004207878839224577,-0.00011912982881767675,0.0009099066373892128,-0.004207878839224577,-4.4503682147478685e-05,0.0,0.47736480832099915,0.6000000238418579,0.6000000238418579,0.6000000238418579,0.6000000238418579
5.9,27.20726985931223,-0.0004991536261513829,3.079153975704685e-05,0.0002677688607946038,-0.0004991536261513829,0.0002677688607946038,-0.0004991536261513829,26.198373794555664,0.018668532371520996,8.637831687927246,3.079153975704685e-05,-0.00024643412325531244,2.016420364379883,-0.0001926739205373451,-0.004218657035380602,-0.00011118747352156788,-0.0005954948719590902,-0.004218657035380602,-5.57283237867523e-05,0.0,0.4756118953227997,0.6000000238418579,0.6000000238418579,0.6000000238418579,0.6000000238418579
6.0,28.08143106524441,-0.0004764946352224797,2.7381522158975713e-05,0.00027067968039773405,-0.0004764946352224797,0.00027067968039773405,-0.0004764946352224797,27.072336196899414,0.01868835650384426,8.839350700378418,2.7381522158975713e-05,-0.00024679326452314854,2.0134599208831787,-0.00021134356211405247,-0.0042311521247029305,-0.00011153925879625604,0.0010143640683963895,-0.0042311521247029305,-6.505697820102796e-05,0.0,0.4741213321685791,0.6000000238418579,0.6000000238418579,0.6000000238418579,0.6000000238418579
6.1000000000000005,28.97572059503715,-0.00045150046935305,2.3946762667037547e-05,0.0002732451248448342,-0.00045150046935305,0.0002732451248448342,-0.00045150046935305,27.966432571411133,0.018710820004343987,9.040487289428711,2.3946762667037547e-05,-0.0002470008621457964,2.0091726779937744,-0.00022255760268308222,-0.0042416732758283615,-0.00011543089203769341,0.00023136602248996496,-0.0042416732758283615,-7.257616380229592e-05,0.0,0.47302258014678955,0.6000000238418579,0.6000000238418579,0.6000000238418579,0.6000000238418579
6.2,29.89010078464732,-0.0004242779978085309,2.0874669644399546e-05,0.00027548358775675297,-0.0004242779978085309,0.00027548358775675297,-0.0004242779978085309,28.880624771118164,0.018735820427536964,9.241286277770996,2.0874669644399546e-05,-0.0002471502812113613,2.006605625152588,-0.00024309892614837736,-0.004251579754054546,-8.77540442161262e-05,0.00012874614913016558,-0.004251579754054546,-7.839657337171957e-05,0.0,0.4722593128681183,0.6000000238418579,0.6000000238418579,0.6000000238418579,0.6000000238418579
6.3,30.824549877861156,-0.00039500283310189843,1.8248303604195826e-05,0.0002774382883217186,-0.00039500283310189843,0.0002774382883217186,-0.00039500283310189843,29.814884185791016,0.01876319944858551,9.44188404083252,1.8248303604195826e-05,-0.00024726465926505625,2.0050933361053467,-0.000263245718088001,-0.004259735345840454,-7.49872051528655e-05,0.00014925183495506644,-0.004259735345840454,-8.269839599961415e-05,0.0,0.47168177366256714,0.6000000238418579,0.6000000238418579,0.6000000238418579,0.6000000238418579
6.4,31.77905491284292,-0.00036381473182700574,1.5924355466268025e-05,0.0002791453734971583,-0.00036381473182700574,0.0002791453734971583,-0.00036381473182700574,30.769197463989258,0.01879279874265194,9.642363548278809,1.5924355466268025e-05,-0.00024738500360399485,2.0039401054382324,-0.00028415402630344033,-0.004266377072781324,-5.915200381423347e-05,-0.00022702514252159745,-0.004266377072781324,-8.565598545828834e-05,0.0,0.4712129831314087,0.6000000238418579,0.6000000238418579,0.6000000238418579,0.6000000238418579
6.5,32.75358704493631,-0.0003307345323264599,1.2916987543576397e-05,0.0002805967815220356,-0.0003307345323264599,0.0002805967815220356,-0.0003307345323264599,31.743539810180664,0.018824540078639984,9.842324256896973,1.2916987543576397e-05,-0.0002472266205586493,1.994820475578308,-0.00026696902932599187,-0.00427146814763546,-0.00010119559738086537,-0.0003890574735123664,-0.00427146814763546,-8.734806033317e-05,0.0,0.4711897671222687,0.6000000238418579,0.6000000238418579,0.6000000238418579,0.6000000238418579
6.6000000000000005,33.74805690618674,-0.0002956678799819201,9.411307473783381e-06,0.00028172045131213963,-0.0002956678799819201,0.00028172045131213963,-0.0002956678799819201,32.737831115722656,0.01885848119854927,10.041336059570312,9.411307473783381e-06,-0.0002468577877152711,1.983578085899353,-0.00026254222029820085,-0.004278303124010563,-4.646729939850047e-05,-0.0014658513246104121,-0.004278303124010563,-8.769142732489854e-05,0.0,0.47198501229286194,0.6000000238418579,0.6000000238418579,0.6000000238418579,0.6000000238418579
6.7,34.762353787337595,-0.0002586717891972512,6.226727236935403e-06,0.0002824956609401852,-0.0002586717891972512,0.0002824956609401852,-0.0002586717891972512,33.7519645690918,0.01889459230005741,10.2391996383667,6.226727236935403e-06,-0.0002462352567818016,1.9741795063018799,-0.0002897246740758419,-0.004286927171051502,-8.23649752419442e-05,0.0006728637381456792,-0.004286927171051502,-8.670660463394597e-05,0.0,0.4739099144935608,0.6000000238418579,0.6000000238418579,0.6000000238418579,0.6000000238418579
6.8,35.79639425318281,-0.00022003203048370779,4.0485178942617495e-06,0.0002830032317433506,-0.00022003203048370779,0.0002830032317433506,-0.00022003203048370779,34.78584671020508,0.01893267035484314,10.436373710632324,4.0485178942617495e-06,-0.0002456769871059805,1.9695086479187012,-0.0003190449788235128,-0.004292555619031191,-3.9562233723700047e-05,0.00011806425754912198,-0.004292555619031191,-8.462093683192506e-05,0.0,0.47660955786705017,0.6000000238418579,0.6000000238418579,0.6000000238418579,0.6000000238418579
6.9,36.85014105335295,-0.00018006347818300128,2.6708546556619694e-06,0.0002833346661645919,-0.00018006347818300128,0.0002833346661645919,-0.00018006347818300128,35.83942794799805,0.01897243969142437,10.633227348327637,2.6708546556619694e-06,-0.0002452362095937133,1.9674839973449707,-0.00035054687759839,-0.00429565692320466,-1.9645687643787824e-05,0.00027496126131154597,-0.00429565692320466,-8.173762034857646e-05,0.0,0.4796934127807617,0.6000000238418579,0.6000000238418579,0.6000000238418579,0.6000000238418579
7.0,37.92357531808265,-0.00013892272545490414,1.7208019471581792e-06,0.00028355533140711486,-0.00013892272545490414,0.00028355533140711486,-0.00013892272545490414,36.91268539428711,0.01901361532509327,10.829903602600098,1.7208019471581792e-06,-0.000244960596319288,1.9645510911941528,-0.0003643820236902684,-0.004295762162655592,2.842049980245065e-05,0.00012353570491541177,-0.004295762162655592,-7.834455027477816e-05,0.0,0.4829675257205963,0.6000000238418579,0.6000000238418579,0.6000000238418579,0.6000000238418579
7.1000000000000005,39.01349350120524,-0.00010428606037748978,-0.0006202509975992143,0.00026864151004701853,-0.00010428606037748978,0.00026864151004701853,-0.00010428606037748978,38.0032958984375,0.01906469278037548,10.925980567932129,-0.0006202509975992143,-0.00019221995898988098,-0.9007239937782288,0.012848412618041039,-0.001735185389406979,0.05058388411998749,-2.8409674167633057,-0.001735185389406979,-6.241349183255807e-05,0.0,0.00047661480493843555,0.6000000238418579,0.6000000238418579,0.6000000238418579,0.6000000238418579
7.2,40.09947508965895,-4.5270982809597626e-05,-0.0007118109497241676,0.00019427524239290506,-4.5270982809597626e-05,0.00019427524239290506,-4.5270982809597626e-05,39.093448638916016,0.019165705889463425,10.892939567565918,-0.0007118109497241676,-0.00011801849177572876,-0.12992039322853088,-0.003814339404925704,-0.002468633931130171,0.02084335871040821,0.2757642865180969,-0.002468633931130171,2.182599200750701e-05,0.0,0.0,0.6000000238418579,0.6000000238418579,0.6000000238418579,0.6000000238418579
7.3,41.184992833617294,-7.145999461499741e-06,-0.00043435950647108257,0.00013640878023579717,-7.145999461499741e-06,0.00013640878023579717,-7.145999461499741e-06,40.18207550048828,0.019242461770772934,10.879716873168945,-0.00043435950647108257,-6.161469354992732e-05,-0.13354486227035522,0.001617597066797316,-0.0014168095076456666,-0.001195216435007751,-0.10501408576965332,-0.0014168095076456666,7.676905806874856e-05,0.0,0.0,0.6000000238418579,0.6000000238418579,0.6000000238418579,0.6000000238418579
7.4,42.271083357654135,2.353156560275238e-05,-0.00011467014701338485,0.0001015301895677112,2.353156560275238e-05,0.0001015301895677112,2.353156560275238e-05,41.26953125,0.0193319208920002,10.887856483459473,-0.00011467014701338485,-1.890807288873475e-05,1.884283185005188,-0.007541561033576727,-0.0021829509641975164,-0.06274809688329697,-2.7675092220306396,-0.0021829509641975164,0.00013589377340395004,0.0,0.0,0.6000000238418579,0.6000000238418579,0.6000000238418579,0.6000000238418579
7.5,43.37018791561548,3.5011431464226916e-05,4.4185813749209046e-05,0.0001117530046030879,3.5011431464226916e-05,0.0001117530046030879,3.5011431464226916e-05,42.36664962768555,0.019377412274479866,11.001957893371582,4.4185813749209046e-05,-6.1206184909679e-05,0.764812171459198,-6.181185017339885e-05,-0.0016769029898568988,-0.024226568639278412,-1.2324475049972534,-0.0016769029898568988,0.00013757967099081725,0.0,0.3686067759990692,0.6000000238418579,0.6000000238418579,0.6000000238418579,0.6000000238418579
7.6000000000000005,44.4777491036897,7.537917554145679e-05,0.00029623258160427213,0.0001301662268815562,7.537917554145679e-05,0.0001301662268815562,7.537917554145679e-05,43.47239303588867,0.019412221387028694,11.124523162841797,0.00029623258160427213,-0.00012282104580663145,1.5482492446899414,-0.004705773666501045,-0.0029012495651841164,0.0035290480591356754,0.011098972521722317,-0.0029012495651841164,0.00012748836888931692,0.0,0.6408707499504089,0.6000000238418579,0.6000000238418579,0.6000000238418579,0.6000000238418579
7.7,45.60031007883347,0.00011926903243875131,0.000368094741133973,0.00016596695058979094,0.00011926903243875131,0.00016596695058979094,0.00011926903243875131,44.59275436401367,0.019407739862799644,11.2800874710083,0.000368094741133973,-0.00017446829588152468,1.5350004434585571,5.6801574828568846e-05,-0.002707210136577487,-0.0015349539462476969,-0.09163493663072586,-0.002707210136577487,7.350066880462691e-05,0.0,0.6196893453598022,0.6000000238418579,0.6000000238418579,0.6000000238418579,0.6000000238418579
7.8,46.73757832414956,0.0001679946726653725,0.00027673743898048997,0.00019876442092936486,0.0001679946726653725,0.00019876442092936486,0.0001679946726653725,45.728580474853516,0.01940222457051277,11.435784339904785,0.00027673743898048997,-0.0001992067409446463,1.5874592065811157,0.0011994533706456423,-0.003039349103346467,-0.003530827583745122,0.0047543346881866455,-0.003039349103346467,1.8793145500239916e-05,0.0,0.6399585008621216,0.6000000238418579,0.6000000238418579,0.6000000238418579,0.6000000238418579
7.9,47.890103213007876,0.00021276202460285276,0.00017861431115306914,0.00022143022215459496,0.00021276202460285276,0.00022143022215459496,0.00021276202460285276,46.88029861450195,0.01940932497382164,11.598250389099121,0.00017861431115306914,-0.0002092298964271322,1.6629432439804077,0.001244709943421185,-0.003360784612596035,-0.0024799364618957043,0.018069323152303696,-0.003360784612596035,-2.142546873074025e-05,0.0,0.6686634421348572,0.6000000238418579,0.6000000238418579,0.6000000238418579,0.6000000238418579
8.0,49.05900574733105,0.0002514059597160667,0.00011209616059204563,0.00023556328960694373,0.0002514059597160667,0.00023556328960694373,0.0002514059597160667,48.048648834228516,0.01943081058561802,11.768267631530762,0.00011209616059204563,-0.00021162811026442796,1.7358986139297485,0.0010205362923443317,-0.0036002567503601313,-0.002603177446871996,-0.0016514313174411654,-0.0036002567503601313,-4.599976819008589e-05,0.0,0.6950064301490784,0.6000000238418579,0.6000000238418579,0.6000000238418579,0.6000000238418579
8.1,50.24519301591641,0.0002883436100091785,8.097483805613592e-05,0.0002450193860568106,0.0002883436100091785,0.0002450193860568106,0.0002883436100091785,49.234352111816406,0.019464636221528053,11.945114135742188,8.097483805613592e-05,-0.00021304195979610085,1.7993193864822388,0.000370740337530151,-0.003823517356067896,-0.0019298454280942678,0.004335020203143358,-0.003823517356067896,-5.7879402447724715e-05,0.0,0.7164570689201355,0.6000000238418579,0.6000000238418579,0.6000000238418579,0.6000000238418579
8.2,51.4493354927378,0.00032663217280060053,6.309827585937455e-05,0.0002521728747524321,0.00032663217280060053,0.0002521728747524321,0.00032663217280060053,50.43804168701172,0.019505156204104424,12.127735137939453,6.309827585937455e-05,-0.00021792398183606565,1.851104736328125,-0.00035961729008704424,-0.003933881875127554,-0.000519550871104002,0.005810928530991077,-0.003933881875127554,-6.304329144768417e-05,0.0,0.732906699180603,0.6000000238418579,0.6000000238418579,0.6000000238418579,0.6000000238418579
8.3,52.67194524974349,0.00036760856164619327,6.174673035275191e-05,0.0002582630258984864,0.00036760856164619327,0.0002582630258984864,0.00036760856164619327,51.66023635864258,0.01954660192131996,12.314945220947266,6.174673035275191e-05,-0.0002250016259495169,1.8916435241699219,-0.0005571547080762684,-0.003988734912127256,-0.0006219256320036948,0.0013292609946802258,-0.003988734912127256,-6.733679038006812e-05,0.0,0.745124876499176,0.6000000238418579,0.6000000238418579,0.6000000238418579,0.6000000238418579
8.4,53.913426311441356,0.0004129393200855702,6.394593219738454e-05,0.0002646004722919315,0.0004129393200855702,0.0002646004722919315,0.0004129393200855702,52.90134048461914,0.01958712376654148,12.50574779510498,6.394593219738454e-05,-0.00023251438688021153,1.92316734790802,-0.0004619469400495291,-0.004045997280627489,-0.0005747342365793884,-0.0013177142245694995,-0.004045997280627489,-7.287690095836297e-05,0.0,0.7539305686950684,0.6000000238418579,0.6000000238418579,0.6000000238418579,0.6000000238418579
8.5,55.17410147961747,0.0004611735057551414,5.746919123339467e-05,0.0002707558451220393,0.0004611735057551414,0.0002707558451220393,0.0004611735057551414,54.16167068481445,0.019627638161182404,12.699342727661133,5.746919123339467e-05,-0.00023841035726945847,1.9476549625396729,-0.00027110075461678207,-0.004108944907784462,-0.0006691900198347867,-0.00044094963232055306,-0.004108944907784462,-7.870131230447441e-05,0.0,0.7600511908531189,0.6000000238418579,0.6000000238418579,0.6000000238418579,0.6000000238418579
8.6,56.45422399147948,0.0005104633746668696,4.2522027797531337e-05,0.00027583137853071094,0.0005104633746668696,0.00027583137853071094,0.0005104633746668696,55.44147491455078,0.019669977948069572,12.895098686218262,4.2522027797531337e-05,-0.00024204982037190348,1.9664890766143799,-0.00021215886226855218,-0.004172857850790024,-0.00047700677532702684,0.007004596758633852,-0.004172857850790024,-8.280241308966652e-05,0.0,0.7640824913978577,0.6000000238418579,0.6000000238418579,0.6000000238418579,0.6000000238418579
8.700000000000001,57.75398825185363,0.0005591886583715677,2.418487383692991e-05,0.00027914156089536846,0.0005591886583715677,0.00027914156089536846,0.0005591886583715677,56.740943908691406,0.01971486024558544,13.092516899108887,2.418487383692991e-05,-0.00024400008260272443,1.9810224771499634,-0.0002723669749684632,-0.0042090099304914474,-0.00028954356093890965,0.0016976207261905074,-0.0042090099304914474,-8.428000001003966e-05,0.0,0.7665037512779236,0.6000000238418579,0.6000000238418579,0.6000000238418579,0.6000000238418579
8.8,59.0735433945208,0.0006071848911233246,1.1652624380076304e-05,0.00028088223189115524,0.0006071848911233246,0.00028088223189115524,0.0006071848911233246,58.060218811035156,0.019761767238378525,13.291217803955078,1.1652624380076304e-05,-0.0002451036998536438,1.992196798324585,-0.0003893937391694635,-0.004229188431054354,-0.0001214952499140054,0.0014259022427722812,-0.004229188431054354,-8.362162770936266e-05,0.0,0.7676809430122375,0.6000000238418579,0.6000000238418579,0.6000000238418579,0.6000000238418579
8.9,60.41300419154786,0.000654900330118835,5.43734677194152e-06,0.0002816958003677428,0.000654900330118835,0.0002816958003677428,0.000654900330118835,59.399417877197266,0.019809657707810402,13.490899085998535,5.43734677194152e-06,-0.0002460761461406946,2.0007164478302,-0.00048023066483438015,-0.004235417582094669,-1.6650292309350334e-05,0.0006799992406740785,-0.004235417582094669,-8.1935606431216e-05,0.0,0.7679119110107422,0.6000000238418579,0.6000000238418579,0.6000000238418579,0.6000000238418579
9.0,61.772459702282504,0.0007026357343420386,2.986729668918997e-06,0.0002820992667693645,0.0007026357343420386,0.0002820992667693645,0.0007026357343420386,60.75862503051758,0.019857682287693024,13.691347122192383,2.986729668918997e-06,-0.00024709507124498487,2.007627248764038,-0.0005206266068853438,-0.004234799183905125,2.1042551452410407e-05,0.00016946742834988981,-0.004234799183905125,-8.011311001610011e-05,0.0,0.7675926685333252,0.6000000238418579,0.6000000238418579,0.6000000238418579,0.6000000238418579
9.1,63.15198184703467,0.0007503803935833275,1.5960298469508416e-06,0.00028232840122655034,0.0007503803935833275,0.00028232840122655034,0.0007503803935833275,62.137908935546875,0.019905466586351395,13.89239501953125,1.5960298469508416e-06,-0.0002480305847711861,2.0121142864227295,-0.000514900719281286,-0.004232577048242092,1.741404594213236e-05,2.615740777400788e-05,-0.004232577048242092,-7.851346890674904e-05,0.0,0.7660555839538574,0.6000000238418579,0.6000000238418579,0.6000000238418579,0.6000000238418579
9.200000000000001,64.55158240730435,0.0007982136448845267,-2.3112588678486645e-06,0.0002823440299835056,0.0007982136448845267,0.0002823440299835056,0.0007982136448845267,63.537288665771484,0.019953249022364616,14.092833518981934,-2.3112588678486645e-06,-0.00024812048650346696,1.9887337684631348,-0.00031825972837395966,-0.004229411482810974,1.8664701428861008e-06,-0.0017260366585105658,-0.004229411482810974,-7.681483111809939e-05,0.0,0.753296971321106,0.6000000238418579,0.6000000238418579,0.6000000238418579,0.6000000238418579
9.3,65.97096524107953,0.0008475719369016588,-1.4848969840386417e-05,0.0002816204505506903,0.0008475719369016588,0.0002816204505506903,0.0008475719369016588,64.95652770996094,0.020002685487270355,14.28887939453125,-1.4848969840386417e-05,-0.00024602876510471106,1.9249982833862305,-0.00018614284635987133,-0.0042337458580732346,0.0003015779366251081,0.017790108919143677,-0.0042337458580732346,-7.311010995181277e-05,0.0,0.7272873520851135,0.6000000238418579,0.6000000238418579,0.6000000238418579,0.6000000238418579
9.4,67.40944888429117,0.0008977839606814086,-4.7289111535064876e-05,0.0002786095137707889,0.0008977839606814086,0.0002786095137707889,0.0008977839606814086,66.39498901367188,0.020054884254932404,14.476945877075195,-4.7289111535064876e-05,-0.0002415436174487695,1.8304170370101929,-0.00010044540249509737,-0.004151556175202131,0.001093024737201631,-0.005241031292825937,-0.004151556175202131,-6.573259452125058e-05,0.0,0.6919578313827515,0.6000000238418579,0.6000000238418579,0.6000000238418579,0.6000000238418579
9.5,68.8660774644209,0.0009488306823186576,-7.404899224638939e-05,0.0002726693928707391,0.0009488306823186576,0.0002726693928707391,0.0009488306823186576,67.85174560546875,0.020110532641410828,14.654424667358398,-7.404899224638939e-05,-0.00023343284556176513,1.714769959449768,-0.00010131250019185245,-0.004082002677023411,0.0013842758489772677,0.01740090735256672,-0.004082002677023411,-5.368331403587945e-05,0.0,0.6509195566177368,0.6000000238418579,0.6000000238418579,0.6000000238418579,0.6000000238418579
9.6,70.33971246599404,0.0009990350808948278,-0.00010519694478716701,0.00026348308892920613,0.0009990350808948278,0.00026348308892920613,0.0009990350808948278,69.32563781738281,0.020169207826256752,14.81963062286377,-0.00010519694478716701,-0.0002227739169029519,1.586198329925537,-5.1545954192988575e-05,-0.003928390797227621,0.0009300672099925578,0.019676541909575462,-0.003928390797227621,-3.716635546879843e-05,0.0,0.6070525050163269,0.6000000238418579,0.6000000238418579,0.6000000238418579,0.6000000238418579
9.700000000000001,71.82910272559992,0.0010478566400706768,-0.00013760366709902883,0.00025140607613138855,0.0010478566400706768,0.00025140607613138855,0.0010478566400706768,70.81538391113281,0.02022990770637989,14.971630096435547,-0.00013760366709902883,-0.00021070930233690888,1.451643705368042,-0.00037176976911723614,-0.0037156841717660427,0.0026255128905177116,0.0022841417230665684,-0.0037156841717660427,-1.7107180610764772e-05,0.0,0.5625677704811096,0.6000000238418579,0.6000000238418579,0.6000000238418579,0.6000000238418579
9.8,73.33294176083194,0.001093690749257803,-0.00015522079775109887,0.00023674785916227847,0.001093690749257803,0.00023674785916227847,0.001093690749257803,72.31965637207031,0.02029045857489109,15.110119819641113,-0.00015522079775109887,-0.00019696833624038845,1.317002534866333,-0.0005034499918110669,-0.00348743237555027,0.0026300966273993254,0.006621456239372492,-0.00348743237555027,4.407071173773147e-06,0.0,0.5192735195159912,0.6000000238418579,0.6000000238418579,0.6000000238418579,0.6000000238418579
9.9,74.84991870096827,0.0011357940966263413,-0.0001656692911637947,0.00022050912957638502,0.0011357940966263413,0.00022050912957638502,0.0011357940966263413,73.83709716796875,0.020348912104964256,15.235300064086914,-0.0001656692911637947,-0.00018286341219209135,1.1861605644226074,-0.0004775006673298776,-0.003216843120753765,0.0021436770912259817,-0.012161413207650185,-0.003216843120753765,2.532311191316694e-05,0.0,0.47822490334510803,0.6000000238418579,0.6000000238418579,0.6000000238418579,0.6000000238418579
10.0,76.37875272586037,0.0011749942786991596,-0.0001645518932491541,0.00020399660570546985,0.0011749942786991596,0.00020399660570546985,0.0011749942786991596,75.36640930175781,0.020404331386089325,15.34766674041748,-0.0001645518932491541,-0.00016891387349460274,1.0612238645553589,-0.000570185948163271,-0.0029793705325573683,0.002390399109572172,0.001563472324050963,-0.0029793705325573683,4.4517393689602613e-05,0.0,0.43999409675598145,0.6000000238418579,0.6000000238418579,0.6000000238418579,0.6000000238418579
10.1,77.91821503739203,0.0012107224902138114,-0.00015842271386645734,0.00018771126633509994,0.0012107224902138114,0.00018771126633509994,0.0012107224902138114,76.90633392333984,0.02045595459640026,15.447905540466309,-0.00015842271386645734,-0.0001552652393002063,0.9437593221664429,-0.0005120374844409525,-0.0027490556240081787,0.0018508200300857425,0.007327748462557793,-0.0027490556240081787,6.123184721218422e-05,0.0,0.4049000144004822,0.6000000238418579,0.6000000238418579,0.6000000238418579,0.6000000238418579
10.200000000000001,79.46714388367941,0.0012440684949979186,-0.00014957852545194328,0.00017233015387319028,0.0012440684949979186,0.00017233015387319028,0.0012440684949979186,78.45570373535156,0.020503919571638107,15.536813735961914,-0.00014957852545194328,-0.00014254509005695581,0.8349884748458862,-0.0005325370584614575,-0.002549220575019717,0.002012393670156598,-0.0026425302494317293,-0.002549220575019717,7.559202640550211e-05,0.0,0.37308865785598755,0.6000000238418579,0.6000000238418579,0.6000000238418579,0.6000000238418579
10.3,81.02445778770026,0.001274713664315641,-0.00014202359307091683,0.00015777436783537269,0.001274713664315641,0.00015777436783537269,0.001274713664315641,80.01343536376953,0.020548049360513687,15.61528491973877,-0.00014202359307091683,-0.0001305579353356734,0.7353582978248596,-0.00048730059643276036,-0.0023558218963444233,0.0018665606621652842,-0.003175681224092841,-0.0023558218963444233,8.759317279327661e-05,0.0,0.34453117847442627,0.6000000238418579,0.6000000238418579,0.6000000238418579,0.6000000238418579
10.4,82.58916381056765,0.0013033304130658507,-0.0001308079226873815,0.00014414184261113405,0.0013033304130658507,0.00014414184261113405,0.0013033304130658507,81.57852172851562,0.020588723942637444,15.684245109558105,-0.0001308079226873815,-0.00011905516294064,0.6446834802627563,-0.00041572240297682583,-0.0022059346083551645,0.0014811248984187841,-7.170010212576017e-05,-0.0022059346083551645,9.775404760148376e-05,0.0,0.3190993666648865,0.6000000238418579,0.6000000238418579,0.6000000238418579,0.6000000238418579
10.5,84.1603583125659,0.0013298433041200042,-0.0001226006861543283,0.0001314857800025493,0.0013298433041200042,0.0001314857800025493,0.0013298433041200042,83.15006256103516,0.02062627114355564,15.744616508483887,-0.0001226006861543283,-0.00010850118269445375,0.563166081905365,-0.00039016513619571924,-0.002064826898276806,0.0013779756845906377,-0.002217101864516735,-0.002064826898276806,0.0001065206597559154,0.0,0.29659849405288696,0.6000000238418579,0.6000000238418579,0.6000000238418579,0.6000000238418579
10.6,85.73722597677464,0.0013536687474697828,-0.00011534892837516963,0.00011957458627875894,0.0013536687474697828,0.00011957458627875894,0.0013536687474697828,84.72724151611328,0.02066066674888134,15.79726791381836,-0.00011534892837516963,-9.869562927633524e-05,0.49065932631492615,-0.0003905418561771512,-0.0019375210395082831,0.0011593045201152563,-0.0010324477916583419,-0.0019375210395082831,0.00011406842531869188,0.0,0.27682241797447205,0.6000000238418579,0.6000000238418579,0.6000000238418579,0.6000000238418579
10.700000000000001,87.31903845779301,0.0013744973111897707,-0.00010861984628718346,0.0001083750175894238,0.0013744973111897707,0.0001083750175894238,0.0013744973111897707,86.30933380126953,0.02069174498319626,15.843049049377441,-0.00010861984628718346,-8.974364754976705e-05,0.42565613985061646,-0.0004099329235032201,-0.0018207329558208585,0.00111252604983747,-0.0013388461666181684,-0.0018207329558208585,0.00012038638669764623,0.0,0.2595110833644867,0.6000000238418579,0.6000000238418579,0.6000000238418579,0.6000000238418579
10.8,88.90514489570889,0.001392274396494031,-9.994788706535473e-05,9.792644414119422e-05,0.001392274396494031,9.792644414119422e-05,0.001392274396494031,87.89569091796875,0.020719289779663086,15.882733345031738,-9.994788706535473e-05,-8.161483856383711e-05,0.3687209188938141,-0.00043512933189049363,-0.0017249590018764138,0.0009612482390366495,0.006276428699493408,-0.0017249590018764138,0.00012540275929495692,0.0,0.24443134665489197,0.6000000238418579,0.6000000238418579,0.6000000238418579,0.6000000238418579
10.9,90.49497285528987,0.0014067374868318439,-9.375135414302349e-05,8.824262476991862e-05,0.0014067374868318439,8.824262476991862e-05,0.0014067374868318439,89.4857406616211,0.0207429938018322,15.917058944702148,-9.375135414302349e-05,-7.453785656252876e-05,0.31818732619285583,-0.0004527424753177911,-0.0016264254227280617,0.0009465501643717289,-0.0011669853702187538,-0.0016264254227280617,0.00012896185216959566,0.0,0.23131883144378662,0.6000000238418579,0.6000000238418579,0.6000000238418579,0.6000000238418579
11.0,92.08801412412492,0.001417455612681806,-8.745618106331676e-05,7.917580660432577e-05,0.001417455612681806,7.917580660432577e-05,0.001417455612681806,91.0789794921875,0.020762480795383453,15.946640014648438,-8.745618106331676e-05,-6.823713192716241e-05,0.27407020330429077,-0.0004747131606563926,-0.0015366475563496351,0.0008557082619518042,-0.0008220846066251397,-0.0015366475563496351,0.00013087232946418226,0.0,0.21998627483844757,0.6000000238418579,0.6000000238418579,0.6000000238418579,0.6000000238418579
11.1,93.68382481744965,0.0014242954785004258,-8.070781041169539e-05,7.076602923916653e-05,0.0014242954785004258,7.076602923916653e-05,0.0014242954785004258,92.67495727539062,0.020777486264705658,15.972107887268066,-8.070781041169539e-05,-6.272001337492839e-05,0.23581480979919434,-0.00048506626626476645,-0.0014557865215465426,0.0007755507249385118,-0.0010710253845900297,-0.0014557865215465426,0.00013100569776725024,0.0,0.21018259227275848,0.6000000238418579,0.6000000238418579,0.6000000238418579,0.6000000238418579
11.200000000000001,95.28201961567446,0.0014271499821916223,-7.417250890284777e-05,6.30233553238213e-05,0.0014271499821916223,6.30233553238213e-05,0.0014271499821916223,94.27330017089844,0.02078785002231598,15.993993759155273,-7.417250890284777e-05,-5.7917055528378114e-05,0.20211252570152283,-0.00048275943845510483,-0.0013826172798871994,0.0006971843540668488,-0.0008509093313477933,-0.0013826172798871994,0.00012934187543578446,0.0,0.20171183347702026,0.6000000238418579,0.6000000238418579,0.6000000238418579,0.6000000238418579
11.3,96.88225820125233,0.0014259819872677326,-6.817021494498476e-05,5.5906704801600426e-05,0.0014259819872677326,5.5906704801600426e-05,0.0014259819872677326,95.87367248535156,0.020793544128537178,16.012714385986328,-6.817021494498476e-05,-5.3720494179287925e-05,0.17275017499923706,-0.0004762368043884635,-0.0013173753395676613,0.000610636081546545,-0.0007941114599816501,-0.0013173753395676613,0.00012600368063431233,0.0,0.1944490522146225,0.6000000238418579,0.6000000238418579,0.6000000238418579,0.6000000238418579
11.4,98.4842443773025,0.001420773332938552,-6.259308429434896e-05,4.936946425004862e-05,0.001420773332938552,4.936946425004862e-05,0.001420773332938552,97.47576904296875,0.02079460211098194,16.028709411621094,-6.259308429434896e-05,-5.0067501433659345e-05,0.14752939343452454,-0.0004671892966143787,-0.0012602441711351275,0.0005333488807082176,-0.0007523210369981825,-0.0012602441711351275,0.00012118239101255313,0.0,0.18821506202220917,0.6000000238418579,0.6000000238418579,0.6000000238418579,0.6000000238418579
11.5,100.08772406832661,0.0014115081867203116,-5.747765317209996e-05,4.3366952013457194e-05,0.0014115081867203116,4.3366952013457194e-05,0.0014115081867203116,99.07935333251953,0.020791083574295044,16.042362213134766,-5.747765317209996e-05,-4.6898258005967364e-05,0.12584981322288513,-0.00045752080040983856,-0.0012107371585443616,0.0004582918481901288,-0.0006045223562978208,-0.0012107371585443616,0.00011509563773870468,0.0,0.18285854160785675,0.6000000238418579,0.6000000238418579,0.6000000238418579,0.6000000238418579
11.6,101.69247846720752,0.0013981959782540798,-5.29818789800629e-05,3.7847839848836884e-05,0.0013981959782540798,3.7847839848836884e-05,0.0013981959782540798,100.68418884277344,0.020783064886927605,16.054000854492188,-5.29818789800629e-05,-4.416357114678249e-05,0.10720925778150558,-0.00044926509144715965,-0.0011678551090881228,0.00039913190994411707,-0.0006482246681116521,-0.0011678551090881228,0.00010797532013384625,0.0,0.17825312912464142,0.6000000238418579,0.6000000238418579,0.6000000238418579,0.6000000238418579
11.700000000000001,103.29831909874817,0.0013808378716930747,-4.909546987619251e-05,3.274684786447324e-05,0.0013808378716930747,3.274684786447324e-05,0.0013808378716930747,102.29010009765625,0.020770611241459846,16.063907623291016,-4.909546987619251e-05,-4.180565520073287e-05,0.09117746353149414,-0.0004427329695317894,-0.0011309266556054354,0.000341937062330544,-0.0005272034904919565,-0.0011309266556054354,0.00010004854266298935,0.0,0.17429181933403015,0.6000000238418579,0.6000000238418579,0.6000000238418579,0.6000000238418579
11.8,104.9050836076337,0.0013594308402389288,-4.581422035698779e-05,2.8005610147374682e-05,0.0013594308402389288,2.8005610147374682e-05,0.0013594308402389288,103.89693450927734,0.020753774791955948,16.072322845458984,-4.581422035698779e-05,-3.9775652112439275e-05,0.07717985659837723,-0.00043689171434380114,-0.0010991878807544708,0.0002979535493068397,-0.0003923468175344169,-0.0010991878807544708,9.1526671894826e-05,0.0,0.17088697850704193,0.6000000238418579,0.6000000238418579,0.6000000238418579,0.6000000238418579
11.9,106.51262984744852,0.0013339589349925518,-4.320400330470875e-05,2.3557679014629684e-05,0.0013339589349925518,2.3557679014629684e-05,0.0013339589349925518,105.50453186035156,0.02073260210454464,16.07942008972168,-4.320400330470875e-05,-3.8010093703633174e-05,0.06496274471282959,-0.0004335329285822809,-0.0010717654367908835,0.0002512950450181961,-0.0004291122604627162,-0.0010717654367908835,8.261618495453149e-05,0.0,0.1679890751838684,0.6000000238418579,0.6000000238418579,0.6000000238418579,0.6000000238418579
12.0,108.12083427467566,0.0013043918879702687,-4.1027116822078824e-05,1.934812644321937e-05,0.0013043918879702687,1.934812644321937e-05,0.0013043918879702687,107.11278533935547,0.02070711739361286,16.085386276245117,-4.1027116822078824e-05,-3.6477762478170916e-05,0.05456843972206116,-0.00043367338366806507,-0.0010486996034160256,0.00021109396766405553,-0.00038414509617723525,-0.0010486996034160256,7.350624218815938e-05,0.0,0.1655247062444687,0.6000000238418579,0.6000000238418579,0.6000000238418579,0.6000000238418579
12.1,109.72959212873855,0.001270670909434557,-3.9203652704600245e-05,1.533855356683489e-05,0.001270670909434557,1.533855356683489e-05,0.001270670909434557,108.7215805053711,0.020677313208580017,16.090394973754883,-3.9203652704600245e-05,-3.515606658766046e-05,0.045726578682661057,-0.0004363848711363971,-0.001029456383548677,0.000174918764969334,-0.00033761258237063885,-0.001029456383548677,6.435067189158872e-05,0.0,0.16342809796333313,0.6000000238418579,0.6000000238418579,0.6000000238418579,0.6000000238418579
12.200000000000001,111.33881418815169,0.0012327282456681132,-3.7723424611613154e-05,1.149429317592876e-05,0.0012327282456681132,1.149429317592876e-05,0.0012327282456681132,110.33084106445312,0.02064315788447857,16.094585418701172,-3.7723424611613154e-05,-3.4026059438474476e-05,0.03820750117301941,-0.00044164847349748015,-0.0010135859483852983,0.00014357811596710235,-0.00029107427690178156,-0.0010135859483852983,5.527808752958663e-05,0.0,0.16164462268352509,0.6000000238418579,0.6000000238418579,0.6000000238418579,0.6000000238418579
12.3,112.94842442092403,0.001190482871606946,-3.6577748687705025e-05,7.781399290252011e-06,0.001190482871606946,7.781399290252011e-06,0.001190482871606946,111.94048309326172,0.02060459740459919,16.098079681396484,-3.6577748687705025e-05,-3.3067593903979287e-05,0.03181636705994606,-0.00044885085662826896,-0.0010006292723119259,0.00011645502672763541,-0.00025319118867628276,-0.0010006292723119259,4.639297185349278e-05,0.0,0.16012822091579437,0.6000000238418579,0.6000000238418579,0.6000000238418579,0.6000000238418579
12.4,114.55835809300623,0.0011438439833000302,-3.561788980732672e-05,4.169451585767092e-06,0.0011438439833000302,4.169451585767092e-06,0.0011438439833000302,113.5504379272461,0.02056155912578106,16.10098648071289,-3.561788980732672e-05,-3.22502019116655e-05,0.0263882577419281,-0.0004523416864685714,-0.0009907640051096678,7.036257738946006e-05,-0.00048291677376255393,-0.0009907640051096678,3.7782516301376745e-05,0.0,0.15883994102478027,0.6000000238418579,0.6000000238418579,0.6000000238418579,0.6000000238418579
12.5,116.16856016210194,0.0010927816620096564,-3.47207642334979e-05,6.558369136655529e-07,0.0010927816620096564,6.558369136655529e-07,0.0010927816620096564,115.16065979003906,0.020513998344540596,16.103391647338867,-3.47207642334979e-05,-3.155950616928749e-05,0.021783214062452316,-0.0004593371122609824,-0.0009853066876530647,4.3075116991531104e-05,-0.00021031475625932217,-0.0009853066876530647,2.9550619728979655e-05,0.0,0.15774671733379364,0.6000000238418579,0.6000000238418579,0.6000000238418579,0.6000000238418579
12.6,117.77898390659385,0.0010371783282607794,-3.4323125873925164e-05,-2.7923624656978063e-06,0.0010371783282607794,-2.7923624656978063e-06,0.0010371783282607794,116.77110290527344,0.02046184428036213,16.105371475219727,-3.4323125873925164e-05,-3.0985222110757604e-05,0.01788211427628994,-0.0004689389024861157,-0.0009820150444284081,2.371651316934731e-05,-0.0001676444080658257,-0.0009820150444284081,2.17942833842244e-05,0.0,0.1568204015493393,0.6000000238418579,0.6000000238418579,0.6000000238418579,0.6000000238418579
12.700000000000001,119.38958974613877,0.0009768747258931398,-3.437479244894348e-05,-6.224031494639348e-06,0.0009768747258931398,-6.224031494639348e-06,0.0009768747258931398,118.38172912597656,0.020405001938343048,16.106990814208984,-3.437479244894348e-05,-3.049934093724005e-05,0.014583580195903778,-0.0004823792551178485,-0.000980400131084025,9.521561878500506e-06,-0.00011967994214501232,-0.000980400131084025,1.4587485566153191e-05,0.0,0.15603697299957275,0.6000000238418579,0.6000000238418579,0.6000000238418579,0.6000000238418579
12.8,121.00034421650338,0.0009116952423937619,-3.473905235296115e-05,-9.677500202087685e-06,0.0009116952423937619,-9.677500202087685e-06,0.0009116952423937619,119.99249267578125,0.02034333348274231,16.108306884765625,-3.473905235296115e-05,-3.0085806429269724e-05,0.011800889857113361,-0.0004990436136722565,-0.0009799902327358723,-6.842097377557366e-07,-8.71789816301316e-05,-0.0009799902327358723,7.965496479300782e-06,0.0,0.1553758680820465,0.6000000238418579,0.6000000238418579,0.6000000238418579,0.6000000238418579
12.9,122.61121908775048,0.0008414494805037975,-3.536549411364831e-05,-1.3179097550164443e-05,0.0008414494805037975,-1.3179097550164443e-05,0.0008414494805037975,121.60337829589844,0.02027667500078678,16.1093692779541,-3.536549411364831e-05,-2.974004382849671e-05,0.00945975724607706,-0.0005202022148296237,-0.0009801783598959446,2.1229350295470795e-06,4.4557731598615646e-05,-0.0009801783598959446,1.9272263216407737e-06,0.0,0.15481945872306824,0.6000000238418579,0.6000000238418579,0.6000000238418579,0.6000000238418579
13.0,124.22219060501672,0.0007659030379727483,-3.622072472353466e-05,-1.675777275522705e-05,0.0007659030379727483,-1.675777275522705e-05,0.0007659030379727483,123.21436309814453,0.0202048160135746,16.110214233398438,-3.622072472353466e-05,-2.945141568488907e-05,0.007496322505176067,-0.0005413703620433807,-0.000980062410235405,-1.0381442052675993e-06,-4.6105309593258426e-05,-0.000980062410235405,-3.5667058000399265e-06,0.0,0.15435262024402618,0.6000000238418579,0.6000000238418579,0.6000000238418579,0.6000000238418579
13.1,125.83323884139,0.0006848495686426759,-3.7061447073938325e-05,-2.042173218796961e-05,0.0006848495686426759,-2.042173218796961e-05,0.0006848495686426759,124.8254165649414,0.020127544179558754,16.11087989807129,-3.7061447073938325e-05,-2.9209097192506306e-05,0.005855678115040064,-0.0005622633616439998,-0.0009803872089833021,-5.439874712465098e-06,-4.627494854503311e-05,-0.0009803872089833021,-8.56792576087173e-06,0.0,0.15396235883235931,0.6000000238418579,0.6000000238418579,0.6000000238418579,0.6000000238418579
13.200000000000001,127.44434714158795,0.0005980919813737273,-3.788105823332444e-05,-2.4168484742403962e-05,0.0005980919813737273,-2.4168484742403962e-05,0.0005980919813737273,126.43653106689453,0.020044652745127678,16.11139678955078,-3.788105823332444e-05,-2.9010881917201914e-05,0.004490656312555075,-0.000582123757340014,-0.0009811741765588522,-1.0313886377844028e-05,-5.0182970880996436e-05,-0.0009811741765588522,-1.3122607924742624e-05,0.0,0.15363746881484985,0.6000000238418579,0.6000000238418579,0.6000000238418579,0.6000000238418579
13.3,129.05550164110184,0.000505434290971607,-3.8716250855941325e-05,-2.7997650249744765e-05,0.000505434290971607,-2.7997650249744765e-05,0.000505434290971607,128.04769897460938,0.019955940544605255,16.111787796020508,-3.8716250855941325e-05,-2.8851081879111007e-05,0.0033606227952986956,-0.0006011562654748559,-0.000982459052465856,-1.5318637451855466e-05,-4.922764856019057e-05,-0.000982459052465856,-1.726221489661839e-05,0.0,0.15336833894252777,0.6000000238418579,0.6000000238418579,0.6000000238418579,0.6000000238418579
13.4,130.6666908538977,0.0004066811816301197,-3.959625246352516e-05,-3.191239375155419e-05,0.0004066811816301197,-3.191239375155419e-05,0.0004066811816301197,129.6588897705078,0.019861217588186264,16.112075805664062,-3.959625246352516e-05,-2.8722688512061723e-05,0.002430574968457222,-0.0006198200862854719,-0.0009842331055551767,-2.004322232096456e-05,-4.495695611694828e-05,-0.0009842331055551767,-2.1008971089031547e-05,0.0,0.1531466692686081,0.6000000238418579,0.6000000238418579,0.6000000238418579,0.6000000238418579
13.5,132.2779053183878,0.00030163791961967945,-4.053101656609215e-05,-3.591783388401382e-05,0.00030163791961967945,-3.591783388401382e-05,0.00030163791961967945,131.27011108398438,0.01976029761135578,16.112279891967773,-4.053101656609215e-05,-2.8619559088838287e-05,0.0016703730216249824,-0.0006385191227309406,-0.0009864548919722438,-2.425110142212361e-05,-3.906579513568431e-05,-0.0009864548919722438,-2.4380788090638816e-05,0.0,0.15296532213687897,0.6000000238418579,0.6000000238418579,0.6000000238418579,0.6000000238418579
13.6,133.88913729300359,0.00019010993128176779,-4.15173708461225e-05,-4.001936031272635e-05,0.00019010993128176779,-4.001936031272635e-05,0.00019010993128176779,132.88134765625,0.019652992486953735,16.112415313720703,-4.15173708461225e-05,-2.8537237085402012e-05,0.0010540717048570514,-0.0006574633298441768,-0.0009890664368867874,-2.784027674351819e-05,-3.283417026977986e-05,-0.0009890664368867874,-2.7395588404033333e-05,0.0,0.15281817317008972,0.6000000238418579,0.6000000238418579,0.6000000238418579,0.6000000238418579
13.700000000000001,135.50038049416315,7.190227188402787e-05,-4.254697705619037e-05,-4.4221742427907884e-05,7.190227188402787e-05,-4.4221742427907884e-05,7.190227188402787e-05,134.49258422851562,0.019539112225174904,16.11249542236328,-4.254697705619037e-05,-2.8472628400777467e-05,0.0005593466921709478,-0.0006766843143850565,-0.0009920063894242048,-3.0833649361738935e-05,-2.723037869145628e-05,-0.0009920063894242048,-3.0073664675001055e-05,0.0,0.15269990265369415,0.6000000238418579,0.6000000238418579,0.6000000238418579,0.6000000238418579
13.8,137.11162987067289,-5.318078547134064e-05,-4.3611562432488427e-05,-4.852887286688201e-05,-5.318078547134064e-05,-4.852887286688201e-05,-5.318078547134064e-05,136.1038360595703,0.019418464973568916,16.112531661987305,-4.3611562432488427e-05,-2.8423366529750638e-05,0.00016700141713954508,-0.0006961207836866379,-0.0009952187538146973,-3.331049811094999e-05,-2.249592034786474e-05,-0.0009952187538146973,-3.243621904402971e-05,0.0,0.15260598063468933,0.6000000238418579,0.6000000238418579,0.6000000238418579,0.6000000238418579
13.9,138.72288140959031,-0.00018533597176428884,-4.470475687412545e-05,-5.294392758514732e-05,-0.00018533597176428884,-5.294392758514732e-05,-0.00018533597176428884,137.715087890625,0.019290857017040253,16.112531661987305,-4.470475687412545e-05,-2.8387359634507447e-05,-0.00013945656246505678,-0.000715692644007504,-0.000998656265437603,-3.535354699124582e-05,-1.8512113456381485e-05,-0.000998656265437603,-3.450236908975057e-05,0.0,0.15253247320652008,0.6000000238418579,0.6000000238418579,0.6000000238418579,0.6000000238418579
14.0,140.33413196933407,-0.000324760825606063,-4.582179099088535e-05,-5.74695150135085e-05,-0.000324760825606063,-5.74695150135085e-05,-0.000324760825606063,139.3263397216797,0.019156094640493393,16.112506866455078,-4.582179099088535e-05,-2.8362621378619224e-05,-0.00037418046849779785,-0.000735338544473052,-0.0010022789938375354,-3.7027421058155596e-05,-1.505926684330916e-05,-0.0010022789938375354,-3.6292167351348326e-05,0.0,0.15247605741024017,0.6000000238418579,0.6000000238418579,0.6000000238418579,0.6000000238418579
14.1,141.94537913642836,-0.00047165335854515433,-4.6958601160440594e-05,-6.210781430127099e-05,-0.00047165335854515433,-6.210781430127099e-05,-0.00047165335854515433,140.93759155273438,0.01901397667825222,16.112459182739258,-4.6958601160440594e-05,-2.834729093592614e-05,-0.0005492981290444732,-0.0007550188456661999,-0.00100605224724859,-3.83710976166185e-05,-1.1929542779398616e-05,-0.00100605224724859,-3.7826546758878976e-05,0.0,0.152433842420578,0.6000000238418579,0.6000000238418579,0.6000000238418579,0.6000000238418579
14.200000000000001,143.5566211027402,-0.0006262118113227189,-4.811116377823055e-05,-6.686061533400789e-05,-0.0006262118113227189,-6.686061533400789e-05,-0.0006262118113227189,142.54884338378906,0.018864311277866364,16.112398147583008,-4.811116377823055e-05,-2.8339707569102757e-05,-0.00067518325522542,-0.0007747058989480138,-0.0010099448263645172,-3.942548937629908e-05,-9.249784852727316e-06,-0.0010099448263645172,-3.9126909541664645e-05,0.0,0.1524033546447754,0.6000000238418579,0.6000000238418579,0.6000000238418579,0.6000000238418579
14.3,145.1678565604833,-0.000788634002674371,-4.9275531637249514e-05,-7.172928599175066e-05,-0.000788634002674371,-7.172928599175066e-05,-0.000788634002674371,144.1600799560547,0.018706897273659706,16.11232566833496,-4.9275531637249514e-05,-2.833845792338252e-05,-0.0007606899598613381,-0.0007943769451230764,-0.0010139299556612968,-4.023115980089642e-05,-6.947608198970556e-06,-0.0010139299556612968,-4.0214836189989e-05,0.0,0.1523825079202652,0.6000000238418579,0.6000000238418579,0.6000000238418579,0.6000000238418579
14.4,146.7790846126063,-0.0009591174311935902,-5.044813224230893e-05,-7.671482308069244e-05,-0.0009591174311935902,-7.671482308069244e-05,-0.0009591174311935902,145.77130126953125,0.018541542813181877,16.112247467041016,-5.044813224230893e-05,-2.8342370569589548e-05,-0.0008133561932481825,-0.0008140094578266144,-0.001017984701320529,-4.082485975231975e-05,-5.003460046282271e-06,-0.001017984701320529,-4.111129601369612e-05,0.0,0.15236949920654297,0.6000000238418579,0.6000000238418579,0.6000000238418579,0.6000000238418579
14.5,148.3903046964951,-0.0011378588387742639,-5.162590605323203e-05,-8.181791054084897e-05,-0.0011378588387742639,-8.181791054084897e-05,-0.0011378588387742639,147.3825225830078,0.01836804673075676,16.112163543701172,-5.162590605323203e-05,-2.8350470529403538e-05,-0.0008395807817578316,-0.0008335820166394114,-0.0010220895055681467,-4.124101542402059e-05,-3.387641754670767e-06,-0.0010220895055681467,-4.18346535298042e-05,0.0,0.15236282348632812,0.6000000238418579,0.6000000238418579,0.6000000238418579,0.6000000238418579
14.6,150.00151651919293,-0.001325053977780044,-5.28063319507055e-05,-8.703891944605857e-05,-0.001325053977780044,-8.703891944605857e-05,-0.001325053977780044,148.9937286376953,0.018186217173933983,16.112079620361328,-5.28063319507055e-05,-2.836193198163528e-05,-0.0008447772124782205,-0.0008530760533176363,-0.001026228303089738,-4.151127359364182e-05,-2.200801645813044e-06,-0.001026228303089738,-4.240216003381647e-05,0.0,0.1523611694574356,0.6000000238418579,0.6000000238418579,0.6000000238418579,0.6000000238418579
14.700000000000001,151.61271999705585,-0.0015208979602903128,-5.398876965045929e-05,-9.237805352313444e-05,-0.0015208979602903128,-9.237805352313444e-05,-0.0015208979602903128,150.6049346923828,0.01799585670232773,16.111995697021484,-5.398876965045929e-05,-2.8376036425470375e-05,-0.0008368777926079929,-0.0008725007064640522,-0.001030392711982131,-4.184741192148067e-05,-5.273182523524156e-06,-0.001030392711982131,-4.283033558749594e-05,0.0,0.15236259996891022,0.6000000238418579,0.6000000238418579,0.6000000238418579,0.6000000238418579
14.8,153.22391518827934,-0.0017255860147997737,-5.5176842579385266e-05,-9.783566201804206e-05,-0.0017255860147997737,-9.783566201804206e-05,-0.0017255860147997737,152.2161407470703,0.017796773463487625,16.111913681030273,-5.5176842579385266e-05,-2.8391912564984523e-05,-0.0008158345008268952,-0.0008917906670831144,-0.0010346054332330823,-4.245166201144457e-05,-8.17895579530159e-06,-0.0010346054332330823,-4.31349290010985e-05,0.0,0.15236727893352509,0.6000000238418579,0.6000000238418579,0.6000000238418579,0.6000000238418579
14.9,154.83510228941515,-0.0019393152324482799,-5.6376808061031625e-05,-0.00010341263259761035,-0.0019393152324482799,-0.00010341263259761035,-0.0019393152324482799,153.8273162841797,0.017588771879673004,16.111833572387695,-5.6376808061031625e-05,-2.8408738216967322e-05,-0.0007837561424821615,-0.0009113281848840415,-0.0010388896334916353,-4.317262573749758e-05,-5.866853825864382e-06,-0.0010388896334916353,-4.333086690166965e-05,0.0,0.15237462520599365,0.6000000238418579,0.6000000238418579,0.6000000238418579,0.6000000238418579
15.0,156.44628160883494,-0.0021622804924845695,-5.7587993069319054e-05,-0.00010911019489867613,-0.0021622804924845695,-0.00010911019489867613,-0.0021622804924845695,155.43850708007812,0.017371658235788345,16.111757278442383,-5.7587993069319054e-05,-2.8427668439690024e-05,-0.0007437311578541994,-0.0009313038899563253,-0.00104323192499578,-4.361224637250416e-05,-2.5554718376952223e-06,-0.00104323192499578,-4.343504406278953e-05,0.0,0.15238387882709503,0.6000000238418579,0.6000000238418579,0.6000000238418579,0.6000000238418579
15.1,158.05745353521715,-0.002394678769633174,-5.880817479919642e-05,-0.00011492930207168683,-0.002394678769633174,-0.00011492930207168683,-0.002394678769633174,157.04966735839844,0.017145231366157532,16.111684799194336,-5.880817479919642e-05,-2.844907794496976e-05,-0.0006982625345699489,-0.0009512435062788427,-0.0010476097231730819,-4.3991502025164664e-05,-5.16635464009596e-06,-0.0010476097231730819,-4.3468837247928604e-05,0.0,0.15239445865154266,0.6000000238418579,0.6000000238418579,0.6000000238418579,0.6000000238418579
15.200000000000001,159.66861851001445,-0.002636711113154888,-6.004238093737513e-05,-0.00012087107461411506,-0.002636711113154888,-0.00012087107461411506,-0.002636711113154888,158.6608428955078,0.016909293830394745,16.111616134643555,-6.004238093737513e-05,-2.847153700713534e-05,-0.0006494869012385607,-0.0009712015744298697,-0.0010520362993702292,-4.4537704525282606e-05,-5.3825451686861925e-06,-0.0010520362993702292,-4.345453635323793e-05,0.0,0.15240582823753357,0.6000000238418579,0.6000000238418579,0.6000000238418579,0.6000000238418579
15.3,161.279777009452,-0.0028885805513709784,-6.129427492851391e-05,-0.00012693712778855115,-0.0028885805513709784,-0.00012693712778855115,-0.0028885805513709784,160.27200317382812,0.016663644462823868,16.111555099487305,-6.129427492851391e-05,-2.8494121579569764e-05,-0.0005990834324620664,-0.0009913654066622257,-0.0010565252741798759,-4.537795757642016e-05,-1.2890023754152935e-05,-0.0010565252741798759,-4.341455496614799e-05,0.0,0.1524176299571991,0.6000000238418579,0.6000000238418579,0.6000000238418579,0.6000000238418579
15.4,162.89092952872173,-0.0031504922080785036,-6.257164204725996e-05,-0.0001331295061390847,-0.0031504922080785036,-0.0001331295061390847,-0.0031504922080785036,161.88314819335938,0.016408080235123634,16.11149787902832,-6.257164204725996e-05,-2.8516857128124684e-05,-0.0005483680870383978,-0.00101200002245605,-0.0010611368343234062,-4.689445995609276e-05,-1.655952110013459e-05,-0.0010611368343234062,-4.337332575232722e-05,0.0,0.15242953598499298,0.6000000238418579,0.6000000238418579,0.6000000238418579,0.6000000238418579
15.5,164.50207656795638,-0.003422657260671258,-6.388912152033299e-05,-0.0001394514983985573,-0.003422657260671258,-0.0001394514983985573,-0.003422657260671258,163.49429321289062,0.01614239811897278,16.1114444732666,-6.388912152033299e-05,-2.8539994673337787e-05,-0.0004985042032785714,-0.0010332928504794836,-0.0010659124236553907,-4.862139394390397e-05,-1.7762167772161774e-05,-0.0010659124236553907,-4.335954872658476e-05,0.0,0.15244124829769135,0.6000000238418579,0.6000000238418579,0.6000000238418579,0.6000000238418579
15.6,166.11321862006875,-0.0037052943371236324,-6.525566277559847e-05,-0.000145907630212605,-0.0037052943371236324,-0.000145907630212605,-0.0037052943371236324,165.10543823242188,0.01586638204753399,16.11139678955078,-6.525566277559847e-05,-2.856348510249518e-05,-0.0004502750816754997,-0.0010553625179454684,-0.0010708649642765522,-5.0413898861734197e-05,-1.79660946741933e-05,-0.0010708649642765522,-4.3406653276178986e-05,0.0,0.15245258808135986,0.6000000238418579,0.6000000238418579,0.6000000238418579,0.6000000238418579
15.700000000000001,167.72435616278793,-0.0039986297488212585,-6.667453999398276e-05,-0.0001525029947515577,-0.0039986297488212585,-0.0001525029947515577,-0.0039986297488212585,166.71656799316406,0.015579813160002232,16.11135482788086,-6.667453999398276e-05,-2.8587244742084295e-05,-0.00040418049320578575,-0.0010782694444060326,-0.0010759967844933271,-5.220014281803742e-05,-1.76994417415699e-05,-0.0010759967844933271,-4.353241092758253e-05,0.0,0.15246345102787018,0.6000000238418579,0.6000000238418579,0.6000000238418579,0.6000000238418579
15.8,169.33548965366384,-0.004302898421883583,-6.814610969740897e-05,-0.00015924284525681287,-0.004302898421883583,-0.00015924284525681287,-0.004302898421883583,168.3277130126953,0.015282460488379002,16.111316680908203,-6.814610969740897e-05,-2.861126085917931e-05,-0.0003605701494961977,-0.0011020265519618988,-0.0010813049739226699,-5.393486935645342e-05,-1.6957490515778773e-05,-0.0010813049739226699,-4.37440030509606e-05,0.0,0.15247373282909393,0.6000000238418579,0.6000000238418579,0.6000000238418579,0.6000000238418579
15.9,170.9466195263573,-0.004618342965841293,-6.966946239117533e-05,-0.00016613243496976793,-0.004618342965841293,-0.00016613243496976793,-0.004618342965841293,169.9388427734375,0.014974086545407772,16.111282348632812,-6.966946239117533e-05,-2.863554982468486e-05,-0.0003196763282176107,-0.0011266341898590326,-0.001086789183318615,-5.590299406321719e-05,-2.678108648979105e-05,-0.001086789183318615,-4.405652725836262e-05,0.0,0.15248337388038635,0.6000000238418579,0.6000000238418579,0.6000000238418579,0.6000000238418579
16.0,172.5577461880612,-0.00494521576911211,-7.125369302229956e-05,-0.00017317719175480306,-0.00494521576911211,-0.00017317719175480306,-0.00494521576911211,171.5499725341797,0.014654446393251419,16.111251831054688,-7.125369302229956e-05,-2.8660560928983614e-05,-0.0002816353808157146,-0.001152343233115971,-0.0010925359092652798,-5.9141886595170945e-05,-3.5804292565444484e-05,-0.0010925359092652798,-4.449379412108101e-05,0.0,0.15249235928058624,0.6000000238418579,0.6000000238418579,0.6000000238418579,0.6000000238418579
16.1,174.16887001791093,-0.005283782724291086,-7.292565715033561e-05,-0.00018038449343293905,-0.005283782724291086,-0.00018038449343293905,-0.005283782724291086,173.1610870361328,0.014323282055556774,16.111225128173828,-7.292565715033561e-05,-2.8686776204267517e-05,-0.0002465069410391152,-0.0011794717283919454,-0.001098636887036264,-6.28848938504234e-05,-3.8534359191544354e-05,-0.001098636887036264,-4.509016434894875e-05,0.0,0.1525006741285324,0.6000000238418579,0.6000000238418579,0.6000000238418579,0.6000000238418579
16.2,175.77999136625414,-0.005634326953440905,-7.470415584975854e-05,-0.00018776416254695505,-0.005634326953440905,-0.00018776416254695505,-0.005634326953440905,174.772216796875,0.01398032158613205,16.111202239990234,-7.470415584975854e-05,-2.8713911888189614e-05,-0.00021428985928650945,-0.001208258094266057,-0.001105121336877346,-6.676979683106765e-05,-3.886295962729491e-05,-0.001105121336877346,-4.589257878251374e-05,0.0,0.15250828862190247,0.6000000238418579,0.6000000238418579,0.6000000238418579,0.6000000238418579
16.3,177.3911105545943,-0.005997149273753166,-7.659555558348075e-05,-0.0001953272585524246,-0.005997149273753166,-0.0001953272585524246,-0.005997149273753166,176.38333129882812,0.01362527720630169,16.111183166503906,-7.659555558348075e-05,-2.8741676942445338e-05,-0.00018493452807888389,-0.0012388412142172456,-0.00111199333332479,-7.061728683765978e-05,-3.799884143518284e-05,-0.00111199333332479,-4.692332731792703e-05,0.0,0.1525152325630188,0.6000000238418579,0.6000000238418579,0.6000000238418579,0.6000000238418579
16.4,179.00222787603963,-0.006372567731887102,-7.859913603169844e-05,-0.00020308505918364972,-0.006372567731887102,-0.00020308505918364972,-0.006372567731887102,177.99444580078125,0.013257843442261219,16.11116600036621,-7.859913603169844e-05,-2.8770060453098267e-05,-0.00015835367958061397,-0.0012712489115074277,-0.0011192441452294588,-7.433045539073646e-05,-3.608338738558814e-05,-0.0011192441452294588,-4.8165544285438955e-05,0.0,0.1525215357542038,0.6000000238418579,0.6000000238418579,0.6000000238418579,0.6000000238418579
16.5,180.6133435961823,-0.006760916672646999,-8.071100455708802e-05,-0.00021104863844811916,-0.006760916672646999,-0.00021104863844811916,-0.006760916672646999,179.60556030273438,0.012877694331109524,16.11115074157715,-8.071100455708802e-05,-2.8799242500099353e-05,-0.00013443852367345244,-0.001305459183640778,-0.0011268608504906297,-7.818963058525696e-05,-5.231279646977782e-05,-0.0011268608504906297,-4.9616337491897866e-05,0.0,0.15252721309661865,0.6000000238418579,0.6000000238418579,0.6000000238418579,0.6000000238418579
16.6,182.22445795465018,-0.007162550464272499,-8.294422877952456e-05,-0.00021922902669757605,-0.007162550464272499,-0.00021922902669757605,-0.007162550464272499,181.2166748046875,0.012484489940106869,16.11113929748535,-8.294422877952456e-05,-2.883043089241255e-05,-0.00011303796054562554,-0.0013419564347714186,-0.0011350176064297557,-8.540422277292237e-05,-8.490517939208075e-05,-0.0011350176064297557,-5.129127748659812e-05,0.0,0.15253227949142456,0.6000000238418579,0.6000000238418579,0.6000000238418579,0.6000000238418579
16.7,183.83557116545362,-0.007577852346003056,-8.536918176105246e-05,-0.0002276415762025863,-0.007577852346003056,-0.0002276415762025863,-0.007577852346003056,182.82778930664062,0.01207786239683628,16.111127853393555,-8.536918176105246e-05,-2.8865137210232206e-05,-9.399464761372656e-05,-0.0013815938727930188,-0.0011440099915489554,-9.452866652281955e-05,-9.565737855155021e-05,-0.0011440099915489554,-5.322813012753613e-05,0.0,0.1525368094444275,0.6000000238418579,0.6000000238418579,0.6000000238418579,0.6000000238418579
16.8,185.4466834184057,-0.008007247932255268,-8.804765820968896e-05,-0.00023630881332792342,-0.008007247932255268,-0.00023630881332792342,-0.008007247932255268,184.43890380859375,0.011657415889203548,16.111120223999023,-8.804765820968896e-05,-2.8902737540192902e-05,-7.716285472270101e-05,-0.0014251669635996222,-0.001153952325694263,-0.00010425602522445843,-9.793666686164215e-05,-0.001153952325694263,-5.549397610593587e-05,0.0,0.15254080295562744,0.6000000238418579,0.6000000238418579,0.6000000238418579,0.6000000238418579
16.9,187.05779488143295,-0.008451205678284168,-9.100446186494082e-05,-0.000245257600909099,-0.008451205678284168,-0.000245257600909099,-0.008451205678284168,186.05001831054688,0.011222712695598602,16.111112594604492,-9.100446186494082e-05,-2.8942409699084237e-05,-6.237612979020923e-05,-0.0014731520786881447,-0.0011648709187284112,-0.0001139952291850932,-9.661185322329402e-05,-0.0011648709187284112,-5.814879114041105e-05,0.0,0.1525443196296692,0.6000000238418579,0.6000000238418579,0.6000000238418579,0.6000000238418579
17.0,188.66890570213727,-0.00891023501753807,-9.424187010154128e-05,-0.0002545159659348428,-0.00891023501753807,-0.0002545159659348428,-0.00891023501753807,187.6611328125,0.01077327411621809,16.111106872558594,-9.424187010154128e-05,-2.8984059099457227e-05,-4.946921399096027e-05,-0.001525701954960823,-0.0011767533142119646,-0.00012348887685220689,-9.262889216188341e-05,-0.0011767533142119646,-6.118579040048644e-05,0.0,0.15254738926887512,0.6000000238418579,0.6000000238418579,0.6000000238418579,0.6000000238418579
17.1,190.2800160093397,-0.009384891018271446,-9.775215585250407e-05,-0.0002641117025632411,-0.009384891018271446,-0.0002641117025632411,-0.009384891018271446,189.27223205566406,0.010308573953807354,16.111103057861328,-9.775215585250407e-05,-2.902808046201244e-05,-3.8280286389635876e-05,-0.001582721364684403,-0.0011895616771653295,-0.0001326343190157786,-0.0001010565465549007,-0.0011895616771653295,-6.462696910602972e-05,0.0,0.15255005657672882,0.6000000238418579,0.6000000238418579,0.6000000238418579,0.6000000238418579
17.2,191.8911259146704,-0.009875769726932049,-0.00010154129995498806,-0.00027407187735661864,-0.009875769726932049,-0.00027407187735661864,-0.009875769726932049,190.8833465576172,0.00982804223895073,16.111099243164062,-0.00010154129995498806,-2.9075765269226395e-05,-2.8650645617744885e-05,-0.0016446888912469149,-0.0012034773826599121,-0.00014670880045741796,-0.00016927241813391447,-0.0012034773826599121,-6.85395352775231e-05,0.0,0.15255235135555267,0.6000000238418579,0.6000000238418579,0.6000000238418579,0.6000000238418579
17.3,193.5022355141037,-0.010383528657257557,-0.00010571306484052911,-0.00028442873735912144,-0.010383528657257557,-0.00028442873735912144,-0.010383528657257557,192.4944610595703,0.009331056848168373,16.11109733581543,-0.00010571306484052911,-2.913062780862674e-05,-2.0424155081855133e-05,-0.001713216071948409,-0.0012190465349704027,-0.00016481576312799007,-0.0001892246218631044,-0.0012190465349704027,-7.30402025510557e-05,0.0,0.15255430340766907,0.6000000238418579,0.6000000238418579,0.6000000238418579,0.6000000238418579
17.400000000000002,195.11334488945974,-0.01090890821069479,-0.00011038310913136229,-0.0002952267532236874,-0.01090890821069479,-0.0002952267532236874,-0.01090890821069479,194.10556030273438,0.008816932328045368,16.111095428466797,-0.00011038310913136229,-2.9192666261224076e-05,-1.3452198800223414e-05,-0.001789527595974505,-0.0012364975409582257,-0.00018409802578389645,-0.00019449670799076557,-0.0012364975409582257,-7.830761751392856e-05,0.0,0.15255597233772278,0.6000000238418579,0.6000000238418579,0.6000000238418579,0.6000000238418579
17.5,196.72445410974245,-0.011452731676399708,-0.00011560344864847139,-0.00030651880661025643,-0.011452731676399708,-0.00030651880661025643,-0.011452731676399708,195.7166748046875,0.00828490313142538,16.111095428466797,-0.00011560344864847139,-2.9260088922455907e-05,-7.597876901854761e-06,-0.0018744847038760781,-0.0012558870948851109,-0.0002034481440205127,-0.00019169329607393593,-0.0012558870948851109,-8.452578913420439e-05,0.0,0.152557373046875,0.6000000238418579,0.6000000238418579,0.6000000238418579,0.6000000238418579
17.6,198.33556323244403,-0.01201591081917286,-0.00012138114834669977,-0.0003183605440426618,-0.01201591081917286,-0.0003183605440426618,-0.01201591081917286,197.32778930664062,0.007734120823442936,16.111093521118164,-0.00012138114834669977,-2.9332151825656183e-05,-2.736414671744569e-06,-0.00196842267177999,-0.0012771924957633018,-0.00022235017968341708,-0.00018439459381625056,-0.0012771924957633018,-9.16486606001854e-05,0.0,0.15255853533744812,0.6000000238418579,0.6000000238418579,0.6000000238418579,0.6000000238418579
17.7,199.94667230490683,-0.012599440291523933,-0.00012770171451848,-0.000330807117279619,-0.012599440291523933,-0.000330807117279619,-0.012599440291523933,198.9388885498047,0.007163645699620247,16.111093521118164,-0.00012770171451848,-2.940923150163144e-05,1.2474873756218585e-06,-0.002071196911856532,-0.0013003379572182894,-0.00024020242562983185,-0.00017542306159157306,-0.0013003379572182894,-9.96303278952837e-05,0.0,0.15255948901176453,0.6000000238418579,0.6000000238418579,0.6000000238418579,0.6000000238418579
17.8,201.55778136562097,-0.013204401358962059,-0.00013454754662234336,-0.00034391169901937246,-0.013204401358962059,-0.00034391169901937246,-0.013204401358962059,200.5500030517578,0.006572449579834938,16.111093521118164,-0.00013454754662234336,-2.9492381145246327e-05,4.4619105210585985e-06,-0.0021828010212630033,-0.001325357356108725,-0.0002612487296573818,-0.00024419103283435106,-0.001325357356108725,-0.00010851364640984684,0.0,0.1525602638721466,0.6000000238418579,0.6000000238418579,0.6000000238418579,0.6000000238418579
17.900000000000002,203.16889044533653,-0.013831966556608677,-0.00014199072029441595,-0.0003577293537091464,-0.013831966556608677,-0.0003577293537091464,-0.013831966556608677,202.16111755371094,0.005959415342658758,16.111095428466797,-0.00014199072029441595,-2.9585344236693345e-05,7.010554327280261e-06,-0.0023045993875712156,-0.0013527658302336931,-0.0002869961899705231,-0.0002654347044881433,-0.0013527658302336931,-0.00011843094398500398,0.0,0.15256088972091675,0.6000000238418579,0.6000000238418579,0.6000000238418579,0.6000000238418579
18.0,204.77999956805044,-0.014483428560197353,-0.00015014705422800034,-0.0003723258851096034,-0.014483428560197353,-0.0003723258851096034,-0.014483428560197353,203.772216796875,0.005323324352502823,16.111095428466797,-0.00015014705422800034,-2.9689004804822616e-05,8.988933586806525e-06,-0.0024376807268708944,-0.0013828157680109143,-0.0003137767780572176,-0.00026804814115166664,-0.0013828157680109143,-0.00012961332686245441,0.0,0.15256136655807495,0.6000000238418579,0.6000000238418579,0.6000000238418579,0.6000000238418579
18.1,206.39110875180825,-0.01516020018607378,-0.00015906905173324049,-0.0003877757990267128,-0.01516020018607378,-0.0003877757990267128,-0.01516020018607378,205.38333129882812,0.004662844352424145,16.11109733581543,-0.00015906905173324049,-2.9801312848576345e-05,1.0481189747224562e-05,-0.002582789398729801,-0.0014155377866700292,-0.00034027546644210815,-0.0002608580107335001,-0.0014155377866700292,-0.00014234297850634903,0.0,0.1525617241859436,0.6000000238418579,0.6000000238418579,0.6000000238418579,0.6000000238418579
18.2,208.00221800941108,-0.0158638134598732,-0.0001687562180450186,-0.00040415592957288027,-0.0158638134598732,-0.00040415592957288027,-0.0158638134598732,206.99444580078125,0.003976524341851473,16.11109733581543,-0.0001687562180450186,-2.9920945962658152e-05,1.155895552074071e-05,-0.002740142634138465,-0.0014508682070299983,-0.0003659157664515078,-0.0002500213449820876,-0.0014508682070299983,-0.0001565110869705677,0.0,0.1525619924068451,0.6000000238418579,0.6000000238418579,0.6000000238418579,0.6000000238418579
18.3,209.61332734920998,-0.01659592054784298,-0.00017918230150826275,-0.0004215416556689888,-0.01659592054784298,-0.0004215416556689888,-0.01659592054784298,208.6055450439453,0.003262791084125638,16.111099243164062,-0.00017918230150826275,-3.0047913242015056e-05,1.2284922377148177e-05,-0.0029094459023326635,-0.0014886875869706273,-0.0003899090806953609,-0.00023105141008272767,-0.0014886875869706273,-0.00017186989134643227,0.0,0.1525621861219406,0.6000000238418579,0.6000000238418579,0.6000000238418579,0.6000000238418579
18.400000000000002,211.22443677588572,-0.017358282580971718,-0.00019030705152545124,-0.0004400048346724361,-0.017358282580971718,-0.0004400048346724361,-0.017358282580971718,210.21665954589844,0.0025199521332979202,16.111101150512695,-0.00019030705152545124,-3.0182685804902576e-05,1.2715735465462785e-05,-0.003090189304202795,-0.0015288805589079857,-0.0004145214334130287,-0.0002724039077293128,-0.0015288805589079857,-0.00018828955944627523,0.0,0.15256229043006897,0.6000000238418579,0.6000000238418579,0.6000000238418579,0.6000000238418579
18.5,212.83554629108838,-0.01815277524292469,-0.00020214747928548604,-0.00045961534488014877,-0.01815277524292469,-0.00045961534488014877,-0.01815277524292469,211.82777404785156,0.00174619909375906,16.111101150512695,-0.00020214747928548604,-3.0327973945531994e-05,1.2905237781524193e-05,-0.00328299542888999,-0.001571754110045731,-0.00044291847734712064,-0.0002890871837735176,-0.001571754110045731,-0.0002057564997812733,0.0,0.15256235003471375,0.6000000238418579,0.6000000238418579,0.6000000238418579,0.6000000238418579
18.6,214.4466558939456,-0.018981406465172768,-0.00021478149574249983,-0.00048044862342067063,-0.018981406465172768,-0.00048044862342067063,-0.018981406465172768,213.43887329101562,0.0009396035457029939,16.111103057861328,-0.00021478149574249983,-3.0485191018669866e-05,1.2902582966489717e-05,-0.003488473827019334,-0.001617506262846291,-0.0004717891861218959,-0.0002864232228603214,-0.001617506262846291,-0.0002243763010483235,0.0,0.15256236493587494,0.6000000238418579,0.6000000238418579,0.6000000238418579,0.6000000238418579
18.7,216.05776558151683,-0.019846318289637566,-0.00022824302141088992,-0.0005025862483307719,-0.019846318289637566,-0.0005025862483307719,-0.019846318289637566,215.04998779296875,9.811026393435895e-05,16.11110496520996,-0.00022824302141088992,-3.065257260459475e-05,1.2784455066139344e-05,-0.0037069653626531363,-0.0016661147819831967,-0.0004999091033823788,-0.00027496679103933275,-0.0016661147819831967,-0.00024435610976070166,0.0,0.15256235003471375,0.6000000238418579,0.6000000238418579,0.6000000238418579,0.6000000238418579
18.8,217.6688753492352,-0.020749779418110847,-0.00024251874128822237,-0.0005261105252429843,-0.020749779418110847,-0.0005261105252429843,-0.020749779418110847,216.66110229492188,-0.0007804656052030623,16.11110496520996,-0.00024251874128822237,-3.082852344959974e-05,1.253955633728765e-05,-0.003938416950404644,-0.0017174715176224709,-0.0005267610540613532,-0.00026218892890028656,-0.0017174715176224709,-0.0002655948046594858,0.0,0.15256230533123016,0.6000000238418579,0.6000000238418579,0.6000000238418579,0.6000000238418579
18.900000000000002,219.27998519089695,-0.021694185212254524,-0.00025757195544429123,-0.0005511012277565897,-0.021694185212254524,-0.0005511012277565897,-0.021694185212254524,218.272216796875,-0.0016984381945803761,16.111106872558594,-0.00025757195544429123,-3.101263791904785e-05,1.2190192137495615e-05,-0.004182383418083191,-0.0017714295536279678,-0.0005517441313713789,-0.00023832272563595325,-0.0017714295536279678,-0.0002877320221159607,0.0,0.1525622308254242,0.6000000238418579,0.6000000238418579,0.6000000238418579,0.6000000238418579
19.0,220.89109509899714,-0.02268204465508461,-0.0002733508590608835,-0.00057763367658481,-0.02268204465508461,-0.00057763367658481,-0.02268204465508461,219.88331604003906,-0.0026582463178783655,16.111108779907227,-0.0002733508590608835,-3.120487599517219e-05,1.176199657493271e-05,-0.0044380659237504005,-0.0018277921481058002,-0.0005754128796979785,-0.0002455086214467883,-0.0018277921481058002,-0.00031051976839080453,0.0,0.15256214141845703,0.6000000238418579,0.6000000238418579,0.6000000238418579,0.6000000238418579
19.1,222.5022050650919,-0.02371598407626152,-0.00028982447111047804,-0.0006057783612050116,-0.02371598407626152,-0.0006057783612050116,-0.02371598407626152,221.4944305419922,-0.0036624467466026545,16.111108779907227,-0.00028982447111047804,-3.1406387279275805e-05,1.127925224864157e-05,-0.00470523489639163,-0.0018865958554670215,-0.000600483559537679,-0.00025086989626288414,-0.0018865958554670215,-0.0003338291426189244,0.0,0.15256205201148987,0.6000000238418579,0.6000000238418579,0.6000000238418579,0.6000000238418579
19.2,224.11331508002516,-0.024798743426799774,-0.0003070091479457915,-0.0006356054800562561,-0.024798743426799774,-0.0006356054800562561,-0.024798743426799774,223.1055450439453,-0.004713710863143206,16.11111068725586,-0.0003070091479457915,-3.1618252251064405e-05,1.0763668797153514e-05,-0.0049838232807815075,-0.0019478981848806143,-0.0006251619779504836,-0.0002417436771793291,-0.0019478981848806143,-0.0003576465242076665,0.0,0.1525619477033615,0.6000000238418579,0.6000000238418579,0.6000000238418579,0.6000000238418579
19.3,225.72442513407339,-0.025933178141713142,-0.000324904773151502,-0.0006671863957308233,-0.025933178141713142,-0.0006671863957308233,-0.025933178141713142,224.71665954589844,-0.005814824718981981,16.11111068725586,-0.000324904773151502,-3.1839346775086597e-05,1.0233888133370783e-05,-0.005273621529340744,-0.0020116122905164957,-0.0006486444035544991,-0.0002274981525260955,-0.0020116122905164957,-0.0003820676065515727,0.0,0.15256182849407196,0.6000000238418579,0.6000000238418579,0.6000000238418579,0.6000000238418579
19.400000000000002,227.33553521700009,-0.02712225914001465,-0.0003434829995967448,-0.0007005909574218094,-0.02712225914001465,-0.0007005909574218094,-0.02712225914001465,226.3277587890625,-0.0069686854258179665,16.111112594604492,-0.0003434829995967448,-3.20682956953533e-05,9.70446490100585e-06,-0.0055742422118783,-0.0020775978919118643,-0.0006706049316562712,-0.00021278904750943184,-0.0020775978919118643,-0.0004070381401106715,0.0,0.1525617241859436,0.6000000238418579,0.6000000238418579,0.6000000238418579,0.6000000238418579
19.5,228.94664531816267,-0.028369054198265076,-0.00036270104465074837,-0.000735885405447334,-0.028369054198265076,-0.000735885405447334,-0.028369054198265076,227.93887329101562,-0.00817829929292202,16.111112594604492,-0.00036270104465074837,-3.2304422347806394e-05,9.185426279145759e-06,-0.0058851041831076145,-0.0021456992253661156,-0.000690851709805429,-0.00019199583039153367,-0.0021456992253661156,-0.00043221161467954516,0.0,0.15256161987781525,0.6000000238418579,0.6000000238418579,0.6000000238418579,0.6000000238418579
19.6,230.55775542664347,-0.029676727950572968,-0.0003825077728834003,-0.0007731313235126436,-0.029676727950572968,-0.0007731313235126436,-0.029676727950572968,229.54998779296875,-0.009446772746741772,16.111114501953125,-0.0003825077728834003,-3.2547344744671136e-05,8.682407496962696e-06,-0.006205339450389147,-0.0022157037165015936,-0.000707583618350327,-8.294868894154206e-05,-0.0022157037165015936,-0.00045731107820756733,0.0,0.1525615155696869,0.6000000238418579,0.6000000238418579,0.6000000238418579,0.6000000238418579
19.7,232.16886553138542,-0.031048530712723732,-0.00040275114588439465,-0.0008123821462504566,-0.031048530712723732,-0.0008123821462504566,-0.031048530712723732,231.16110229492188,-0.010777306742966175,16.111114501953125,-0.00040275114588439465,-3.279236989328638e-05,8.19240631244611e-06,-0.006530902348458767,-0.0022863768972456455,-0.0007021105266176164,0.00014881232345942408,-0.0022863768972456455,-0.00048215288552455604,0.0,0.15256142616271973,0.6000000238418579,0.6000000238418579,0.6000000238418579,0.6000000238418579
19.8,233.7799756214358,-0.03248770534992218,-0.0004229501646477729,-0.0008536597015336156,-0.03248770534992218,-0.0008536597015336156,-0.03248770534992218,232.77220153808594,-0.012173148803412914,16.111116409301758,-0.0004229501646477729,-3.3028703910531476e-05,7.704063136770856e-06,-0.006854800041764975,-0.0023556561209261417,-0.0006821820279583335,0.00023935470380820334,-0.0023556561209261417,-0.0005066117155365646,0.0,0.15256133675575256,0.6000000238418579,0.6000000238418579,0.6000000238418579,0.6000000238418579
19.900000000000002,235.39108568606883,-0.033997420221567154,-0.00044265572796575725,-0.0008969355258159339,-0.033997420221567154,-0.0008969355258159339,-0.033997420221567154,234.38331604003906,-0.01363753154873848,16.111116409301758,-0.00044265572796575725,-3.325743819004856e-05,7.206678219517926e-06,-0.007171439006924629,-0.0024225711822509766,-0.0006556178559549153,0.00028582350932992995,-0.0024225711822509766,-0.0005305605591274798,0.0,0.1525612473487854,0.6000000238418579,0.6000000238418579,0.6000000238418579,0.6000000238418579
20.0,237.00219571514208,-0.035580746829509735,-0.0004616272053681314,-0.0009421468712389469,-0.035580746829509735,-0.0009421468712389469,-0.035580746829509735,235.9944305419922,-0.01517361868172884,16.111116409301758,-0.0004616272053681314,-3.3482894650660455e-05,6.702105565636884e-06,-0.007476618979126215,-0.0024866454768925905,-0.0006258219946175814,0.0003068211080972105,-0.0024866454768925905,-0.0005537167307920754,0.0,0.15256115794181824,0.6000000238418579,0.6000000238418579,0.6000000238418579,0.6000000238418579
20.1,238.61330569914458,-0.03724062442779541,-0.00047976005589589477,-0.0009892144007608294,-0.03724062442779541,-0.0009892144007608294,-0.03724062442779541,237.6055450439453,-0.016784457489848137,16.11111831665039,-0.00047976005589589477,-3.370542617631145e-05,6.200436928338604e-06,-0.007767980918288231,-0.0025476610753685236,-0.0005946792080067098,0.0003144156944472343,-0.0025476610753685236,-0.0005754323792643845,0.0,0.15256106853485107,0.6000000238418579,0.6000000238418579,0.6000000238418579,0.6000000238418579
20.2,240.22441562883273,-0.03897988051176071,-0.000497014494612813,-0.0010380519088357687,-0.03897988051176071,-0.0010380519088357687,-0.03897988051176071,239.21664428710938,-0.018472963944077492,16.11111831665039,-0.000497014494612813,-3.392214421182871e-05,5.711117864848347e-06,-0.008044594898819923,-0.0026055346243083477,-0.0005627082427963614,0.0003616558387875557,-0.0026055346243083477,-0.000594882236327976,0.0,0.1525609791278839,0.6000000238418579,0.6000000238418579,0.6000000238418579,0.6000000238418579
20.3,241.83552549488752,-0.04080117121338844,-0.0005133005906827748,-0.0010885689407587051,-0.04080117121338844,-0.0010885689407587051,-0.04080117121338844,240.8277587890625,-0.02024189941585064,16.11111831665039,-0.0005133005906827748,-3.412599107832648e-05,5.232949661149178e-06,-0.008303387090563774,-0.002659279853105545,-0.000506651820614934,0.0007136640488170087,-0.002659279853105545,-0.0006110938847996294,0.0,0.15256090462207794,0.6000000238418579,0.6000000238418579,0.6000000238418579,0.6000000238418579
20.400000000000002,243.44663528801118,-0.042706944048404694,-0.0005280817858874798,-0.001140646287240088,-0.042706944048404694,-0.001140646287240088,-0.042706944048404694,242.43887329101562,-0.022093841806054115,16.111120223999023,-0.0005280817858874798,-3.429925345699303e-05,4.7495163926214445e-06,-0.008535735309123993,-0.0027060878928750753,-0.0004283557937014848,0.0008329306147061288,-0.0027060878928750753,-0.0006229177815839648,0.0,0.15256081521511078,0.6000000238418579,0.6000000238418579,0.6000000238418579,0.6000000238418579
20.5,245.05774499916353,-0.044699281454086304,-0.0005407382268458605,-0.0011941003613173962,-0.044699281454086304,-0.0011941003613173962,-0.044699281454086304,244.04998779296875,-0.02403111197054386,16.111120223999023,-0.0005407382268458605,-3.44402615155559e-05,4.242580416757846e-06,-0.00873483344912529,-0.0027446176391094923,-0.0003423776652198285,0.0008768186089582741,-0.0027446176391094923,-0.0006289593293331563,0.0,0.15256072580814362,0.6000000238418579,0.6000000238418579,0.6000000238418579,0.6000000238418579
20.6,246.66885462016276,-0.04677990451455116,-0.0005509569309651852,-0.0012487010098993778,-0.04677990451455116,-0.0012487010098993778,-0.04677990451455116,245.6610870361328,-0.02605569176375866,16.111120223999023,-0.0005509569309651852,-3.455703699728474e-05,3.704216624100809e-06,-0.008895667269825935,-0.0027744127437472343,-0.0002544073504395783,0.0008773247245699167,-0.0027744127437472343,-0.0006278769578784704,0.0,0.15256062150001526,0.6000000238418579,0.6000000238418579,0.6000000238418579,0.6000000238418579
20.7,248.27996414403907,-0.048950135707855225,-0.0005586540792137384,-0.001304198638536036,-0.048950135707855225,-0.001304198638536036,-0.048950135707855225,247.27220153808594,-0.028169188648462296,16.111120223999023,-0.0005586540792137384,-3.465313420747407e-05,3.145480150124058e-06,-0.009015887044370174,-0.0027954536490142345,-0.0001676452229730785,0.0008555275853723288,-0.0027954536490142345,-0.0006198128685355186,0.0,0.1525605171918869,0.6000000238418579,0.6000000238418579,0.6000000238418579,0.6000000238418579
20.8,249.89107356467753,-0.051210917532444,-0.0005638606380671263,-0.0013603422557935119,-0.051210917532444,-0.0013603422557935119,-0.051210917532444,248.88331604003906,-0.030372805893421173,16.111122131347656,-0.0005638606380671263,-3.472647586022504e-05,2.580615955594112e-06,-0.009095332585275173,-0.002807924523949623,-8.25275928946212e-05,0.0008491231128573418,-0.002807924523949623,-0.0006050884258002043,0.0,0.15256041288375854,0.6000000238418579,0.6000000238418579,0.6000000238418579,0.6000000238418579
20.900000000000002,251.50218287634692,-0.053562793880701065,-0.0005665620556101203,-0.0014168842462822795,-0.053562793880701065,-0.0014168842462822795,-0.053562793880701065,250.4944305419922,-0.032667335122823715,16.111122131347656,-0.0005665620556101203,-3.4768909245030954e-05,2.0136815237492556e-06,-0.009131580591201782,-0.002810928039252758,3.436675979173742e-05,0.0015431724023073912,-0.002810928039252758,-0.0005836164928041399,0.0,0.1525603085756302,0.6000000238418579,0.6000000238418579,0.6000000238418579,0.6000000238418579
21.0,253.11329207395644,-0.056005802005529404,-0.0005659445305354893,-0.0014735436998307705,-0.056005802005529404,-0.0014735436998307705,-0.056005802005529404,252.10552978515625,-0.03505312278866768,16.111122131347656,-0.0005659445305354893,-3.4747743484331295e-05,1.4011134226166178e-06,-0.009108607657253742,-0.0027990113012492657,0.00020713871344923973,0.001850244589149952,-0.0027990113012492657,-0.0005548707558773458,0.0,0.15256017446517944,0.6000000238418579,0.6000000238418579,0.6000000238418579,0.6000000238418579
21.1,254.72440115803872,-0.05853922292590141,-0.0005606748163700104,-0.0015299201477319002,-0.05853922292590141,-0.0015299201477319002,-0.05853922292590141,253.71664428710938,-0.037529923021793365,16.111122131347656,-0.0005606748163700104,-3.464918700046837e-05,5.325403549250041e-07,-0.009011853486299515,-0.0027687293477356434,0.0003981390327680856,0.0019465861842036247,-0.0027687293477356434,-0.0005177665152586997,0.0,0.1525600403547287,0.6000000238418579,0.6000000238418579,0.6000000238418579,0.6000000238418579
21.2,256.3355101393908,-0.06116147339344025,-0.0005499953404068947,-0.0015855056699365377,-0.06116147339344025,-0.0015855056699365377,-0.06116147339344025,255.3277587890625,-0.04009676352143288,16.111122131347656,-0.0005499953404068947,-3.449301220825873e-05,-1.856448221815299e-07,-0.008831169456243515,-0.0027190237306058407,0.0005941255367361009,0.001954486360773444,-0.0027190237306058407,-0.0004707641201093793,0.0,0.15255989134311676,0.6000000238418579,0.6000000238418579,0.6000000238418579,0.6000000238418579
21.3,257.9466190184466,-0.06387012451887131,-0.0005336917820386589,-0.0016397449653595686,-0.06387012451887131,-0.0016397449653595686,-0.06387012451887131,256.9388732910156,-0.042751822620630264,16.111122131347656,-0.0005336917820386589,-3.429025673540309e-05,-9.133207754530304e-07,-0.00855997670441866,-0.0026497780345380306,0.0007885853410698473,0.0019258158281445503,-0.0026497780345380306,-0.0004139051598031074,0.0,0.15255971252918243,0.6000000238418579,0.6000000238418579,0.6000000238418579,0.6000000238418579
21.400000000000002,259.5577277923214,-0.06666187196969986,-0.0005118226399645209,-0.0016920772613957524,-0.06666187196969986,-0.0016920772613957524,-0.06666187196969986,258.54998779296875,-0.045492395758628845,16.111122131347656,-0.0005118226399645209,-3.403655136935413e-05,-1.7405143353244057e-06,-0.008198156021535397,-0.0025615168269723654,0.0009700680384412408,0.0016618224326521158,-0.0025615168269723654,-0.0003476869605947286,0.0,0.15255950391292572,0.6000000238418579,0.6000000238418579,0.6000000238418579,0.6000000238418579
21.5,261.16883646194924,-0.06953256577253342,-0.0004846863157581538,-0.0017419593641534448,-0.06953256577253342,-0.0017419593641534448,-0.06953256577253342,260.16107177734375,-0.04831486567854881,16.111122131347656,-0.0004846863157581538,-3.3728119888110086e-05,-2.63548690782045e-06,-0.007749035023152828,-0.002455154899507761,0.0011841700179502368,0.0033357832580804825,-0.002455154899507761,-0.00027171880356036127,0.0,0.152559295296669,0.6000000238418579,0.6000000238418579,0.6000000238418579,0.6000000238418579
21.6,262.7799450338342,-0.0724770799279213,-0.0004506173718255013,-0.0017888237489387393,-0.0724770799279213,-0.0017888237489387393,-0.0724770799279213,261.7721862792969,-0.05121469870209694,16.111122131347656,-0.0004506173718255013,-3.327116428408772e-05,-3.7773345411551418e-06,-0.0071573578752577305,-0.002311576856300235,0.0017715591238811612,0.008776531554758549,-0.002311576856300235,-0.00018469098722562194,0.0,0.1525590568780899,0.6000000238418579,0.6000000238418579,0.6000000238418579,0.6000000238418579
21.7,264.3910535343475,-0.07548788189888,-0.0004004417860414833,-0.0018315964844077826,-0.07548788189888,-0.0018315964844077826,-0.07548788189888,263.38330078125,-0.05418582260608673,16.111120223999023,-0.0004004417860414833,-3.240392106818035e-05,-5.673225132341031e-06,-0.006260144058614969,-0.0020791017450392246,0.0029760694596916437,0.015334460884332657,-0.0020791017450392246,-8.389341383008286e-05,0.0,0.15255874395370483,0.6000000238418579,0.6000000238418579,0.6000000238418579,0.6000000238418579
21.8,266.00216203029294,-0.07855242490768433,-0.0003179774503223598,-0.0018679032800719142,-0.07855242490768433,-0.0018679032800719142,-0.07855242490768433,264.9944152832031,-0.05721902847290039,16.111120223999023,-0.0003179774503223598,-3.0899547709850594e-05,-8.76703234098386e-06,-0.004816784989088774,-0.0016940089408308268,0.004805781878530979,0.021194422617554665,-0.0016940089408308268,3.597445538616739e-05,0.0,0.15255826711654663,0.6000000238418579,0.6000000238418579,0.6000000238418579,0.6000000238418579
21.900000000000002,267.6132706322374,-0.0816505029797554,-0.00018532047397457063,-0.0018936259439215064,-0.0816505029797554,-0.0018936259439215064,-0.0816505029797554,266.60552978515625,-0.06029961258172989,16.11111831665039,-0.00018532047397457063,-2.8674283385043964e-05,-1.3348950233194046e-05,-0.00255216215737164,-0.0010958766797557473,0.007259865291416645,0.028268450871109962,-0.0010958766797557473,0.00018093697144649923,0.0,0.15255749225616455,0.6000000238418579,0.6000000238418579,0.6000000238418579,0.6000000238418579
22.0,269.22437948661695,-0.08475160598754883,1.6317582776537165e-05,-0.001902841031551361,-0.08475160598754883,-0.001902841031551361,-0.08475160598754883,268.2166442871094,-0.0634046122431755,16.11111831665039,1.6317582776537165e-05,-2.5585104594938457e-05,-1.9954048184445128e-05,0.0008664624765515327,-0.0002104477462125942,0.010577359236776829,0.037875253707170486,-0.0002104477462125942,0.0003606010868679732,0.0,0.15255632996559143,0.6000000238418579,0.6000000238418579,0.6000000238418579,0.6000000238418579
22.1,270.8354887813967,-0.08781120181083679,0.0003106106596533209,-0.001887527178041637,-0.08781120181083679,-0.001887527178041637,-0.08781120181083679,269.8277282714844,-0.06649944186210632,16.111114501953125,0.0003106106596533209,-2.129613494616933e-05,-2.9420096325338818e-05,0.005842537619173527,0.0010619458043947816,0.015024476684629917,0.049366213381290436,0.0010619458043947816,0.0005954123334959149,0.0,0.1525546759366989,0.6000000238418579,0.6000000238418579,0.6000000238418579,0.6000000238418579
22.2,272.44659875083784,-0.09076613932847977,0.0007263263105414808,-0.0018370307516306639,-0.09076613932847977,-0.0018370307516306639,-0.09076613932847977,271.4388427734375,-0.06953389197587967,16.11111068725586,0.0007263263105414808,-1.5428489859914407e-05,-4.372437979327515e-05,0.01283564418554306,0.0028321566060185432,0.020479168742895126,0.05847286432981491,0.0028321566060185432,0.0009206998511217535,0.0,0.15255236625671387,0.6000000238418579,0.6000000238418579,0.6000000238418579,0.6000000238418579
22.3,274.05770966377804,-0.09352971613407135,0.0012950996169820428,-0.0017376660834997892,-0.09352971613407135,-0.0017376660834997892,-0.09352971613407135,273.0499572753906,-0.07243753224611282,16.111106872558594,0.0012950996169820428,-7.656759407836944e-06,-6.351430783979595e-05,0.022365791723132133,0.005213643424212933,0.027211563661694527,0.05530641973018646,0.005213643424212933,0.0013911178102716804,0.0,0.1525493711233139,0.6000000238418579,0.6000000238418579,0.6000000238418579,0.6000000238418579
22.400000000000002,275.66882180348915,-0.09598816186189651,0.002016903832554817,-0.0015729988226667047,-0.09598816186189651,-0.0015729988226667047,-0.09598816186189651,274.66107177734375,-0.07511529326438904,16.111099243164062,0.002016903832554817,5.519291903510748e-07,-8.326504030264914e-05,0.03304102644324303,0.007690879050642252,0.010165099054574966,-0.5933027863502502,0.007690879050642252,0.0020850750152021646,0.0,0.152545765042305,0.6000000238418579,0.6000000238418579,0.6000000238418579,0.6000000238418579
22.5,277.27993466894645,-0.0980728417634964,0.002330696675926447,-0.001349092461168766,-0.0980728417634964,-0.001349092461168766,-0.0980728417634964,276.2721862792969,-0.07747367769479752,16.11109161376953,0.002330696675926447,-1.1002035535057075e-05,-4.87619181512855e-05,0.03514332324266434,0.006943159736692905,-0.007537076715379953,0.23181506991386414,0.006943159736692905,0.003074814099818468,0.0,0.15254510939121246,0.6000000238418579,0.6000000238418579,0.6000000238418579,0.6000000238418579
22.6,278.8910465433341,-0.09983079135417938,0.0022531256545335054,-0.0011203858302906156,-0.09983079135417938,-0.0011203858302906156,-0.09983079135417938,277.8832702636719,-0.07947984337806702,16.111087799072266,0.0022531256545335054,-1.3840855899616145e-05,-4.6768112952122465e-05,0.037786129862070084,0.007129929028451443,0.009012480266392231,0.12482378631830215,0.007129929028451443,0.004342251922935247,0.0,0.15254712104797363,0.6000000238418579,0.6000000238418579,0.6000000238418579,0.6000000238418579
22.7,280.5021579751096,-0.10121461749076843,0.0024311868473887444,-0.0008894326165318489,-0.10121461749076843,-0.0008894326165318489,-0.10121461749076843,279.494384765625,-0.08110646903514862,16.111082077026367,0.0024311868473887444,1.8475486740499036e-06,-7.269833440659568e-05,0.04228709638118744,0.008722241036593914,0.02329801209270954,0.18924877047538757,0.008722241036593914,0.0057916236110031605,0.0,0.15254779160022736,0.6000000238418579,0.6000000238418579,0.6000000238418579,0.6000000238418579
22.8,282.11327047165344,-0.10211552679538727,0.003045816207304597,-0.0006199324270710349,-0.10211552679538727,-0.0006199324270710349,-0.10211552679538727,281.1054992675781,-0.08230461180210114,16.111072540283203,0.003045816207304597,2.219266571046319e-05,-0.00010612866026349366,0.052430056035518646,0.01194559782743454,0.042634498327970505,0.3397778272628784,0.01194559782743454,0.007276846561580896,0.0,0.15254640579223633,0.6000000238418579,0.6000000238418579,0.6000000238418579,0.6000000238418579
22.900000000000002,283.72438497270537,-0.10234956443309784,0.004369304049760103,-0.0002600577718112618,-0.10234956443309784,-0.0002600577718112618,-0.10234956443309784,282.71661376953125,-0.08296612650156021,16.111059188842773,0.004369304049760103,5.239982419880107e-05,-0.00020132224017288536,0.08022849261760712,0.020197631791234016,0.1740843802690506,3.0662872791290283,0.020197631791234016,0.00862986408174038,0.0,0.15254150331020355,0.6000000238418579,0.6000000238418579,0.6000000238418579,0.6000000238418579
23.0,285.3355041117294,-0.10129649192094803,0.008991892449557781,0.0003646808327175677,-0.10129649192094803,0.0003646808327175677,-0.10129649192094803,284.32769775390625,-0.08275481313467026,16.11101722717285,0.008991892449557781,0.0001780905295163393,-0.0007128285360522568,0.16877758502960205,0.047542501240968704,0.30367887020111084,0.06384174525737762,0.047542501240968704,0.009769459255039692,0.0,0.1525224894285202,0.6000000238418579,0.6000000238418579,0.6000000238418579,0.6000000238418579
23.1,286.9466300173819,-0.09757983684539795,0.017241332679986954,0.001650384278036654,-0.09757983684539795,0.001650384278036654,-0.09757983684539795,285.9388122558594,-0.08082074671983719,16.110916137695312,0.017241332679986954,0.0002985982864629477,-0.0014989344635978341,0.29675841331481934,0.0816880539059639,0.40876445174217224,1.7896591424942017,0.0816880539059639,0.010929940268397331,0.0,0.15249522030353546,0.6000000238418579,0.6000000238418579,0.6000000238418579,0.6000000238418579
23.2,288.55774624646523,-0.08955223113298416,0.02893969789147377,0.003915523178875446,-0.08955223113298416,0.003915523178875446,-0.08955223113298416,287.54986572265625,-0.07585036754608154,16.110706329345703,0.02893969789147377,0.00044299743603914976,-0.0032378348987549543,0.4977685511112213,0.13304074108600616,0.6267723441123962,2.4531497955322266,0.13304074108600616,0.012678583152592182,0.0,0.15249043703079224,0.6000000238418579,0.6000000238418579,0.6000000238418579,0.6000000238418579
23.3,290.1688065304805,-0.07462217658758163,0.04630822315812111,0.0076141683384776115,-0.07462217658758163,0.0076141683384776115,-0.07462217658758163,289.160888671875,-0.06581483781337738,16.110260009765625,0.04630822315812111,0.0006743522826582193,-0.006833326071500778,0.7910090088844299,0.2083093523979187,0.8777183294296265,2.520033836364746,0.2083093523979187,0.016107555478811264,0.0,0.15254247188568115,0.6000000238418579,0.6000000238418579,0.6000000238418579,0.6000000238418579
23.400000000000002,291.77969934574213,-0.04909057915210724,0.07065733522176743,0.013390759937465191,-0.04909057915210724,0.013390759937465191,-0.04909057915210724,290.77178955078125,-0.047773223370313644,16.109365463256836,0.07065733522176743,0.0009462172747589648,-0.0133505305275321,1.18244469165802,0.3082197308540344,1.1176122426986694,2.3739163875579834,0.3082197308540344,0.022976446896791458,0.0,0.1527489572763443,0.6000000238418579,0.6000000238418579,0.6000000238418579,0.6000000238418579
23.5,293.39018316760877,-0.008335977792739868,0.10160155594348907,0.021937942132353783,-0.008335977792739868,0.021937942132353783,-0.008335977792739868,292.3823547363281,-0.017823416739702225,16.107709884643555,0.10160155594348907,0.0011432357132434845,-0.023683249950408936,1.6575071811676025,0.429858535528183,1.2895994186401367,0.8659723401069641,0.429858535528183,0.03486325219273567,0.0,0.1532776802778244,0.6000000238418579,0.6000000238418579,0.6000000238418579,0.6000000238418579
23.6,294.9998178241192,0.05279643461108208,0.1368953287601471,0.03382838889956474,0.05279643461108208,0.03382838889956474,0.05279643461108208,293.9923095703125,0.02873273193836212,16.104948043823242,0.1368953287601471,0.001076234970241785,-0.03628329560160637,2.1615889072418213,0.5556842088699341,1.138692855834961,-4.266542434692383,0.5556842088699341,0.05132362246513367,0.0,0.15435071289539337,0.6000000238418579,0.6000000238418579,0.6000000238418579,0.6000000238418579
23.7,296.60796101246893,0.13897310197353363,0.16939514875411987,0.049193721264600754,0.13897310197353363,0.049193721264600754,0.13897310197353363,295.6011657714844,0.096803218126297,16.101118087768555,0.16939514875411987,0.0004467542748898268,-0.043077774345874786,2.575897455215454,0.640277624130249,0.49851924180984497,-7.8156657218933105,0.640277624130249,0.07006028294563293,0.0,0.15608927607536316,0.6000000238418579,0.6000000238418579,0.6000000238418579,0.6000000238418579
23.8,298.21393508339946,0.2527836859226227,0.18894243240356445,0.0672445148229599,0.2527836859226227,0.0672445148229599,0.2527836859226227,297.2083435058594,0.19040119647979736,16.097023010253906,0.18894243240356445,-0.0008294886210933328,-0.03651413321495056,2.8033082485198975,0.6489759087562561,-0.328398734331131,-8.429415702819824,0.6489759087562561,0.08716974407434464,0.0,0.15828074514865875,0.6000000238418579,0.6000000238418579,0.6000000238418579,0.6000000238418579
23.900000000000002,299.8172902271863,0.39418938755989075,0.1884707510471344,0.0863010510802269,0.39418938755989075,0.0863010510802269,0.39418938755989075,298.8132629394531,0.3117022216320038,16.093875885009766,0.1884707510471344,-0.0024106637574732304,-0.01687576435506344,2.786741256713867,0.5751028656959534,-1.1214970350265503,-7.217105388641357,0.5751028656959534,0.09694322943687439,0.0,0.16036050021648407,0.6000000238418579,0.6000000238418579,0.6000000238418579,0.6000000238418579
24.0,301.4180232088443,0.5604844093322754,0.16472750902175903,0.10417062044143677,0.5604844093322754,0.10417062044143677,0.5604844093322754,300.4156799316406,0.46047016978263855,16.09267234802246,0.16472750902175903,-0.003738075029104948,0.008047628216445446,2.4865806102752686,0.4294435679912567,-1.7482153177261353,-5.1106977462768555,0.4294435679912567,0.09266899526119232,0.0,0.16173501312732697,0.6000000238418579,0.6000000238418579,0.6000000238418579,0.6000000238418579
24.1,303.016718422694,0.7461724877357483,0.11777067929506302,0.1185038760304451,0.7461724877357483,0.1185038760304451,0.7461724877357483,302.015625,0.6336897015571594,16.093759536743164,0.11777067929506302,-0.004276457242667675,0.029071902856230736,1.893094539642334,0.23498475551605225,-2.090703010559082,-2.0870630741119385,0.23498475551605225,0.07168421149253845,0.0,0.1621883064508438,0.6000000238418579,0.6000000238418579,0.6000000238418579,0.6000000238418579
24.2,304.614405799083,0.9431684017181396,0.05217868834733963,0.12715162336826324,0.9431684017181396,0.12715162336826324,0.9431684017181396,303.6136779785156,0.8254637122154236,16.096738815307617,0.05217868834733963,-0.0036819514352828264,0.03883923962712288,1.009966254234314,0.01714567095041275,-2.3020575046539307,-2.870999336242676,0.01714567095041275,0.03860083594918251,0.0,0.16199982166290283,0.6000000238418579,0.6000000238418579,0.6000000238418579,0.6000000238418579
24.3,306.2123287139201,1.1413675546646118,-0.02159782126545906,0.12873047590255737,1.1413675546646118,0.12873047590255737,1.1413675546646118,305.2108459472656,1.027050256729126,16.10038948059082,-0.02159782126545906,-0.002349773421883583,0.03390826657414436,-0.13976353406906128,-0.21867068111896515,-2.365351676940918,-0.009612713009119034,-0.21867068111896515,-0.0017777226166799664,0.0,0.16144545376300812,0.6000000238418579,0.6000000238418579,0.6000000238418579,0.6000000238418579
24.400000000000002,307.8115941080848,1.329556941986084,-0.09086097776889801,0.12307289242744446,1.329556941986084,0.12307289242744446,1.329556941986084,306.8085632324219,1.2272344827651978,16.103090286254883,-0.09086097776889801,-0.001273440197110176,0.013973194174468517,-1.3601880073547363,-0.4597152769565582,-2.489697217941284,-2.622098684310913,-0.4597152769565582,-0.04692424088716507,0.0,0.1612173318862915,0.6000000238418579,0.6000000238418579,0.6000000238418579,0.6000000238418579
24.5,309.4128740779574,1.4972316026687622,-0.15636174380779266,0.1107638031244278,1.4972316026687622,0.1107638031244278,1.4972316026687622,308.4079895019531,1.4140104055404663,16.10285758972168,-0.15636174380779266,-0.0008763087680563331,-0.027134818956255913,-2.4980294704437256,-0.7335073947906494,-3.0993032455444336,-8.973047256469727,-0.7335073947906494,-0.09512371569871902,0.0,0.1620977520942688,0.6000000238418579,0.6000000238418579,0.6000000238418579,0.6000000238418579
24.6,311.0164125882818,1.6334948539733887,-0.23101148009300232,0.09155642241239548,1.6334948539733887,0.09155642241239548,1.6334948539733887,310.0098876953125,1.5758638381958008,16.097095489501953,-0.23101148009300232,-0.0006695356569252908,-0.09992062300443649,-3.6499381065368652,-1.0889254808425903,-3.982296943664551,-8.668298721313477,-1.0889254808425903,-0.14371845126152039,0.0,0.16563452780246735,0.6000000238418579,0.6000000238418579,0.6000000238418579,0.6000000238418579
24.7,312.6216037121684,1.7255468368530273,-0.3169308304786682,0.0642232820391655,1.7255468368530273,0.0642232820391655,1.7255468368530273,311.6139831542969,1.7013622522354126,16.08218765258789,-0.3169308304786682,0.0008015791536308825,-0.2055966556072235,-4.649822235107422,-1.5521814823150635,-5.515590667724609,-22.231067657470703,-1.5521814823150635,-0.18938395380973816,0.0,0.1738729178905487,0.6000000238418579,0.6000000238418579,0.6000000238418579,0.6000000238418579
24.8,314.22626555871176,1.7645589113235474,-0.38281136751174927,0.028888527303934097,1.7645589113235474,0.028888527303934097,1.7645589113235474,313.21893310546875,1.7808228731155396,16.054759979248047,-0.38281136751174927,0.005575566552579403,-0.31733620166778564,-5.091941833496094,-2.2716939449310303,-9.760759353637695,-75.65914916992188,-2.2716939449310303,-0.22704356908798218,0.0,0.18870072066783905,0.6000000238418579,0.6000000238418579,0.6000000238418579,0.6000000238418579
24.900000000000002,315.8272177873467,1.7510093450546265,-0.4041231870651245,-0.0107168173417449,1.7510093450546265,-0.0107168173417449,1.7510093450546265,314.822021484375,1.8094151020050049,16.010530471801758,-0.4041231870651245,0.012772932648658752,-0.47688090801239014,-5.303188800811768,-3.4100465774536133,-11.11087703704834,2.605772018432617,-3.4100465774536133,-0.24761837720870972,0.0,0.2123957723379135,0.6000000238418579,0.6000000238418579,0.6000000238418579,0.6000000238418579
25.0,317.42103188778054,1.6855592727661133,-0.4037216305732727,-0.0512247197329998,1.6855592727661133,-0.0512247197329998,1.6855592727661133,316.4197692871094,1.7851940393447876,15.946955680847168,-0.4037216305732727,0.019869530573487282,-0.6141679883003235,-5.381807327270508,-4.48122501373291,-5.758294105529785,174.5329132080078,-4.48122501373291,-0.23955225944519043,0.0,0.24561543762683868,0.6000000238418579,0.6000000238418579,0.6000000238418579,0.6000000238418579
25.1,319.0048918293911,1.5683649778366089,-0.39228707551956177,-0.09109796583652496,1.5683649778366089,-0.09109796583652496,1.5683649778366089,318.0088806152344,1.707495927810669,15.875425338745117,-0.39228707551956177,0.025755302980542183,-0.5274523496627808,-5.449315071105957,-4.329766750335693,7.582566261291504,113.13103485107422,-4.329766750335693,-0.19079025089740753,0.0,0.2801843583583832,0.6000000238418579,0.6000000238418579,0.6000000238418579,0.6000000238418579
25.2,320.5780343478059,1.3991827964782715,-0.37469732761383057,-0.12949781119823456,1.3991827964782715,-0.12949781119823456,1.3991827964782715,319.5879821777344,1.575919270515442,15.82373046875,-0.37469732761383057,0.02958068624138832,-0.14864467084407806,-5.507607936859131,-3.0401909351348877,17.751340866088867,90.55668640136719,-3.0401909351348877,-0.09418874979019165,0.0,0.3042343854904175,0.6000000238418579,0.6000000238418579,0.6000000238418579,0.6000000238418579
25.3,322.14243154782895,1.1773388385772705,-0.35011783242225647,-0.1658296436071396,1.1773388385772705,-0.1658296436071396,1.1773388385772705,321.15863037109375,1.389899492263794,15.81789493560791,-0.35011783242225647,0.031065871939063072,0.2899176776409149,-5.483141899108887,-1.796799898147583,6.948027610778809,-20.061302185058594,-1.796799898147583,0.03403114527463913,0.0,0.30393868684768677,0.6000000238418579,0.6000000238418579,0.6000000238418579,0.6000000238418579
25.400000000000002,323.70009703902355,0.9030539393424988,-0.3196430206298828,-0.1993650645017624,0.9030539393424988,-0.1993650645017624,0.9030539393424988,322.7229309082031,1.149165153503418,15.841224670410156,-0.3196430206298828,0.029788464307785034,0.5370451211929321,-5.401933670043945,-0.9851616621017456,10.0535306930542,31.325056076049805,-0.9851616621017456,0.17039529979228973,0.0,0.28701120615005493,0.6000000238418579,0.6000000238418579,0.6000000238418579,0.6000000238418579
25.5,325.2535986017563,0.5855398178100586,-0.21023060381412506,-0.2272443026304245,0.5855398178100586,-0.2272443026304245,0.5855398178100586,324.2820739746094,0.8568283319473267,15.883650779724121,-0.21023060381412506,0.029292723163962364,0.4322319030761719,-3.3504574298858643,-0.0044558970257639885,8.68997573852539,-34.16796112060547,-0.0044558970257639885,0.296275794506073,0.0,0.25226134061813354,0.6000000238418579,0.6000000238418579,0.6000000238418579,0.6000000238418579
25.6,326.80988322816785,0.2598087191581726,0.019011855125427246,-0.2373553365468979,0.2598087191581726,-0.2373553365468979,0.2598087191581726,325.83819580078125,0.5311883091926575,15.910508155822754,0.019011855125427246,0.02539191208779812,0.2302236109972,-1.0608631372451782,0.6323093175888062,4.390629291534424,-31.40426254272461,0.6323093175888062,0.4066815972328186,0.0,0.21593451499938965,0.6000000238418579,0.6000000238418579,0.6000000238418579,0.6000000238418579
25.7,328.37223256568996,-0.05071725323796272,0.22399339079856873,-0.22450238466262817,-0.05071725323796272,-0.22450238466262817,-0.05071725323796272,327.39410400390625,0.19488771259784698,15.924009323120117,0.22399339079856873,0.013075526803731918,0.03905652463436127,1.4756733179092407,0.9447071552276611,2.4295077323913574,-1.7349437475204468,0.9447071552276611,0.502818763256073,0.0,0.17906570434570312,0.6000000238418579,0.6000000238418579,0.6000000238418579,0.6000000238418579
25.8,329.9401551420611,-0.3322013020515442,0.3122998774051666,-0.1970384120941162,-0.3322013020515442,-0.1970384120941162,-0.3322013020515442,328.95343017578125,-0.12783265113830566,15.920093536376953,0.3122998774051666,0.0017759721959009767,-0.15238520503044128,3.5444467067718506,1.1679149866104126,2.4411933422088623,16.990447998046875,1.1679149866104126,0.591110348701477,0.0,0.1460503339767456,0.6000000238418579,0.6000000238418579,0.6000000238418579,0.6000000238418579
25.900000000000002,331.5116513887938,-0.5756635069847107,0.36415255069732666,-0.16318844258785248,-0.5756635069847107,-0.16318844258785248,-0.5756635069847107,330.5179748535156,-0.4159179925918579,15.894341468811035,0.36415255069732666,-0.005206992384046316,-0.34689202904701233,4.923849582672119,1.5044103860855103,4.237380504608154,17.435754776000977,1.5044103860855103,0.6736401915550232,0.0,0.12481096386909485,0.6000000238418579,0.6000000238418579,0.6000000238418579,0.6000000238418579
26.0,333.0853091919248,-0.7711781859397888,0.40496084094047546,-0.1245538592338562,-0.7711781859397888,-0.1245538592338562,-0.7711781859397888,332.0869140625,-0.6557050347328186,15.847090721130371,0.40496084094047546,-0.010945294983685017,-0.5084747672080994,5.404847621917725,2.050954818725586,7.181561470031738,47.07303237915039,2.050954818725586,0.7415796518325806,0.0,0.11644970625638962,0.6000000238418579,0.6000000238418579,0.6000000238418579,0.6000000238418579
26.1,334.6588691742768,-0.9149013757705688,0.4150161147117615,-0.08335508406162262,-0.9149013757705688,-0.08335508406162262,-0.9149013757705688,333.6574401855469,-0.8417567014694214,15.781698226928711,0.4150161147117615,-0.018062228336930275,-0.6623515486717224,5.418575763702393,2.9951202869415283,11.142805099487305,43.678688049316406,2.9951202869415283,0.7763563394546509,0.0,0.11833231896162033,0.6000000238418579,0.6000000238418579,0.6000000238418579,0.6000000238418579
26.2,336.2288336485339,-1.0053882598876953,0.4083397388458252,-0.042086366564035416,-1.0053882598876953,-0.042086366564035416,-1.0053882598876953,335.2258605957031,-0.9733335971832275,15.694634437561035,0.4083397388458252,-0.025002410635352135,-0.8614615797996521,5.411519527435303,4.318562984466553,15.02239990234375,30.381502151489258,4.318562984466553,0.7536364793777466,0.0,0.13340984284877777,0.6000000238418579,0.6000000238418579,0.6000000238418579,0.6000000238418579
26.3,337.79092897388875,-1.0424182415008545,0.392226904630661,-0.0019903648644685745,-1.0424182415008545,-0.0019903648644685745,-1.0424182415008545,336.7879333496094,-1.0504543781280518,15.58366584777832,0.392226904630661,-0.030678262934088707,-1.0656630992889404,5.391356945037842,5.712467193603516,17.560222625732422,106.55284118652344,5.712467193603516,0.6500487923622131,0.0,0.17027948796749115,0.6000000238418579,0.6000000238418579,0.6000000238418579,0.6000000238418579
26.400000000000002,339.34087312478835,-1.027270793914795,0.37105709314346313,0.036216672509908676,-1.027270793914795,0.036216672509908676,-1.027270793914795,338.33941650390625,-1.0736242532730103,15.446849822998047,0.37105709314346313,-0.034497760236263275,-1.3371113538742065,5.332769393920898,7.6507673263549805,19.085512161254883,-23.910478591918945,7.6507673263549805,0.4652100205421448,0.0,0.24229562282562256,0.6000000238418579,0.6000000238418579,0.6000000238418579,0.6000000238418579
26.5,340.87466177558616,-0.9622387886047363,0.3462032973766327,0.07211820781230927,-0.9622387886047363,0.07211820781230927,-0.9622387886047363,339.8758850097656,-1.043900489807129,15.291537284851074,0.3462032973766327,-0.03612121194601059,-1.3444632291793823,5.314610481262207,8.772212028503418,3.0475270748138428,91.38023376464844,8.772212028503418,0.22855544090270996,0.0,0.35605230927467346,0.6000000238418579,0.6000000238418579,0.6000000238418579,0.6000000238418579
26.6,342.390896055434,-0.8480936288833618,0.322355180978775,0.10552173107862473,-0.8480936288833618,0.10552173107862473,-0.8480936288833618,341.395263671875,-0.9620043039321899,15.14555835723877,0.322355180978775,-0.03464355319738388,-1.178328037261963,5.379139423370361,8.801958084106445,0.0,0.0,8.801958084106445,-0.029772093519568443,0.0,0.4894461929798126,0.6000000238418579,0.6000000238418579,0.6000000238418579,0.6000000238418579
26.7,343.8894876347707,-0.6829349994659424,0.3038601279258728,0.13678844273090363,-0.6829349994659424,0.13678844273090363,-0.6829349994659424,342.8973388671875,-0.8277861475944519,15.022417068481445,0.3038601279258728,-0.030259665101766586,-0.9300662279129028,5.415592670440674,8.801958084106445,0.0,0.0,8.801958084106445,-0.28413480520248413,0.0,0.5883867740631104,0.6000000238418579,0.6000000238418579,0.6000000238418579,0.6000000238418579
26.8,345.3710945508314,-0.466653436422348,0.2925516963005066,0.16654491424560547,-0.466653436422348,0.16654491424560547,-0.466653436422348,344.3827819824219,-0.6411495804786682,14.92735767364502,0.2925516963005066,-0.023998616263270378,-0.6858479976654053,5.386624336242676,8.801958084106445,0.0,0.0,8.801958084106445,-0.513062059879303,0.0,0.6402350068092346,0.6000000238418579,0.6000000238418579,0.6000000238418579,0.6000000238418579
26.900000000000002,346.8363857285735,-0.1995406448841095,0.2915014624595642,0.1956482082605362,-0.1995406448841095,0.1956482082605362,-0.1995406448841095,345.8525085449219,-0.40249940752983093,14.858392715454102,0.2915014624595642,-0.017226139083504677,-0.48393505811691284,5.301403045654297,8.801958084106445,0.0,0.0,8.801958084106445,-0.6977116465568542,0.0,0.6651046872138977,0.6000000238418579,0.6000000238418579,0.6000000238418579,0.6000000238418579
27.0,348.2857001155746,0.11846781522035599,0.30154815316200256,0.22522667050361633,0.11846781522035599,0.22522667050361633,0.11846781522035599,347.3071594238281,-0.11271445453166962,14.810956001281738,0.30154815316200256,-0.01136794313788414,-0.3237772285938263,5.2183427810668945,8.208847045898438,-14.176286697387695,-174.5329132080078,8.208847045898438,-0.8201549649238586,0.0,0.6821860671043396,0.6000000238418579,0.6000000238418579,0.6000000238418579,0.6000000238418579
27.1,349.71997323585316,0.4871673583984375,0.31432345509529114,0.25604483485221863,0.4871673583984375,0.25604483485221863,0.4871673583984375,348.7475891113281,0.22738929092884064,14.80451774597168,0.31432345509529114,-0.007262050174176693,0.4174480140209198,5.095713138580322,5.997647285461426,-26.1799373626709,0.0,5.997647285461426,-0.8616224527359009,0.0,0.6387869715690613,0.6000000238418579,0.6000000238418579,0.6000000238418579,0.6000000238418579
27.2,351.14479385632774,0.9072539806365967,0.3139830529689789,0.2876727879047394,0.9072539806365967,0.2876727879047394,0.9072539806365967,350.17919921875,0.6176904439926147,14.888829231262207,0.3139830529689789,-0.005577824078500271,1.339843511581421,4.7228875160217285,3.3796536922454834,-26.1799373626709,-1.9539925233402755e-10,3.3796536922454834,-0.8016121983528137,0.0,0.5677956342697144,0.6000000238418579,0.6000000238418579,0.6000000238418579,0.6000000238418579
27.3,352.5698018329509,1.3739858865737915,0.2687883973121643,0.3173973262310028,1.3739858865737915,0.3173973262310028,1.3739858865737915,351.61053466796875,1.056626558303833,15.069045066833496,0.2687883973121643,-0.006451090797781944,2.3323371410369873,3.716761350631714,0.7616598010063171,-26.1799373626709,-2.8421709430404007e-11,0.7616598010063171,-0.618492603302002,0.0,0.49413588643074036,0.6000000238418579,0.6000000238418579,0.6000000238418579,0.6000000238418579
27.400000000000002,354.0117394934134,1.8558168411254883,-0.021177958697080612,0.33326560258865356,1.8558168411254883,0.33326560258865356,1.8558168411254883,353.0523986816406,1.5310852527618408,15.261856079101562,-0.021177958697080612,-0.015100101940333843,0.8660151958465576,-1.3874948024749756,-1.8563339710235596,-26.1799373626709,0.0,-1.8563339710235596,-0.2980101704597473,0.0,0.49446722865104675,0.6000000238418579,0.6000000238418579,0.6000000238418579,0.6000000238418579
27.5,355.4799357164257,2.2851827144622803,-0.33316919207572937,0.31365966796875,2.2851827144622803,0.31365966796875,2.2851827144622803,354.5079345703125,1.999821424484253,15.311685562133789,-0.33316919207572937,-0.010635342448949814,0.20789769291877747,-3.6284871101379395,-4.462808609008789,-24.26007652282715,174.5329132080078,-4.462808609008789,0.14607888460159302,0.0,0.6296348571777344,0.6000000238418579,0.6000000238418579,0.6000000238418579,0.6000000238418579
27.6,356.9611240154962,2.667262554168701,-0.4271211624145508,0.27448832988739014,2.667262554168701,0.27448832988739014,2.667262554168701,355.97625732421875,2.4363033771514893,15.32400131225586,-0.4271211624145508,-0.00010774278052849695,0.2041553556919098,-5.050683498382568,-5.266454696655273,0.0,0.0,-5.266454696655273,0.686669647693634,0.0,0.6194776892662048,0.6000000238418579,0.6000000238418579,0.6000000238418579,0.6000000238418579
27.7,358.45251625955956,3.00899600982666,-0.4304788410663605,0.2312403917312622,3.00899600982666,0.2312403917312622,3.00899600982666,357.45977783203125,2.8257949352264404,15.35515022277832,-0.4304788410663605,0.008644557558000088,0.3735179007053375,-5.476716995239258,-4.87161111831665,0.8726645708084106,174.5329132080078,-4.87161111831665,1.2850724458694458,0.0,0.4753062129020691,0.6000000238418579,0.6000000238418579,0.6000000238418579,0.6000000238418579
27.8,359.9572585977223,3.3059611320495605,-0.40760332345962524,0.18920104205608368,3.3059611320495605,0.18920104205608368,3.3059611320495605,358.95916748046875,3.163485288619995,15.382862091064453,-0.40760332345962524,0.015230913646519184,0.30381447076797485,-5.412052154541016,-3.944727897644043,16.307872772216797,103.20794677734375,-3.944727897644043,1.9129220247268677,0.0,0.2006608098745346,0.6000000238418579,0.6000000238418579,0.6000000238418579,0.6000000238418579
27.900000000000002,361.47300810096334,3.552797317504883,-0.3827713429927826,0.14979495108127594,3.552797317504883,0.14979495108127594,3.552797317504883,360.4710998535156,3.4484899044036865,15.37496566772461,-0.3827713429927826,0.019599566236138344,-0.5518330931663513,-5.329826354980469,-2.586988925933838,5.917889595031738,-174.5329132080078,-2.586988925933838,2.5496225357055664,0.0,0.0,0.6000000238418579,0.6000000238418579,0.6000000238418579,0.6000000238418579
28.0,362.98957417923225,3.745781183242798,-0.3750501275062561,0.11197257786989212,3.745781183242798,0.11197257786989212,3.745781183242798,361.9861755371094,3.6800830364227295,15.26827621459961,-0.3750501275062561,0.023214837536215782,-1.3571078777313232,-5.17157506942749,-2.859999656677246,-8.921156883239746,174.5329132080078,-2.859999656677246,3.1759471893310547,0.1265861839056015,0.0,0.6000000238418579,0.6000000238418579,0.6000000238418579,0.6000000238418579
28.1,364.49495928425995,3.8871936798095703,-0.3675794303417206,0.07482916861772537,3.8871936798095703,0.07482916861772537,3.8871936798095703,363.4927062988281,3.858855724334717,15.053845405578613,-0.3675794303417206,0.02765566296875477,-2.7187492847442627,-4.727458953857422,-3.7867298126220703,-12.040657997131348,-57.92424392700195,-3.7867298126220703,3.7739763259887695,0.2763943672180176,0.0,0.6000000238418579,0.6000000238418579,0.6000000238418579,0.6000000238418579
28.2,365.9746376818918,3.982788562774658,-0.37107324600219727,0.038057245314121246,3.982788562774658,0.038057245314121246,3.982788562774658,364.97637939453125,3.9885671138763428,14.723965644836426,-0.37107324600219727,0.0353669635951519,-3.479020357131958,-4.178096294403076,-5.221392631530762,-15.997881889343262,-22.045068740844727,-5.221392631530762,4.327692985534668,0.27961811423301697,0.0,0.6000000238418579,0.6000000238418579,0.6000000238418579,0.6000000238418579
28.3,367.42068246739336,4.034646511077881,-0.38444995880126953,0.0002767876139841974,4.034646511077881,0.0002767876139841974,4.034646511077881,366.4272155761719,4.074852466583252,14.343063354492188,-0.38444995880126953,0.04614681005477905,-3.755730628967285,-4.019772529602051,-6.891969203948975,-17.10383415222168,-3.562821865081787,-6.891969203948975,4.823718547821045,0.2289988249540329,0.0,0.6000000238418579,0.6000000238418579,0.6000000238418579,0.6000000238418579
28.400000000000002,368.83009229319197,4.0429558753967285,-0.3815085291862488,-0.03829888254404068,4.0429558753967285,-0.03829888254404068,4.0429558753967285,367.8408203125,4.120804309844971,13.949305534362793,-0.3815085291862488,0.05767223984003067,-3.648186683654785,-4.067476749420166,-7.217193126678467,1.919862151145935,174.5329132080078,-7.217193126678467,5.2462029457092285,0.15043669939041138,0.0,0.6000000238418579,0.6000000238418579,0.6000000238418579,0.6000000238418579
28.5,370.2024475391611,4.011932373046875,-0.3421064615249634,-0.07475344091653824,4.011932373046875,-0.07475344091653824,4.011932373046875,369.216796875,4.127335071563721,13.581649780273438,-0.3421064615249634,0.06533725559711456,-3.1940035820007324,-4.2996954917907715,-7.164138317108154,-5.609279155731201,-122.49449920654297,-7.164138317108154,5.574740409851074,0.08786776661872864,0.0,0.6000000238418579,0.6000000238418579,0.6000000238418579,0.6000000238418579
28.6,371.5400065422092,3.9443583488464355,-0.28672879934310913,-0.10630063712596893,3.9443583488464355,-0.10630063712596893,3.9443583488464355,370.5576171875,4.093356609344482,13.253325462341309,-0.28672879934310913,0.06546599417924881,-2.843752861022949,-4.480238437652588,-7.715396404266357,0.0,0.0,-7.715396404266357,5.781622409820557,0.056420180946588516,0.0,0.6000000238418579,0.6000000238418579,0.6000000238418579,0.6000000238418579
28.7,372.8444893098111,3.8425421714782715,-0.22252453863620758,-0.1318264752626419,3.8425421714782715,-0.1318264752626419,3.8425421714782715,371.865234375,4.0178728103637695,12.94969654083252,-0.22252453863620758,0.05782333388924599,-2.6999692916870117,-4.52451753616333,-7.382552146911621,1.2601988315582275,-122.67234802246094,-7.382552146911621,5.829598903656006,0.04310452193021774,0.0,0.6000000238418579,0.6000000238418579,0.6000000238418579,0.6000000238418579
28.8,374.11626338627167,3.7063193321228027,-0.16590596735477448,-0.15112167596817017,3.7063193321228027,-0.15112167596817017,3.7063193321228027,373.1401062011719,3.900999069213867,12.660865783691406,-0.16590596735477448,0.04273112863302231,-2.6379106044769287,-4.48561954498291,-7.933413028717041,-9.042586326599121,-38.59236145019531,-7.933413028717041,5.68316125869751,0.03926335275173187,0.0,0.6000000238418579,0.6000000238418579,0.6000000238418579,0.6000000238418579
28.900000000000002,375.3554297334259,3.535198211669922,-0.13583822548389435,-0.16591818630695343,3.535198211669922,-0.16591818630695343,3.535198211669922,374.3821105957031,3.7438926696777344,12.382111549377441,-0.13583822548389435,0.023453813046216965,-2.6682634353637695,-4.131490230560303,-8.229122161865234,0.0,0.0,-8.229122161865234,5.372071743011475,0.04100128635764122,0.0,0.6000000238418579,0.6000000238418579,0.6000000238418579,0.6000000238418579
29.0,376.5614556286579,3.330274820327759,-0.15354271233081818,-0.17995694279670715,3.330274820327759,-0.17995694279670715,3.330274820327759,375.5909423828125,3.550307035446167,12.106525421142578,-0.15354271233081818,0.00571479881182313,-2.7269740104675293,-3.720149040222168,-7.922395706176758,4.902736186981201,-174.5329132080078,-7.922395706176758,4.9524126052856445,0.04479729384183884,0.0,0.6000000238418579,0.6000000238418579,0.6000000238418579,0.6000000238418579
29.1,377.7327467520707,3.08982253074646,-0.2109687775373459,-0.19791916012763977,3.08982253074646,-0.19791916012763977,3.08982253074646,376.7662048339844,3.3247342109680176,11.830904006958008,-0.2109687775373459,-0.006454301066696644,-2.775346279144287,-3.5344605445861816,-8.150757789611816,-6.152176380157471,59.426055908203125,-8.150757789611816,4.462187767028809,0.045411400496959686,0.0,0.6000000238418579,0.6000000238418579,0.6000000238418579,0.6000000238418579
29.2,378.86755731062834,2.812190055847168,-0.27778124809265137,-0.2223876267671585,2.812190055847168,-0.2223876267671585,2.812190055847168,377.9072265625,3.06974720954895,11.556589126586914,-0.27778124809265137,-0.012495830655097961,-2.7755424976348877,-3.589674949645996,-8.35232162475586,-2.2207047939300537,-174.5329132080078,-8.35232162475586,3.9247045516967773,0.04522659257054329,0.0,0.6000000238418579,0.6000000238418579,0.6000000238418579,0.6000000238418579
29.3,379.9647974575636,2.4985811710357666,-0.33031436800956726,-0.25292882323265076,2.4985811710357666,-0.25292882323265076,2.4985811710357666,379.01324462890625,2.785810708999634,11.28510856628418,-0.33031436800956726,-0.014348863624036312,-2.7490384578704834,-3.7540886402130127,-8.63023853302002,3.214094877243042,174.5329132080078,-8.63023853302002,3.3535821437835693,0.04562444984912872,0.0,0.6000000238418579,0.6000000238418579,0.6000000238418579,0.6000000238418579
29.400000000000002,381.02376026803466,2.1514759063720703,-0.36101436614990234,-0.2876507639884949,2.1514759063720703,-0.2876507639884949,2.1514759063720703,380.0832214355469,2.472409725189209,11.017389297485352,-0.36101436614990234,-0.014444150030612946,-2.7261807918548584,-3.9258904457092285,-8.052825927734375,2.848849296569824,12.85743522644043,-8.052825927734375,2.7570531368255615,0.04761497676372528,0.0,0.6000000238418579,0.6000000238418579,0.6000000238418579,0.6000000238418579
29.5,382.0434928593602,1.7729452848434448,-0.37554070353507996,-0.3245852589607239,1.7729452848434448,-0.3245852589607239,1.7729452848434448,381.1159362792969,2.1291420459747314,10.75207233428955,-0.37554070353507996,-0.014487700536847115,-2.6943318843841553,-4.032585620880127,-7.198379993438721,14.242427825927734,88.02177429199219,-7.198379993438721,2.14082932472229,0.04968274384737015,0.0,0.6000000238418579,0.6000000238418579,0.6000000238418579,0.6000000238418579
29.6,383.023212149934,1.3646730184555054,-0.3841307759284973,-0.36253970861434937,1.3646730184555054,-0.36253970861434937,1.3646730184555054,382.1102600097656,1.7561379671096802,10.49313735961914,-0.3841307759284973,-0.01556556299328804,-2.5911238193511963,-4.177887439727783,-5.2598371505737305,23.69986343383789,-174.5329132080078,-5.2598371505737305,1.509508490562439,0.054359182715415955,0.0,0.6000000238418579,0.6000000238418579,0.6000000238418579,0.6000000238418579
29.7,383.9621520267631,0.9256786108016968,-0.40329065918922424,-0.4017638862133026,0.9256786108016968,-0.4017638862133026,0.9256786108016968,383.0655822753906,1.3530311584472656,10.252403259277344,-0.40329065918922424,-0.018245769664645195,-2.3715107440948486,-4.42006254196167,-2.906014919281006,26.1799373626709,1.9539925233402755e-10,-2.906014919281006,0.8661140203475952,0.07126560062170029,0.0,0.6000000238418579,0.6000000238418579,0.6000000238418579,0.6000000238418579
29.8,384.8616340117735,0.45605844259262085,-0.36572256684303284,-0.44258061051368713,0.45605844259262085,-0.44258061051368713,0.45605844259262085,383.9827575683594,0.9193177223205566,10.061964988708496,-0.36572256684303284,-0.01479499600827694,-1.2447720766067505,-1.3156884908676147,-0.470803439617157,25.132740020751953,-174.5329132080078,-0.470803439617157,0.21224680542945862,0.1241707131266594,0.0,0.6000000238418579,0.6000000238418579,0.6000000238418579,0.6000000238418579
29.900000000000002,385.7574494127125,0.012490388005971909,0.00664210831746459,-0.46181532740592957,0.012490388005971909,-0.46181532740592957,0.012490388005971909,384.8784484863281,0.47776973247528076,9.891459465026855,0.00664210831746459,0.008225285448133945,-2.278329372406006,1.6408586502075195,1.5700199604034424,17.027538299560547,62.773983001708984,1.5700199604034424,-0.4373130798339844,0.1963757574558258,0.0,0.6000000238418579,0.6000000238418579,0.6000000238418579,0.6000000238418579
30.0,386.6584224453935,-0.3715737462043762,0.3045313358306885,-0.4443185031414032,-0.3715737462043762,-0.4443185031414032,-0.3715737462043762,385.76226806640625,0.05969808250665665,9.672571182250977,0.3045313358306885,0.01749667152762413,-1.9846316576004028,3.7825636863708496,3.355818033218384,14.971776008605957,174.5329132080078,3.355818033218384,-1.0555530786514282,0.09170180559158325,0.0,0.6000000238418579,0.6000000238418579,0.6000000238418579,0.6000000238418579
30.1,387.55742832747325,-0.7053049802780151,0.380088746547699,-0.4080570936203003,-0.7053049802780151,-0.4080570936203003,-0.7053049802780151,386.6429748535156,-0.3176147937774658,9.469118118286133,0.380088746547699,0.023626988753676414,-3.5731382369995117,2.87068772315979,5.043012619018555,14.1065034866333,-174.5329132080078,5.043012619018555,-1.62032949924469,0.0,0.0,0.6000000238418579,0.6000000238418579,0.6000000238418579,0.6000000238418579
30.2,388.4337477008043,-1.0090816020965576,0.32338276505470276,-0.3737887740135193,-1.0090816020965576,-0.3737887740135193,-1.0090816020965576,387.51068115234375,-0.6517738103866577,9.140132904052734,0.32338276505470276,0.02379200980067253,-3.11787748336792,3.445450782775879,6.494449138641357,15.8148193359375,-59.75687026977539,6.494449138641357,-2.117511034011841,0.0,0.11836713552474976,0.6000000238418579,0.6000000238418579,0.6000000238418579,0.6000000238418579
30.3,389.29622647875607,-1.2699439525604248,0.3664077818393707,-0.3400840163230896,-1.2699439525604248,-0.3400840163230896,-1.2699439525604248,388.3626403808594,-0.9423269033432007,8.885018348693848,0.3664077818393707,0.033516328781843185,-2.0729615688323975,4.232361793518066,7.886345386505127,10.49984359741211,-167.18994140625,7.886345386505127,-2.5402352809906006,0.0,0.620823323726654,0.6000000238418579,0.6000000238418579,0.6000000238418579,0.6000000238418579
30.400000000000002,390.1589720554652,-1.474427342414856,0.45166295766830444,-0.29916882514953613,-1.474427342414856,-0.29916882514953613,-1.474427342414856,389.20928955078125,-1.1861690282821655,8.76321029663086,0.45166295766830444,0.044751014560461044,-0.7318552136421204,4.7921247482299805,9.026700973510742,13.050615310668945,2.0424692630767822,9.026700973510742,-2.881470203399658,0.0,0.914799153804779,0.6000000238418579,0.6000000238418579,0.6000000238418579,0.6000000238418579
30.5,391.0299992898957,-1.6242109537124634,0.5050854086875916,-0.25098657608032227,-1.6242109537124634,-0.25098657608032227,-1.6242109537124634,390.0625305175781,-1.382184386253357,8.763641357421875,0.5050854086875916,0.05245935916900635,0.1595902442932129,4.950530052185059,10.106042861938477,12.531041145324707,8.099221229553223,10.106042861938477,-3.131338596343994,0.0,1.0,0.6000000238418579,0.6000000238418579,0.6000000238418579,0.6000000238418579
30.6,391.9119524964524,-1.7237907648086548,0.5244814157485962,-0.19935916364192963,-1.7237907648086548,-0.19935916364192963,-1.7237907648086548,390.92919921875,-1.5306752920150757,8.829922676086426,0.5244814157485962,0.05667392164468765,0.5478761196136475,4.92444372177124,10.080348014831543,1.0089625120162964,116.76524353027344,10.080348014831543,-3.278611421585083,0.0,0.9889897704124451,0.6000000238418579,0.6000000238418579,0.6000000238418579,0.6000000238418579
30.7,392.8048020055393,-1.7737761735916138,0.5428683161735535,-0.14604414999485016,-1.7737761735916138,-0.14604414999485016,-1.7737761735916138,391.81072998046875,-1.6319109201431274,8.919145584106445,0.5428683161735535,0.05820344015955925,0.6440351605415344,4.906347751617432,10.302542686462402,0.0,0.0,10.302542686462402,-3.3213415145874023,0.0,0.9318337440490723,0.6000000238418579,0.6000000238418579,0.6000000238418579,0.6000000238418579
30.8,393.7071044168486,-1.772910714149475,0.5614333748817444,-0.09080678969621658,-1.772910714149475,-0.09080678969621658,-1.772910714149475,392.7057189941406,-1.685443639755249,9.013496398925781,0.5614333748817444,0.05741305649280548,0.6589379906654358,4.953042030334473,10.169598579406738,0.5204456448554993,174.5329132080078,10.169598579406738,-3.2660775184631348,0.0,0.8545961380004883,0.6000000238418579,0.6000000238418579,0.6000000238418579,0.6000000238418579
30.900000000000002,394.6165925695762,-1.7204099893569946,0.5759279131889343,-0.033901769667863846,-1.7204099893569946,-0.033901769667863846,-1.7204099893569946,393.6116943359375,-1.6901861429214478,9.1061429977417,0.5759279131889343,0.05512281134724617,0.6175664663314819,5.0342607498168945,10.200193405151367,-1.2237917184829712,-131.64553833007812,10.200193405151367,-3.1208977699279785,0.0,0.776210367679596,0.6000000238418579,0.6000000238418579,0.6000000238418579,0.6000000238418579
31.0,395.53022293202355,-1.615997552871704,0.5835682153701782,0.024128921329975128,-1.615997552871704,0.024128921329975128,-1.615997552871704,394.5255432128906,-1.6447702646255493,9.192756652832031,0.5835682153701782,0.05227129906415939,0.5625572204589844,5.130136013031006,10.422075271606445,5.694580554962158,-174.5329132080078,10.422075271606445,-2.8936338424682617,0.0,0.7112446427345276,0.6000000238418579,0.6000000238418579,0.6000000238418579,0.6000000238418579
31.1,396.44462937111945,-1.4599151611328125,0.5834817886352539,0.08253870159387589,-1.4599151611328125,0.08253870159387589,-1.4599151611328125,395.4437561035156,-1.5478886365890503,9.273011207580566,0.5834817886352539,0.04957202076911926,0.5133035182952881,5.209983825683594,10.40338134765625,1.5820449590682983,174.5329132080078,10.40338134765625,-2.5914878845214844,0.0,0.659317135810852,0.6000000238418579,0.6000000238418579,0.6000000238418579,0.6000000238418579
31.2,397.35647933209634,-1.2523198127746582,0.5788569450378418,0.14069223403930664,-1.2523198127746582,0.14069223403930664,-1.2523198127746582,396.3627624511719,-1.3986876010894775,9.34824275970459,0.5788569450378418,0.04729170352220535,0.4765084981918335,5.249040126800537,10.424893379211426,-4.038039684295654,15.236371040344238,10.424893379211426,-2.221149206161499,0.0,0.6168100833892822,0.6000000238418579,0.6000000238418579,0.6000000238418579,0.6000000238418579
31.3,398.2626254385641,-0.9936347603797913,0.5707983374595642,0.19819720089435577,-0.9936347603797913,0.19819720089435577,-0.9936347603797913,397.2791748046875,-1.1968657970428467,9.419392585754395,0.5707983374595642,0.045545585453510284,0.44952231645584106,5.259522914886475,10.008828163146973,-7.528900623321533,-145.8769073486328,10.008828163146973,-1.788875937461853,0.0,0.5813701748847961,0.6000000238418579,0.6000000238418579,0.6000000238418579,0.6000000238418579
31.400000000000002,399.1600416444055,-0.6844134330749512,0.5605859160423279,0.25479060411453247,-0.6844134330749512,0.25479060411453247,-0.6844134330749512,398.18963623046875,-0.9425820112228394,9.487133026123047,0.5605859160423279,0.04434649273753166,0.42675644159317017,5.252165794372559,8.646547317504883,-20.978052139282227,-174.5329132080078,8.646547317504883,-1.3004207611083984,0.0,0.5518724918365479,0.6000000238418579,0.6000000238418579,0.6000000238418579,0.6000000238418579
31.5,400.0469045106532,-0.3258242905139923,0.5405727028846741,0.3100769817829132,-0.3258242905139923,0.3100769817829132,-0.3258242905139923,399.0917053222656,-0.636394739151001,9.580430030822754,0.5405727028846741,0.042769838124513626,1.205522894859314,4.945433139801025,6.103599548339844,-26.1799373626709,2.4868995751603507e-10,6.103599548339844,-0.7608243227005005,0.0,0.5173751711845398,0.6000000238418579,0.6000000238418579,0.6000000238418579,0.6000000238418579
31.6,400.9296656812341,0.07889498770236969,0.4889412224292755,0.3618822395801544,0.07889498770236969,0.3618822395801544,0.07889498770236969,399.9900207519531,-0.27968230843544006,9.762986183166504,0.4889412224292755,0.038235411047935486,2.0434024333953857,4.258295059204102,3.485605478286743,-26.1799373626709,0.0,3.485605478286743,-0.1728159338235855,0.0,0.4372495412826538,0.6000000238418579,0.6000000238418579,0.6000000238418579,0.6000000238418579
31.7,401.8185648067469,0.5217925310134888,0.3912203907966614,0.40642592310905457,0.5217925310134888,0.40642592310905457,0.5217925310134888,400.892578125,0.12359561771154404,10.017059326171875,0.3912203907966614,0.03009776398539543,2.791074514389038,2.895533800125122,0.9639842510223389,-24.547882080078125,-167.60337829589844,0.9639842510223389,0.4600258469581604,0.0,0.313116192817688,0.6000000238418579,0.6000000238418579,0.6000000238418579,0.6000000238418579
31.8,402.7288076076387,0.9757083058357239,0.11314933747053146,0.4336678385734558,0.9757083058357239,0.4336678385734558,0.9757083058357239,401.8088684082031,0.5598112344741821,10.261879920959473,0.11314933747053146,0.011952657252550125,1.9050546884536743,-0.7112019658088684,-1.014060616493225,-13.711690902709961,95.9691390991211,-1.014060616493225,1.1262305974960327,0.0,0.0,0.6000000238418579,0.6000000238418579,0.6000000238418579,0.6000000238418579
31.900000000000002,403.66689520172895,1.3875818252563477,-0.19492946565151215,0.42847123742103577,1.3875818252563477,0.42847123742103577,1.3875818252563477,402.74005126953125,0.9937085509300232,10.257367134094238,-0.19492946565151215,-0.005564679391682148,-0.4114021062850952,-3.3927547931671143,-1.660272240638733,-1.4867002964019775,38.36452865600586,-1.660272240638733,1.7915840148925781,0.0,0.0,0.6000000238418579,0.6000000238418579,0.6000000238418579,0.6000000238418579
32.0,404.62018971625986,1.7489370107650757,-0.3423435389995575,0.40082234144210815,1.7489370107650757,0.40082234144210815,1.7489370107650757,403.6812438964844,1.3961691856384277,10.215956687927246,-0.3423435389995575,-0.01666930317878723,-0.5454701781272888,-4.591515064239502,-2.090855836868286,-7.677282810211182,13.613441467285156,-2.090855836868286,2.4206125736236572,0.0,0.0,0.6000000238418579,0.6000000238418579,0.6000000238418579,0.6000000238418579
32.1,405.587021709639,2.063898801803589,-0.43255266547203064,0.36170125007629395,2.063898801803589,0.36170125007629395,2.063898801803589,404.63568115234375,1.755281686782837,10.222220420837402,-0.43255266547203064,-0.025240132585167885,1.7741477489471436,-4.709322452545166,-3.0039806365966797,-9.875596046447754,69.458984375,-3.0039806365966797,2.9945831298828125,0.0,0.0,0.6000000238418579,0.6000000238418579,0.6000000238418579,0.6000000238418579
32.2,406.5769988631794,2.338184118270874,-0.4415605664253235,0.31836166977882385,2.338184118270874,0.31836166977882385,2.338184118270874,405.6129455566406,2.070435047149658,10.269257545471191,-0.4415605664253235,-0.030431879684329033,-0.6298189163208008,-5.057430267333984,-4.057735919952393,-10.816754341125488,-58.23793029785156,-4.057735919952393,3.5044186115264893,0.0,0.24051420390605927,0.6000000238418579,0.6000000238418579,0.6000000238418579,0.6000000238418579
32.3,407.5779398205377,2.560072660446167,-0.4852874279022217,0.272017240524292,2.560072660446167,0.272017240524292,2.560072660446167,406.6029052734375,2.336547374725342,10.24420166015625,-0.4852874279022217,-0.033378686755895615,-0.1420576423406601,-5.072761058807373,-5.0649919509887695,-8.988691329956055,-160.54759216308594,-5.0649919509887695,3.929612874984741,0.0,0.6227487921714783,0.6000000238418579,0.6000000238418579,0.6000000238418579,0.6000000238418579
32.4,408.5905760959849,2.7286536693573,-0.5086399912834167,0.22212372720241547,2.7286536693573,0.22212372720241547,2.7286536693573,407.604736328125,2.553295612335205,10.26082992553711,-0.5086399912834167,-0.033188484609127045,0.06616761535406113,-5.12171745300293,-6.164755821228027,-10.512733459472656,122.16426086425781,-6.164755821228027,4.252251148223877,0.0,0.7987255454063416,0.6000000238418579,0.6000000238418579,0.6000000238418579,0.6000000238418579
32.5,409.61327809404156,2.8451013565063477,-0.515291690826416,0.1708654910326004,2.8451013565063477,0.1708654910326004,2.8451013565063477,408.6183166503906,2.7201614379882812,10.283501625061035,-0.515291690826416,-0.031998809427022934,0.001177493017166853,-5.1658453941345215,-7.5802388191223145,-12.893301963806152,-96.0086669921875,-7.5802388191223145,4.4489030838012695,0.0,0.923686683177948,0.6000000238418579,0.6000000238418579,0.6000000238418579,0.6000000238418579
32.6,410.64216247548103,2.909757375717163,-0.5166494250297546,0.11923149973154068,2.909757375717163,0.11923149973154068,2.909757375717163,409.64093017578125,2.8361387252807617,10.304803848266602,-0.5166494250297546,-0.030665064230561256,0.18213088810443878,-5.173219203948975,-9.408297538757324,-16.43665313720703,95.76294708251953,-9.408297538757324,4.507979869842529,0.0,0.9900450706481934,0.6000000238418579,0.6000000238418579,0.6000000238418579,0.6000000238418579
32.7,411.6761063527444,2.92322039604187,-0.513133704662323,0.06772250682115555,2.92322039604187,0.06772250682115555,2.92322039604187,410.6714172363281,2.900841236114502,10.34928035736084,-0.513133704662323,-0.02929884009063244,0.351705402135849,-5.194131374359131,-10.846433639526367,0.0,0.0,-10.846433639526367,4.442899227142334,0.0,0.9993144869804382,0.6000000238418579,0.6000000238418579,0.6000000238418579,0.6000000238418579
32.8,412.71450640271314,2.8861327171325684,-0.5055567622184753,0.01677587814629078,2.8861327171325684,0.01677587814629078,2.8861327171325684,411.7089538574219,2.9138870239257812,10.406095504760742,-0.5055567622184753,-0.028466789051890373,0.47205743193626404,-5.207676410675049,-10.552024841308594,-0.5593076348304749,-138.47659301757812,-10.552024841308594,4.27124547958374,0.0,0.9787507653236389,0.6000000238418579,0.6000000238418579,0.6000000238418579,0.6000000238418579
32.9,413.75563577583563,2.796881914138794,-0.502964437007904,-0.03360651433467865,2.796881914138794,-0.03360651433467865,2.796881914138794,412.7520446777344,2.8749186992645264,10.471959114074707,-0.502964437007904,-0.02773961052298546,0.5291109085083008,-5.19035530090332,-10.742900848388672,6.210511207580566,81.70519256591797,-10.742900848388672,4.008172035217285,0.0,0.9274313449859619,0.6000000238418579,0.6000000238418579,0.6000000238418579,0.6000000238418579
33.0,414.7974695606476,2.6556355953216553,-0.5020239353179932,-0.08382504433393478,2.6556355953216553,-0.08382504433393478,2.6556355953216553,413.7987060546875,2.7838337421417236,10.541202545166016,-0.5020239353179932,-0.02683582343161106,0.5587148070335388,-5.187863349914551,-10.689355850219727,-5.971687316894531,-108.5607681274414,-10.689355850219727,3.666415214538574,0.0,0.8626679182052612,0.6000000238418579,0.6000000238418579,0.6000000238418579,0.6000000238418579
33.1,415.8375374010314,2.4620800018310547,-0.5030747652053833,-0.13410909473896027,2.4620800018310547,-0.13410909473896027,2.4620800018310547,414.84649658203125,2.640493392944336,10.61014175415039,-0.5030747652053833,-0.02559732459485531,0.5398110151290894,-5.218324661254883,-10.70566463470459,-0.3956936299800873,-174.5329132080078,-10.70566463470459,3.25620698928833,0.0,0.7953819036483765,0.6000000238418579,0.6000000238418579,0.6000000238418579,0.6000000238418579
33.2,416.87329933444437,2.216658115386963,-0.502740204334259,-0.18441015481948853,2.216658115386963,-0.18441015481948853,2.216658115386963,415.89263916015625,2.4447455406188965,10.67625617980957,-0.502740204334259,-0.02426571398973465,0.5046265125274658,-5.238556861877441,-10.748102188110352,6.813028335571289,90.89718627929688,-10.748102188110352,2.7859015464782715,0.0,0.731820285320282,0.6000000238418579,0.6000000238418579,0.6000000238418579,0.6000000238418579
33.3,417.90204047848283,1.9197938442230225,-0.49930670857429504,-0.2345190942287445,1.9197938442230225,-0.2345190942287445,1.9197938442230225,416.9341735839844,2.196558713912964,10.73786735534668,-0.49930670857429504,-0.023100491613149643,0.46750348806381226,-5.250293731689453,-10.356430053710938,4.976981163024902,174.5329132080078,-10.356430053710938,2.2625303268432617,0.0,0.6808940172195435,0.6000000238418579,0.6000000238418579,0.6000000238418579,0.6000000238418579
33.4,418.92084803109594,1.5718728303909302,-0.493755966424942,-0.2842070162296295,1.5718728303909302,-0.2842070162296295,1.5718728303909302,417.968017578125,1.896144986152649,10.794326782226562,-0.493755966424942,-0.022222211584448814,0.4188164472579956,-5.267151832580566,-9.326024055480957,14.913275718688965,160.62428283691406,-9.326024055480957,1.6922781467437744,0.0,0.6448538899421692,0.6000000238418579,0.6000000238418579,0.6000000238418579,0.6000000238418579
33.5,419.9271736367686,1.1740399599075317,-0.4836192727088928,-0.3331544101238251,1.1740399599075317,-0.3331544101238251,1.1740399599075317,418.99114990234375,1.5439728498458862,10.850682258605957,-0.4836192727088928,-0.021778181195259094,0.7016318440437317,-5.173977375030518,-7.206412315368652,26.1799373626709,3.907985046680551e-10,-7.206412315368652,1.0807503461837769,0.0,0.6201159358024597,0.6000000238418579,0.6000000238418579,0.6000000238418579,0.6000000238418579
33.6,420.92339844739473,0.7282453179359436,-0.446541965007782,-0.379988431930542,0.7282453179359436,-0.379988431930542,0.7282453179359436,420.0046691894531,1.1407290697097778,10.979907989501953,-0.446541965007782,-0.02002844400703907,1.6247227191925049,-4.649308204650879,-4.650256156921387,25.132740020751953,-174.5329132080078,-4.650256156921387,0.4318753480911255,0.0,0.5784512162208557,0.6000000238418579,0.6000000238418579,0.6000000238418579,0.6000000238418579
33.7,421.91898872814215,0.23943473398685455,-0.37653809785842896,-0.4214186370372772,0.23943473398685455,-0.4214186370372772,0.23943473398685455,421.01580810546875,0.6885191798210144,11.181917190551758,-0.37653809785842896,-0.0170193649828434,2.2288036346435547,-3.86141037940979,-2.1871824264526367,24.53175926208496,174.5329132080078,-2.1871824264526367,-0.2511160671710968,0.0,0.5213935375213623,0.6000000238418579,0.6000000238418579,0.6000000238418579,0.6000000238418579
33.8,422.9236266146384,-0.2825137674808502,-0.2359640896320343,-0.45379045605659485,-0.2825137674808502,-0.45379045605659485,-0.2825137674808502,422.03192138671875,0.19295595586299896,11.426528930664062,-0.2359640896320343,-0.009964711032807827,2.323342800140381,-0.9250966310501099,0.25559163093566895,23.109817504882812,174.5329132080078,0.25559163093566895,-0.9606950879096985,0.0,0.4708501100540161,0.6000000238418579,0.6000000238418579,0.6000000238418579,0.6000000238418579
33.9,423.95892987281985,-0.7922028303146362,0.0923556312918663,-0.46110251545906067,-0.7922028303146362,-0.46110251545906067,-0.7922028303146362,423.06378173828125,-0.3224611282348633,11.622260093688965,0.0923556312918663,0.002478511305525899,1.1826696395874023,2.1679983139038086,2.378621816635132,19.081621170043945,62.186737060546875,2.378621816635132,-1.6731345653533936,0.0,0.4576564431190491,0.6000000238418579,0.6000000238418579,0.6000000238418579,0.6000000238418579
34.0,425.02680676126624,-1.2586159706115723,0.3001852035522461,-0.44018808007240295,-1.2586159706115723,-0.44018808007240295,-1.2586159706115723,424.11572265625,-0.8250988721847534,11.680825233459473,0.3001852035522461,0.009438308887183666,0.23164179921150208,4.146396636962891,4.226779937744141,18.347379684448242,174.5329132080078,4.226779937744141,-2.347966194152832,0.0,0.5700922608375549,0.6000000238418579,0.6000000238418579,0.6000000238418579,0.6000000238418579
34.1,426.11464657910835,-1.6818355321884155,0.39234459400177,-0.4050070643424988,-1.6818355321884155,-0.4050070643424988,-1.6818355321884155,425.187255859375,-1.2922358512878418,11.695479393005371,0.39234459400177,0.013681275770068169,-0.027553310617804527,5.019947528839111,6.123603820800781,20.937257766723633,-49.38752746582031,6.123603820800781,-2.944138288497925,0.0,0.7370008826255798,0.6000000238418579,0.6000000238418579,0.6000000238418579,0.6000000238418579
34.2,427.2194004390101,-2.061481237411499,0.43808844685554504,-0.36330246925354004,-2.061481237411499,-0.36330246925354004,-2.061481237411499,426.2779235839844,-1.7137447595596313,11.687628746032715,0.43808844685554504,0.01620863936841488,-0.27193233370780945,5.296800136566162,8.111469268798828,19.822948455810547,-174.5329132080078,8.111469268798828,-3.426896095275879,0.0,0.8810596466064453,0.6000000238418579,0.6000000238418579,0.6000000238418579,0.6000000238418579
34.300000000000004,428.3408425567077,-2.391474723815918,0.4633857011795044,-0.3180966079235077,-2.391474723815918,-0.3180966079235077,-2.391474723815918,427.38555908203125,-2.0855605602264404,11.68694019317627,0.4633857011795044,0.01607663184404373,0.07764538377523422,5.266059398651123,10.190909385681152,23.36958122253418,154.68675231933594,10.190909385681152,-3.768547534942627,0.0,0.964510440826416,0.6000000238418579,0.6000000238418579,0.6000000238418579,0.6000000238418579
34.4,429.4793999122633,-2.6698763370513916,0.4687736928462982,-0.2712854743003845,-2.6698763370513916,-0.2712854743003845,-2.6698763370513916,428.5102844238281,-2.407572031021118,11.7169771194458,0.4687736928462982,0.014197040349245071,0.337106317281723,5.255954265594482,10.949044227600098,-1.3962633609771729,-174.5329132080078,10.949044227600098,-3.97021222114563,0.0,0.9809476137161255,0.6000000238418579,0.6000000238418579,0.6000000238418579,0.6000000238418579
34.5,430.63368999115767,-2.898076295852661,0.46164536476135254,-0.2247573882341385,-2.898076295852661,-0.2247573882341385,-2.898076295852661,429.6522216796875,-2.679758071899414,11.764362335205078,0.46164536476135254,0.012418434023857117,0.4599277675151825,5.210643768310547,10.95862865447998,0.0,0.0,10.95862865447998,-4.047744274139404,0.0,0.9607532024383545,0.6000000238418579,0.6000000238418579,0.6000000238418579,0.6000000238418579
34.6,431.80172147099375,-3.0751988887786865,0.45561450719833374,-0.17890571057796478,-3.0751988887786865,-0.17890571057796478,-3.0751988887786865,430.8102111816406,-2.9017136096954346,11.818625450134277,0.45561450719833374,0.011056149378418922,0.49614787101745605,5.24275016784668,10.960779190063477,0.0,0.0,10.960779190063477,-4.018833160400391,0.0,0.9126319885253906,0.6000000238418579,0.6000000238418579,0.6000000238418579,0.6000000238418579
34.7,432.98131571467894,-3.201378583908081,0.45084095001220703,-0.1335964798927307,-3.201378583908081,-0.1335964798927307,-3.201378583908081,431.9823913574219,-3.072862386703491,11.874914169311523,0.45084095001220703,0.010073360987007618,0.5121212005615234,5.251974582672119,10.834630966186523,3.9533989429473877,149.55752563476562,10.834630966186523,-3.899855375289917,0.0,0.8580767512321472,0.6000000238418579,0.6000000238418579,0.6000000238418579,0.6000000238418579
34.800000000000004,434.170430449065,-3.2759716510772705,0.4487151503562927,-0.08861657977104187,-3.2759716510772705,-0.08861657977104187,-3.2759716510772705,433.1666564941406,-3.192563533782959,11.931085586547852,0.4487151503562927,0.009281636215746403,0.5022780895233154,5.268985271453857,10.825469970703125,1.475070595741272,126.99873352050781,10.825469970703125,-3.704939365386963,0.0,0.8026265501976013,0.6000000238418579,0.6000000238418579,0.6000000238418579,0.6000000238418579
34.9,435.3669264769631,-3.298518419265747,0.44736039638519287,-0.04380107671022415,-3.298518419265747,-0.04380107671022415,-3.298518419265747,434.36053466796875,-3.2602009773254395,11.985342025756836,0.44736039638519287,0.008576802909374237,0.4769349992275238,5.288266658782959,10.738024711608887,-6.505012512207031,-174.5329132080078,10.738024711608887,-3.4462273120880127,0.0,0.7487488389015198,0.6000000238418579,0.6000000238418579,0.6000000238418579,0.6000000238418579
35.0,436.5684883339516,-3.268948793411255,0.44364848732948303,0.0007560397498309612,-3.268948793411255,0.0007560397498309612,-3.268948793411255,435.5614929199219,-3.2751946449279785,12.036538124084473,0.44364848732948303,0.008118578232824802,0.4505315124988556,5.298986434936523,10.04459285736084,-6.464004039764404,86.7964859008789,10.04459285736084,-3.1342761516571045,0.0,0.6980476379394531,0.6000000238418579,0.6000000238418579,0.6000000238418579,0.6000000238418579
35.1,437.7724752568317,-3.1864442825317383,0.44102224707603455,0.04497586935758591,-3.1864442825317383,0.04497586935758591,-3.1864442825317383,436.7669372558594,-3.2371859550476074,12.084344863891602,0.44102224707603455,0.007800012361258268,0.41002729535102844,5.289473056793213,9.609532356262207,-3.9131600856781006,-71.03254699707031,9.609532356262207,-2.7787086963653564,0.0,0.6554290056228638,0.6000000238418579,0.6000000238418579,0.6000000238418579,0.6000000238418579
35.2,438.9761629932411,-3.0510635375976562,0.43879586458206177,0.08897620439529419,-3.0510635375976562,0.08897620439529419,-3.0510635375976562,437.97406005859375,-3.1460983753204346,12.127128601074219,0.43879586458206177,0.00751237478107214,0.35799041390419006,5.291839122772217,9.133893966674805,-5.781153678894043,-45.227230072021484,9.133893966674805,-2.388859510421753,0.0,0.6270284652709961,0.6000000238418579,0.6000000238418579,0.6000000238418579,0.6000000238418579
35.300000000000004,440.17686947765344,-2.86330246925354,0.43514296412467957,0.13268838822841644,-2.86330246925354,0.13268838822841644,-2.86330246925354,439.1800842285156,-3.0019583702087402,12.164857864379883,0.43514296412467957,0.007375575602054596,0.3121912181377411,5.289742946624756,8.379801750183105,-9.579070091247559,-46.488731384277344,8.379801750183105,-1.9738647937774658,0.0,0.6101636290550232,0.6000000238418579,0.6000000238418579,0.6000000238418579,0.6000000238418579
35.4,441.3722618153707,-2.623680591583252,0.42717623710632324,0.17590710520744324,-2.623680591583252,0.17590710520744324,-2.623680591583252,440.38238525390625,-2.804969072341919,12.208807945251465,0.42717623710632324,0.007335992529988289,0.6314269304275513,5.191015243530273,7.160143852233887,-14.936501502990723,-49.872989654541016,7.160143852233887,-1.5430426597595215,0.0,0.5966765880584717,0.6000000238418579,0.6000000238418579,0.6000000238418579,0.6000000238418579
35.5,442.5639154702623,-2.333970308303833,0.40512293577194214,0.21763592958450317,-2.333970308303833,0.21763592958450317,-2.333970308303833,441.5818176269531,-2.555802345275879,12.30064868927002,0.40512293577194214,0.007097887806594372,1.1400381326675415,4.952071189880371,5.375892639160156,-20.652956008911133,-57.12448501586914,5.375892639160156,-1.106050729751587,0.0,0.5607245564460754,0.6000000238418579,0.6000000238418579,0.6000000238418579,0.6000000238418579
35.6,443.755788654259,-1.9968422651290894,0.3685954213142395,0.2564598321914673,-1.9968422651290894,0.2564598321914673,-1.9968422651290894,442.78173828125,-2.2559375762939453,12.442793846130371,0.3685954213142395,0.0067467838525772095,1.597904920578003,4.556239604949951,3.4669806957244873,-18.422975540161133,-38.2901611328125,3.4669806957244873,-0.6746787428855896,0.0,0.4977967143058777,0.6000000238418579,0.6000000238418579,0.6000000238418579,0.6000000238418579
35.7,444.95181387359787,-1.6165376901626587,0.3181842267513275,0.29094818234443665,-1.6165376901626587,0.29094818234443665,-1.6165376901626587,443.985595703125,-1.9080852270126343,12.624215126037598,0.3181842267513275,0.006472216919064522,1.9634146690368652,3.992500066757202,1.6033989191055298,-19.008291244506836,-19.996456146240234,1.6033989191055298,-0.2648290693759918,0.0,0.4117676019668579,0.6000000238418579,0.6000000238418579,0.6000000238418579,0.6000000238418579
35.800000000000004,446.1579170580585,-1.2045329809188843,0.17432686686515808,0.3178488612174988,-1.2045329809188843,0.3178488612174988,-1.2045329809188843,445.1973571777344,-1.5185418128967285,12.822549819946289,0.17432686686515808,0.0010306431213393807,0.9013103246688843,0.6414723992347717,-0.18548722565174103,-12.342195510864258,163.25762939453125,-0.18548722565174103,0.10434675216674805,0.0,0.30516794323921204,0.6000000238418579,0.6000000238418579,0.6000000238418579,0.6000000238418579
35.9,447.38080545283896,-0.8109310269355774,-0.08061850070953369,0.32190588116645813,-0.8109310269355774,0.32190588116645813,-0.8109310269355774,446.4178466796875,-1.115443229675293,12.883225440979004,-0.08061850070953369,-0.004818211775273085,0.611158549785614,-1.036486268043518,-0.7297934293746948,-1.1908849477767944,39.40110397338867,-0.7297934293746948,0.4052202105522156,0.0,0.3209420442581177,0.6000000238418579,0.6000000238418579,0.6000000238418579,0.6000000238418579
36.0,448.61667985839483,-0.44189414381980896,-0.18333964049816132,0.30750367045402527,-0.44189414381980896,0.30750367045402527,-0.44189414381980896,447.6473083496094,-0.7200096249580383,12.94637393951416,-0.18333964049816132,-0.0035357330925762653,0.6311660408973694,-2.3257298469543457,-0.7822023034095764,-0.4480981230735779,-1.7210731506347656,-0.7822023034095764,0.6242339015007019,0.0,0.33583515882492065,0.6000000238418579,0.6000000238418579,0.6000000238418579,0.6000000238418579
36.1,449.8648007380438,-0.09205041080713272,-0.20658870041370392,0.28778359293937683,-0.09205041080713272,0.28778359293937683,-0.09205041080713272,448.8895263671875,-0.3441711962223053,13.010286331176758,-0.20658870041370392,-0.0043547083623707294,0.6281970143318176,-2.965773344039917,-0.8336564302444458,-0.5059170126914978,2.133040428161621,-0.8336564302444458,0.7584251165390015,0.0,0.34268689155578613,0.6000000238418579,0.6000000238418579,0.6000000238418579,0.6000000238418579
36.2,451.1262379978368,0.2352975755929947,-0.21749663352966309,0.2665589451789856,0.2352975755929947,0.2665589451789856,0.2352975755929947,450.1460266113281,0.005521832033991814,13.074556350708008,-0.21749663352966309,-0.006607202347368002,0.625590443611145,-3.1212592124938965,-0.8698506355285645,-0.2338881939649582,1.6629832983016968,-0.8698506355285645,0.8141210079193115,0.0,0.3437049984931946,0.6000000238418579,0.6000000238418579,0.6000000238418579,0.6000000238418579
36.300000000000004,452.4016607386766,0.5355021953582764,-0.22499015927314758,0.24436154961585999,0.5355021953582764,0.24436154961585999,0.5355021953582764,451.41668701171875,0.3270150125026703,13.139625549316406,-0.22499015927314758,-0.007803028915077448,0.6252071261405945,-2.9964869022369385,-0.8499287962913513,0.07832520455121994,-21.960176467895508,-0.8499287962913513,0.8035141229629517,0.0,0.33954012393951416,0.6000000238418579,0.6000000238418579,0.6000000238418579,0.6000000238418579
36.4,453.6902434832747,0.8077967166900635,-0.2270697057247162,0.22178342938423157,0.8077967166900635,0.22178342938423157,0.8077967166900635,452.7007141113281,0.6207594275474548,13.203328132629395,-0.2270697057247162,-0.00782659463584423,0.5945460200309753,-2.993931293487549,-0.8630984425544739,-0.4514726996421814,-3.873204231262207,-0.8630984425544739,0.7411750555038452,0.0,0.3303143084049225,0.6000000238418579,0.6000000238418579,0.6000000238418579,0.6000000238418579
36.5,454.99097139790376,1.0505309104919434,-0.2382989227771759,0.198636993765831,1.0505309104919434,0.198636993765831,1.0505309104919434,453.99713134765625,0.8864027857780457,13.262679100036621,-0.2382989227771759,-0.007890542969107628,0.5390786528587341,-3.181532144546509,-0.9513465762138367,-1.3414596319198608,-37.836666107177734,-0.9513465762138367,0.6407559514045715,0.0,0.31938305497169495,0.6000000238418579,0.6000000238418579,0.6000000238418579,0.6000000238418579
36.6,456.30300812233446,1.2598752975463867,-0.26368609070777893,0.17366012930870056,1.2598752975463867,0.17366012930870056,1.2598752975463867,455.30511474609375,1.121694803237915,13.315850257873535,-0.26368609070777893,-0.00808532815426588,0.4694596230983734,-3.529496669769287,-1.0918736457824707,-1.513615608215332,-84.96620178222656,-1.0918736457824707,0.514186441898346,0.0,0.30927109718322754,0.6000000238418579,0.6000000238418579,0.6000000238418579,0.6000000238418579
36.7,457.62537474859204,1.4317939281463623,-0.2881174683570862,0.14582227170467377,1.4317939281463623,0.14582227170467377,1.4317939281463623,456.62384033203125,1.323154091835022,13.365468978881836,-0.2881174683570862,-0.0073499432764947414,0.49107110500335693,-3.559068441390991,-1.0427801609039307,1.982973337173462,-12.009150505065918,-1.0427801609039307,0.37235772609710693,0.0,0.30665287375450134,0.6000000238418579,0.6000000238418579,0.6000000238418579,0.6000000238418579
36.800000000000004,458.95671040315443,1.5699678659439087,-0.27743417024612427,0.11748397350311279,1.5699678659439087,0.11748397350311279,1.5699678659439087,457.9525451660156,1.4900232553482056,13.417030334472656,-0.27743417024612427,-0.005356102250516415,0.4543759822845459,-3.7151174545288086,-1.055662751197815,-4.695130348205566,-25.111949920654297,-1.055662751197815,0.2285664826631546,0.0,0.31302961707115173,0.6000000238418579,0.6000000238418579,0.6000000238418579,0.6000000238418579
36.9,460.296136978757,1.6682257652282715,-0.32203415036201477,0.08810808509588242,1.6682257652282715,0.08810808509588242,1.6682257652282715,459.2901306152344,1.6195529699325562,13.458457946777344,-0.32203415036201477,-0.007237157318741083,0.3499867022037506,-4.540250301361084,-1.5977002382278442,-4.460155487060547,-26.663394927978516,-1.5977002382278442,0.09613284468650818,0.0,0.34170258045196533,0.6000000238418579,0.6000000238418579,0.6000000238418579,0.6000000238418579
37.0,461.6423512205181,1.7138997316360474,-0.3828977942466736,0.05269689857959747,1.7138997316360474,0.05269689857959747,1.7138997316360474,460.63519287109375,1.704363465309143,13.497945785522461,-0.3828977942466736,-0.006996979471296072,0.37325596809387207,-4.921709060668945,-1.9904325008392334,-3.659569263458252,-3.188446044921875,-1.9904325008392334,-0.013324805535376072,0.0,0.387021005153656,0.6000000238418579,0.6000000238418579,0.6000000238418579,0.6000000238418579
37.1,462.99331462119704,1.7075670957565308,-0.4098828136920929,0.012763231992721558,1.7075670957565308,0.012763231992721558,1.7075670957565308,461.9866027832031,1.7404696941375732,13.540661811828613,-0.4098828136920929,-0.0040132817812263966,0.41822269558906555,-5.069313049316406,-2.4011282920837402,-4.674042224884033,-22.443435668945312,-2.4011282920837402,-0.08516813814640045,0.0,0.4400244653224945,0.6000000238418579,0.6000000238418579,0.6000000238418579,0.6000000238418579
37.2,464.34727171866393,1.6509708166122437,-0.41104063391685486,-0.028408857062458992,1.6509708166122437,-0.028408857062458992,1.6509708166122437,463.3427734375,1.7259862422943115,13.585131645202637,-0.41104063391685486,-0.000581311818677932,0.4416910707950592,-5.159543514251709,-2.9277074337005615,-5.646324157714844,-14.760017395019531,-2.9277074337005615,-0.10605070739984512,0.0,0.5003018379211426,0.6000000238418579,0.6000000238418579,0.6000000238418579,0.6000000238418579
37.300000000000004,465.702606429859,1.5439096689224243,-0.40183791518211365,-0.06911414861679077,1.5439096689224243,-0.06911414861679077,1.5439096689224243,464.7018737792969,1.6598522663116455,13.630733489990234,-0.40183791518211365,0.0020665356423705816,0.4793859124183655,-5.181494235992432,-3.487222194671631,-5.171359539031982,-9.316742897033691,-3.487222194671631,-0.07984014600515366,0.0,0.5684099197387695,0.6000000238418579,0.6000000238418579,0.6000000238418579,0.6000000238418579
37.4,467.05794894206286,1.3864524364471436,-0.38724109530448914,-0.10861131548881531,1.3864524364471436,-0.10861131548881531,1.3864524364471436,466.0622863769531,1.5416916608810425,13.681896209716797,-0.38724109530448914,0.003621149342507124,0.5813430547714233,-5.156269550323486,-3.900217294692993,-3.006511688232422,60.50249481201172,-3.900217294692993,-0.020664794370532036,0.0,0.6370992064476013,0.6000000238418579,0.6000000238418579,0.6000000238418579,0.6000000238418579
37.5,468.4125916298575,1.1791995763778687,-0.3690522313117981,-0.1464574933052063,1.1791995763778687,-0.1464574933052063,1.1791995763778687,467.42291259765625,1.3716198205947876,13.745429039001465,-0.3690522313117981,0.004022303968667984,0.7271597385406494,-5.083548069000244,-4.071942329406738,-0.3868611454963684,21.92693519592285,-4.071942329406738,0.05708964914083481,0.0,0.6655553579330444,0.6000000238418579,0.6000000238418579,0.6000000238418579,0.6000000238418579
37.6,469.7663273296384,0.9229246377944946,-0.34952881932258606,-0.18239864706993103,0.9229246377944946,-0.18239864706993103,0.9229246377944946,468.7833557128906,1.1501740217208862,13.825103759765625,-0.34952881932258606,0.0034229964949190617,0.9106075763702393,-4.95560359954834,-3.941798448562622,3.228799343109131,39.07676696777344,-3.941798448562622,0.14005917310714722,0.0,0.6684425473213196,0.6000000238418579,0.6000000238418579,0.6000000238418579,0.6000000238418579
37.7,471.11977421142564,0.6188743710517883,-0.3271242380142212,-0.2163219004869461,0.6188743710517883,-0.2163219004869461,0.6188743710517883,470.1439514160156,0.8783479928970337,13.932100296020508,-0.3271242380142212,0.0023795950692147017,1.3449335098266602,-4.669567584991455,-2.9249043464660645,17.511863708496094,-30.181140899658203,-2.9249043464660645,0.21622580289840698,0.0,0.6080089807510376,0.6000000238418579,0.6000000238418579,0.6000000238418579,0.6000000238418579
37.800000000000004,472.4767404147363,0.2703123688697815,-0.28846460580825806,-0.24722668528556824,0.2703123688697815,-0.24722668528556824,0.2703123688697815,471.5076904296875,0.5582150816917419,14.089096069335938,-0.28846460580825806,0.0016043108189478517,1.7222676277160645,-4.207080841064453,-1.7548942565917969,10.625476837158203,85.4732437133789,-1.7548942565917969,0.2755989134311676,0.0,0.561991810798645,0.6000000238418579,0.6000000238418579,0.6000000238418579,0.6000000238418579
37.9,473.8414940323705,-0.11793570220470428,-0.22194114327430725,-0.2735916078090668,-0.11793570220470428,-0.2735916078090668,-0.11793570220470428,472.87823486328125,0.193451389670372,14.28253173828125,-0.22194114327430725,0.0017181154107674956,2.0681419372558594,-2.4430906772613525,-0.26128968596458435,15.734281539916992,-90.33930969238281,-0.26128968596458435,0.30995726585388184,0.0,0.46469342708587646,0.6000000238418579,0.6000000238418579,0.6000000238418579,0.6000000238418579
38.0,475.22448292515077,-0.5097754597663879,0.028382454067468643,-0.284133642911911,-0.5097754597663879,-0.284133642911911,-0.5097754597663879,474.2607116699219,-0.19813480973243713,14.4295654296875,0.028382454067468643,0.007673757616430521,1.1688255071640015,0.6925262212753296,0.8058222532272339,7.001081466674805,-74.32408142089844,0.8058222532272339,0.32208165526390076,0.0,0.5299340486526489,0.6000000238418579,0.6000000238418579,0.6000000238418579,0.6000000238418579
38.1,476.62850188700185,-0.8682761788368225,0.23902322351932526,-0.26976603269577026,-0.8682761788368225,-0.26976603269577026,-0.8682761788368225,475.6565246582031,-0.5863937735557556,14.541716575622559,0.23902322351932526,0.006059161387383938,0.9656497836112976,3.1290383338928223,1.2948077917099,3.5272841453552246,-48.09992218017578,1.2948077917099,0.32502275705337524,0.0,0.48886361718177795,0.6000000238418579,0.6000000238418579,0.6000000238418579,0.6000000238418579
38.2,478.05146822040155,-1.1881024837493896,0.3358277380466461,-0.24036189913749695,-1.1881024837493896,-0.24036189913749695,-1.1881024837493896,477.06964111328125,-0.9485710859298706,14.63148021697998,0.3358277380466461,0.002863609930500388,0.7911262512207031,4.438287258148193,1.4696681499481201,0.9868158102035522,-0.23479914665222168,1.4696681499481201,0.3293743133544922,0.0,0.4378206729888916,0.6000000238418579,0.6000000238418579,0.6000000238418579,0.6000000238418579
38.300000000000004,479.4900913079789,-1.4680194854736328,0.374647319316864,-0.2045876532793045,-1.4680194854736328,-0.2045876532793045,-1.4680194854736328,478.5007629394531,-1.2701551914215088,14.701171875,0.374647319316864,-0.00035316558205522597,0.5958641171455383,5.07873010635376,1.5774099826812744,1.2083903551101685,3.4189956188201904,1.5774099826812744,0.3355979323387146,0.0,0.3938028812408447,0.6000000238418579,0.6000000238418579,0.6000000238418579,0.6000000238418579
38.4,480.9430241642295,-1.702141523361206,0.39343515038490295,-0.16609323024749756,-1.702141523361206,-0.16609323024749756,-1.702141523361206,479.9478454589844,-1.5437583923339844,14.750879287719727,0.39343515038490295,-0.003631165251135826,0.4094783365726471,5.271434783935547,1.719441294670105,1.696709394454956,6.442882061004639,1.719441294670105,0.33418381214141846,0.0,0.34622398018836975,0.6000000238418579,0.6000000238418579,0.6000000238418579,0.6000000238418579
38.5,482.40769596084715,-1.8846596479415894,0.40170910954475403,-0.12625481188297272,-1.8846596479415894,-0.12625481188297272,-1.8846596479415894,481.4076843261719,-1.7661895751953125,14.780217170715332,0.40170910954475403,-0.007539845537394285,0.2332802563905716,5.325904846191406,1.9146037101745605,2.1222262382507324,1.754988193511963,1.9146037101745605,0.3114260137081146,0.0,0.3053670823574066,0.6000000238418579,0.6000000238418579,0.6000000238418579,0.6000000238418579
38.6,483.8800701559521,-2.014096736907959,0.39959800243377686,-0.08610688149929047,-2.014096736907959,-0.08610688149929047,-2.014096736907959,482.8765563964844,-1.9360860586166382,14.791424751281738,0.39959800243377686,-0.011555501259863377,0.09012780338525772,5.345255374908447,2.1228909492492676,1.8984063863754272,-7.564132213592529,2.1228909492492676,0.2662881016731262,0.0,0.27304700016975403,0.6000000238418579,0.6000000238418579,0.6000000238418579,0.6000000238418579
38.7,485.35633986245784,-2.0907814502716064,0.391176700592041,-0.046541061252355576,-2.0907814502716064,-0.046541061252355576,-2.0907814502716064,484.3509521484375,-2.052722215652466,14.787805557250977,0.391176700592041,-0.01478412002325058,-0.020733436569571495,5.3877644538879395,2.2481491565704346,0.434960275888443,-11.307629585266113,2.2481491565704346,0.20610252022743225,0.0,0.2464364618062973,0.6000000238418579,0.6000000238418579,0.6000000238418579,0.6000000238418579
38.800000000000004,486.83336396628897,-2.1145029067993164,0.38163644075393677,-0.007895903661847115,-2.1145029067993164,-0.007895903661847115,-2.1145029067993164,485.82769775390625,-2.1154801845550537,14.774343490600586,0.38163644075393677,-0.016817264258861542,-0.062317878007888794,5.418429851531982,2.194916009902954,-2.0914053916931152,-39.65177917480469,2.194916009902954,0.1390257179737091,0.0,0.23865561187267303,0.6000000238418579,0.6000000238418579,0.6000000238418579,0.6000000238418579
38.9,488.3089833980279,-2.0850443840026855,0.37285497784614563,0.029810046777129173,-2.0850443840026855,0.029810046777129173,-2.0850443840026855,487.30438232421875,-2.1239776611328125,14.762950897216797,0.37285497784614563,-0.01765521802008152,0.044189490377902985,5.478704452514648,1.7686904668807983,-6.657464981079102,-55.89305114746094,1.7686904668807983,0.07341007143259048,0.0,0.2428942173719406,0.6000000238418579,0.6000000238418579,0.6000000238418579,0.6000000238418579
39.0,489.78266570998665,-2.0020358562469482,0.3559427857398987,0.06664137542247772,-2.0020358562469482,0.06664137542247772,-2.0020358562469482,488.7801208496094,-2.0778729915618896,14.773202896118164,0.3559427857398987,-0.01798318699002266,0.3579584062099457,4.936481952667236,0.8958892226219177,-8.150616645812988,57.61563491821289,0.8958892226219177,0.017620090395212173,0.0,0.24613669514656067,0.6000000238418579,0.6000000238418579,0.6000000238418579,0.6000000238418579
39.1,491.25632639491306,-1.8794218301773071,0.2529171407222748,0.09767591208219528,-1.8794218301773071,0.09767591208219528,-1.8794218301773071,490.2557067871094,-1.9829169511795044,14.800243377685547,0.2529171407222748,-0.019896196201443672,0.3571043014526367,3.8384933471679688,0.38419148325920105,-3.263026475906372,12.638092994689941,0.38419148325920105,-0.025026986375451088,0.0,0.24458026885986328,0.6000000238418579,0.6000000238418579,0.6000000238418579,0.6000000238418579
39.2,492.7310530312267,-1.7326836585998535,0.12460750341415405,0.11660552769899368,-1.7326836585998535,0.11660552769899368,-1.7326836585998535,491.7312316894531,-1.8496915102005005,14.83177375793457,0.12460750341415405,-0.016135161742568016,0.38636356592178345,2.747431516647339,0.11008570343255997,-2.0474672317504883,18.203310012817383,0.11008570343255997,-0.055604610592126846,0.0,0.24553389847278595,0.6000000238418579,0.6000000238418579,0.6000000238418579,0.6000000238418579
39.300000000000004,494.20776365903396,-1.5705275535583496,0.022662417963147163,0.1236087903380394,-1.5705275535583496,0.1236087903380394,-1.5705275535583496,493.2074279785156,-1.6886757612228394,14.867887496948242,0.022662417963147163,-0.008417497389018536,0.3883523643016815,1.5632202625274658,-0.011160814203321934,-0.5961329340934753,7.661731719970703,-0.011160814203321934,-0.07694908231496811,0.0,0.24516859650611877,0.6000000238418579,0.6000000238418579,0.6000000238418579,0.6000000238418579
39.4,495.68716585245306,-1.4000325202941895,-0.02179243415594101,0.123176209628582,-1.4000325202941895,0.123176209628582,-1.4000325202941895,494.685546875,-1.5114842653274536,14.90583324432373,-0.02179243415594101,-0.0010436821030452847,0.38007652759552,0.4996643662452698,-0.0389283187687397,0.015955641865730286,5.013893127441406,-0.0389283187687397,-0.09448700398206711,0.0,0.24343305826187134,0.6000000238418579,0.6000000238418579,0.6000000238418579,0.6000000238418579
39.5,497.1695948981269,-1.2247169017791748,-0.01998976245522499,0.12085095793008804,-1.2247169017791748,0.12085095793008804,-1.2247169017791748,496.1667785644531,-1.3283473253250122,14.943497657775879,-0.01998976245522499,0.0023994813673198223,0.37474894523620605,-0.09880619496107101,-0.025819137692451477,0.09788244962692261,-3.1818747520446777,-0.025819137692451477,-0.11270657181739807,0.0,0.24320265650749207,0.6000000238418579,0.6000000238418579,0.6000000238418579,0.6000000238418579
39.6,498.6553142520275,-1.0461817979812622,-0.009215621277689934,0.11944571882486343,-1.0461817979812622,0.11944571882486343,-1.0461817979812622,497.65179443359375,-1.1454278230667114,14.981151580810547,-0.009215621277689934,0.002196403220295906,0.3812183141708374,-0.3428729772567749,-0.038636673241853714,-0.3674643039703369,-4.468948841094971,-0.038636673241853714,-0.13147810101509094,0.0,0.24518224596977234,0.6000000238418579,0.6000000238418579,0.6000000238418579,0.6000000238418579
39.7,500.14479347039514,-0.8678833246231079,-0.012246065773069859,0.11851628124713898,-0.8678833246231079,0.11851628124713898,-0.8678833246231079,499.1409912109375,-0.9653760194778442,15.019720077514648,-0.012246065773069859,0.0004003093345090747,0.3917437493801117,-0.46600425243377686,-0.09399013966321945,-0.6928253173828125,-1.8176745176315308,-0.09399013966321945,-0.14702048897743225,0.0,0.24877995252609253,0.6000000238418579,0.6000000238418579,0.6000000238418579,0.6000000238418579
39.800000000000004,501.638711071505,-0.6942499279975891,-0.0293963011354208,0.11652447283267975,-0.6942499279975891,0.11652447283267975,-0.6942499279975891,500.6346435546875,-0.7895292639732361,15.059497833251953,-0.0293963011354208,-0.0011373157612979412,0.4037550091743469,-0.6094606518745422,-0.16652655601501465,-0.7045722007751465,1.4401516914367676,-0.16652655601501465,-0.15588298439979553,0.0,0.2531675696372986,0.6000000238418579,0.6000000238418579,0.6000000238418579,0.6000000238418579
39.9,503.1376042447382,-0.5286511778831482,-0.05050389841198921,0.11252618581056595,-0.5286511778831482,0.11252618581056595,-0.5286511778831482,502.1330261230469,-0.619316041469574,15.100614547729492,-0.05050389841198921,-0.0017637991113588214,0.41617560386657715,-0.7984864115715027,-0.22636593878269196,-0.4760560393333435,2.470654010772705,-0.22636593878269196,-0.15690748393535614,0.0,0.2575175166130066,0.6000000238418579,0.6000000238418579,0.6000000238418579,0.6000000238418579
40.0,504.6417397698571,-0.37287968397140503,-0.06693535298109055,0.10661018639802933,-0.37287968397140503,0.10661018639802933,-0.37287968397140503,503.6364440917969,-0.45656752586364746,15.142956733703613,-0.06693535298109055,-0.001739328377880156,0.42685040831565857,-0.9941790103912354,-0.26580408215522766,-0.34141862392425537,1.0410088300704956,-0.26580408215522766,-0.15101595222949982,0.0,0.2611902058124542,0.6000000238418579,0.6000000238418579,0.6000000238418579,0.6000000238418579
40.1,506.1512223917483,-0.22796329855918884,-0.0777691975235939,0.09933801740407944,-0.22796329855918884,0.09933801740407944,-0.22796329855918884,505.1451416015625,-0.3032216727733612,15.186256408691406,-0.0777691975235939,-0.0015844801673665643,0.4350022077560425,-1.1608890295028687,-0.29163187742233276,-0.14925150573253632,2.5686538219451904,-0.29163187742233276,-0.14031967520713806,0.0,0.26399558782577515,0.6000000238418579,0.6000000238418579,0.6000000238418579,0.6000000238418579
40.2,507.66609785368524,-0.09463340789079666,-0.0828215479850769,0.09125648438930511,-0.09463340789079666,0.09125648438930511,-0.09463340789079666,506.6593017578125,-0.16091403365135193,15.23026180267334,-0.0828215479850769,-0.0014330281410366297,0.44091275334358215,-1.241404414176941,-0.2939395606517792,0.08807408809661865,1.9060138463974,-0.2939395606517792,-0.1271618902683258,0.0,0.26577576994895935,0.6000000238418579,0.6000000238418579,0.6000000238418579,0.6000000238418579
40.300000000000004,509.1863439004145,0.027128389105200768,-0.0817028358578682,0.08298523724079132,0.027128389105200768,0.08298523724079132,0.027128389105200768,508.1789855957031,-0.03048066236078739,15.274706840515137,-0.0817028358578682,-0.0013089516432955861,0.44386041164398193,-1.235453724861145,-0.27825358510017395,0.2016327977180481,0.5302918553352356,-0.27825358510017395,-0.11332965642213821,0.0,0.26643508672714233,0.6000000238418579,0.6000000238418579,0.6000000238418579,0.6000000238418579
40.4,510.7118953589633,0.13779592514038086,-0.07678141444921494,0.0750398263335228,0.13779592514038086,0.0750398263335228,0.13779592514038086,509.7041015625,0.08806635439395905,15.319269180297852,-0.07678141444921494,-0.0012559700990095735,0.4437369406223297,-1.1731171607971191,-0.2568066120147705,0.21740485727787018,-0.0643630251288414,-0.2568066120147705,-0.09977898746728897,0.0,0.26621946692466736,0.6000000238418579,0.6000000238418579,0.6000000238418579,0.6000000238418579
40.5,512.2426653335555,0.23796768486499786,-0.07069936394691467,0.06765996664762497,0.23796768486499786,0.06765996664762497,0.23796768486499786,511.2345275878906,0.1952715963125229,15.363688468933105,-0.07069936394691467,-0.001249726745299995,0.44096657633781433,-1.0853694677352905,-0.2352590560913086,0.21183711290359497,-0.2013557106256485,-0.2352590560913086,-0.08680421859025955,0.0,0.26510101556777954,0.6000000238418579,0.6000000238418579,0.6000000238418579,0.6000000238418579
40.6,513.7785055735255,0.32833045721054077,-0.06474016606807709,0.06088973954319954,0.32833045721054077,0.06088973954319954,0.32833045721054077,512.7700805664062,0.29194894433021545,15.407657623291016,-0.06474016606807709,-0.0012390415649861097,0.4348713755607605,-0.9942721724510193,-0.2159317433834076,0.17030587792396545,-0.4920385777950287,-0.2159317433834076,-0.0743405744433403,0.0,0.26307350397109985,0.6000000238418579,0.6000000238418579,0.6000000238418579,0.6000000238418579
40.7,515.3192292815247,0.40955618023872375,-0.05972709134221077,0.05467391014099121,0.40955618023872375,0.05467391014099121,0.40955618023872375,514.310546875,0.37895286083221436,15.450833320617676,-0.05972709134221077,-0.0012129500973969698,0.4254573881626129,-0.9166710376739502,-0.20110975205898285,0.12984709441661835,-0.3030605912208557,-0.20110975205898285,-0.062217406928539276,0.0,0.2602948546409607,0.6000000238418579,0.6000000238418579,0.6000000238418579,0.6000000238418579
40.800000000000004,516.8646432486404,0.4822029173374176,-0.05585350841283798,0.048901159316301346,0.4822029173374176,0.048901159316301346,0.4822029173374176,515.8558349609375,0.4570213854312897,15.492915153503418,-0.05585350841283798,-0.001158982515335083,0.41339755058288574,-0.854096531867981,-0.1892302930355072,0.10962142795324326,-0.14683331549167633,-0.1892302930355072,-0.05033271014690399,0.0,0.25692906975746155,0.6000000238418579,0.6000000238418579,0.6000000238418579,0.6000000238418579
40.9,518.4145520733887,0.5467657446861267,-0.05269253998994827,0.04347621276974678,0.5467657446861267,0.04347621276974678,0.5467657446861267,517.4055786132812,0.52674800157547,15.53367805480957,-0.05269253998994827,-0.001077050343155861,0.39943552017211914,-0.8042886257171631,-0.17878805100917816,0.10100162774324417,-0.05690612643957138,-0.17878805100917816,-0.038701288402080536,0.0,0.2531083822250366,0.6000000238418579,0.6000000238418579,0.6000000238418579,0.6000000238418579
40.93,518.8803716704674,0.5646263360977173,-0.051817309111356735,0.041908178478479385,0.5646263360977173,0.041908178478479385,0.5646263360977173,517.8713989257812,0.5461122393608093,15.545623779296875,-0.051817309111356735,-0.0010495163733139634,0.39495113492012024,-0.7909867167472839,-0.17578548192977905,0.09922455996274948,-0.058168087154626846,-0.17578548192977905,-0.03527563065290451,0.0,0.2518894672393799,0.6000000238418579,0.6000000238418579,0.6000000238418579,0.6000000238418579
