Time,Vhcl.sRoad,Vhcl.tRoad,Vhcl.YawRate,Car.Road.Path.DevAng,Car.Road.Path.DevDist,Car.Road.Route.DevAng,Car.Road.Route.DevDist,Car.tx,Car.ty,Car.v,Car.YawRate,Car.SideSlipAngle,Car.ax,Car.ay,DM.Steer.Ang,DM.Steer.AngVel,DM.Steer.AngAcc,Steer.WhlAng,Driver.Lat.dy,DM.Brake,DM.Gas,Car.muRoadFL,Car.muRoadFR,Car.muRoadRL,Car.muRoadRR
0.0,8.399996983999952,-1.2396972337569423e-11,1.682833039584608e-11,0.0,-1.2396972337569423e-11,0.0,-1.2396972337569423e-11,7.408852577209473,0.019406098872423172,0.0,1.682833039584608e-11,0.0,7.643018034286797e-05,-1.2088652511010878e-05,0.0,0.0,0.0,0.0,0.001293887384235859,0.0,0.0,1.0,1.0,1.0,1.0
0.05,8.399996983999952,-5.8835809113588766e-08,-9.530175475447322e-07,-1.2701247165125551e-08,-5.8835809113588766e-08,-1.2701247165125551e-08,-5.8835809113588766e-08,7.408852577209473,0.01940613053739071,3.6986068607802736e-06,-9.530175475447322e-07,0.0,7.0221622081589885e-06,8.581393922213465e-05,4.475354480992615e-15,2.7252158862900444e-13,1.0128735523917687e-11,4.475354480992615e-15,0.0012939159059897065,3.854826680083079e-09,0.0,1.0,1.0,1.0,1.0
0.1,8.39999688203928,-1.1646935860198937e-07,-2.8439756079023937e-06,-1.090135057779662e-07,-1.1646935860198937e-07,-1.090135057779662e-07,-1.1646935860198937e-07,7.408852577209473,0.019406309351325035,9.5015011538635e-06,-2.8439756079023937e-06,0.0,3.962702066928614e-06,2.76991595455911e-05,2.5484736188214653e-14,4.687565982076924e-13,-1.693814793285453e-12,2.5484736188214653e-14,0.0012941118329763412,1.0789204196726132e-08,0.0,1.0,1.0,1.0,1.0
0.15,8.39999658143864,-2.1383304726896313e-07,-3.813514922512695e-06,-2.7847804062730575e-07,-2.1383304726896313e-07,-2.7847804062730575e-07,-2.1383304726896313e-07,7.408852577209473,0.01940656639635563,1.2445565516827628e-05,-3.813514922512695e-06,0.0,1.0698652204155223e-06,6.450155979109695e-06,4.605203276553983e-14,3.475746166575755e-13,-2.7553851127820606e-12,4.605203276553983e-14,0.0012944050831720233,0.0,0.0,1.0,1.0,1.0,1.0
0.2,8.399996379951506,-3.2582235576228413e-07,-4.141901172260987e-06,-4.792873937731201e-07,-3.2582235576228413e-07,-4.792873937731201e-07,-3.2582235576228413e-07,7.408852577209473,0.019406838342547417,1.2931272067362443e-05,-4.141901172260987e-06,0.0,-5.495634809449257e-07,-9.652016160544008e-06,5.999224690156693e-14,2.1607565183715677e-13,-2.3624600539728924e-12,5.999224690156693e-14,0.0012947256909683347,0.0,0.0,1.0,1.0,1.0,1.0
0.25,8.399996278265371,-4.4356153239277774e-07,-4.200413513899548e-06,-6.891841053402459e-07,-4.4356153239277774e-07,-6.891841053402459e-07,-4.4356153239277774e-07,7.408852577209473,0.019407086074352264,1.1414188520575408e-05,-4.200413513899548e-06,0.0,-1.6206042346311733e-05,-1.9617627913248725e-05,6.836438831486422e-14,9.834705071804992e-14,-4.001834887773503e-12,6.836438831486422e-14,0.0012950245290994644,0.0,0.007277769036591053,1.0,1.0,1.0,1.0
0.3,8.399996811772365,-5.003817591386905e-07,-2.7970354494755156e-06,-8.778009146226395e-07,-5.003817591386905e-07,-8.778009146226395e-07,-5.003817591386905e-07,7.408852577209473,0.019407298415899277,8.066273949225433e-06,-2.7970354494755156e-06,0.0,-6.863967428216711e-05,-9.146077354671434e-05,7.076356509224876e-14,1.185651647391331e-13,-2.1342864975348874e-11,7.076356509224876e-14,0.001295285765081644,0.0,0.02393207512795925,1.0,1.0,1.0,1.0
0.35000000000000003,8.39999922572068,-4.1792003457885585e-07,-1.4351068102769204e-06,-9.9483668236644e-07,-4.1792003457885585e-07,-9.9483668236644e-07,-4.1792003457885585e-07,7.4088521003723145,0.019407493993639946,8.510057341482025e-06,-1.4351068102769204e-06,0.0,-0.00010482258949195966,-7.472423476428958e-06,7.158631191083939e-14,1.1422228451702515e-13,1.983298724902993e-12,7.158631191083939e-14,0.0012955154525116086,0.0,0.044985368847846985,1.0,1.0,1.0,1.0
0.4,8.400004203843919,-2.246619459356225e-07,2.3494061807127764e-08,-1.0291548733221134e-06,-2.246619459356225e-07,-1.0291548733221134e-06,-2.246619459356225e-07,7.408851623535156,0.01940767839550972,2.196025161538273e-05,2.3494061807127764e-08,0.0,-0.00013699469855055213,-8.614239959570114e-06,8.051559093925909e-14,2.3760187610813444e-13,1.9623035835136804e-12,8.051559093925909e-14,0.0012957106810063124,0.0,0.06787516176700592,1.0,1.0,1.0,1.0
0.45,8.400011681292192,-7.921702738222791e-10,1.0746839507191908e-06,-1.0008916433434933e-06,-7.921702738222791e-10,-1.0008916433434933e-06,-7.921702738222791e-10,7.408851146697998,0.019407840445637703,4.2915500671369955e-05,1.0746839507191908e-06,0.0,-0.0001571170287206769,-9.235754987457767e-06,9.444288612877466e-14,3.1354186282896157e-13,1.4211224428142821e-12,9.444288612877466e-14,0.001295868307352066,0.0,0.09109367430210114,1.0,1.0,1.0,1.0
0.5,8.400021354561908,2.0876483119991462e-07,2.0831628262385493e-06,-9.237834888153884e-07,2.0876483119991462e-07,-9.237834888153884e-07,2.0876483119991462e-07,7.408849716186523,0.019407982006669044,6.867152114864439e-05,2.0831628262385493e-06,0.0,-0.00016394125123042613,-1.7050562746590003e-05,1.1249286685542995e-13,4.2486259193945386e-13,3.7608974094716086e-12,1.1249286685542995e-13,0.0012959896121174097,0.0,0.11369038373231888,1.0,1.0,1.0,1.0
0.55,8.400032689088412,3.7681010667256487e-07,4.256693500792608e-06,-7.65541187774943e-07,3.7681010667256487e-07,-7.65541187774943e-07,3.7681010667256487e-07,7.408848285675049,0.019408075138926506,9.66592924669385e-05,4.256693500792608e-06,0.0,-0.00017288423259742558,5.877620060346089e-05,1.4578471080068517e-13,7.440311387829635e-13,-8.459193762133665e-11,1.4578471080068517e-13,0.0012960369931533933,0.0,0.13493898510932922,1.0,1.0,1.0,1.0
0.6,8.400045055175214,5.701712098016287e-07,4.32479919254547e-06,-5.497039978763496e-07,5.701712098016287e-07,-5.497039978763496e-07,5.701712098016287e-07,7.408845901489258,0.019408132880926132,0.00012377550592646003,4.32479919254547e-06,0.0,-0.00014466849097516388,-6.209525508893421e-06,1.6817687379429985e-13,3.6628800036478393e-13,1.4178851235474577e-12,1.6817687379429985e-13,0.001296031172387302,0.0,0.15427622199058533,1.0,1.0,1.0,1.0
0.65,8.400057486549764,7.728656328254147e-07,3.9745473259245045e-06,-3.414027389680996e-07,7.728656328254147e-07,-3.414027389680996e-07,7.728656328254147e-07,7.408843517303467,0.019408179447054863,0.00014629092765972018,3.9745473259245045e-06,0.0,-0.00010294601815985516,-5.602381861535832e-06,1.8265075595654684e-13,2.235368872427132e-13,-2.412481022243118e-12,1.8265075595654684e-13,0.0012960182502865791,0.0,0.171389639377594,1.0,1.0,1.0,1.0
0.7000000000000001,8.400069184468146,9.579233619660954e-07,3.562754045560723e-06,-1.527447750504507e-07,9.579233619660954e-07,-1.527447750504507e-07,9.579233619660954e-07,7.408841133117676,0.0194082148373127,0.0001614502107258886,3.562754045560723e-06,0.0,-5.564780076383613e-05,-3.4993938697880367e-06,1.9141943076190354e-13,1.3531485502406293e-13,-1.4112625998374817e-12,1.9141943076190354e-13,0.001296000904403627,0.0,0.18602354824543,1.0,1.0,1.0,1.0
0.75,8.400079563526095,1.1243755579926074e-06,3.175575784553075e-06,1.574299091089415e-08,1.1243755579926074e-06,1.574299091089415e-08,1.1243755579926074e-06,7.408838272094727,0.019408244639635086,0.00016768593923188746,3.175575784553075e-06,0.0,-1.186382542073261e-05,-2.1980306428304175e-06,1.966568184338935e-13,7.965536460681835e-14,-8.750353957046042e-13,1.966568184338935e-13,0.001295982045121491,0.0,0.1979934424161911,1.0,1.0,1.0,1.0
0.8,8.40008827070714,1.2759269338857848e-06,2.8238412141945446e-06,1.6578536587985582e-07,1.2759269338857848e-06,1.6578536587985582e-07,1.2759269338857848e-06,7.408835411071777,0.019408268854022026,0.0001648078759899363,2.8238412141945446e-06,0.0,2.3403834347845986e-05,-1.2459310028134496e-06,1.996901179569105e-13,4.517442192888965e-14,-5.353562645277199e-13,1.996901179569105e-13,0.0012959635350853205,0.0,0.20716644823551178,1.0,1.0,1.0,1.0
0.85,8.400095112700555,1.4147304909783998e-06,2.4845064672263106e-06,2.986983247410535e-07,1.4147304909783998e-06,2.986983247410535e-07,1.4147304909783998e-06,7.408833026885986,0.019408289343118668,0.00015369965694844723,2.4845064672263106e-06,0.0,5.1446557336021215e-05,3.6918106616212754e-07,2.0137095658491477e-13,2.4228926834681322e-14,-3.263925859187805e-13,2.0137095658491477e-13,0.00129594630561769,0.0,0.21346648037433624,1.0,1.0,1.0,1.0
0.9,8.400099888810251,1.54113013195456e-06,2.1834889594174456e-06,4.1335886180604575e-07,1.54113013195456e-06,4.1335886180604575e-07,1.54113013195456e-06,7.408830165863037,0.01940830796957016,0.0001358811859972775,2.1834889594174456e-06,0.0,7.065878889989108e-05,3.190593997715041e-05,2.0223263981402478e-13,1.6410646713066468e-14,-6.332652501342406e-13,2.0223263981402478e-13,0.0012959338491782546,0.0,0.2168833315372467,1.0,1.0,1.0,1.0
0.9500000000000001,8.400102676405885,1.6436266605523997e-06,2.6663531116355443e-06,5.265329718895373e-07,1.6436266605523997e-06,5.265329718895373e-07,1.6436266605523997e-06,7.408827781677246,0.019408317282795906,0.00011303129576845095,2.6663531116355443e-06,0.0,9.060710726771504e-05,4.1407391108805314e-05,2.0290048124722154e-13,1.3058476554857895e-14,-1.2522066716869062e-12,2.0290048124722154e-13,0.0012959117302671075,0.0,0.2168821543455124,1.0,1.0,1.0,1.0
1.0,8.40010314134074,1.7602179696041276e-06,1.8922778508567717e-06,6.156604968055035e-07,1.7602179696041276e-06,6.156604968055035e-07,1.7602179696041276e-06,7.408825874328613,0.019408337771892548,8.658993465360254e-05,1.8922778508567717e-06,0.0,0.00010607632430037484,0.00015008206537459046,2.0301329248326866e-13,1.012191073551617e-14,4.5000553847499014e-13,2.0301329248326866e-13,0.0012959077721461654,0.0,0.21252869069576263,1.0,1.0,1.0,1.0
1.05,8.400100908489941,1.8598365159050445e-06,1.1341047638779855e-06,6.867592219350627e-07,1.8598365159050445e-06,6.867592219350627e-07,1.8598365159050445e-06,7.4088239669799805,0.019408361986279488,5.6041302741505206e-05,1.1341047638779855e-06,0.0,0.00012085700291208923,-0.000162567084771581,2.0312075047108913e-13,-2.4788038036570835e-15,1.1348392928503537e-13,2.0312075047108913e-13,0.00129590998403728,0.0,0.2041521668434143,1.0,1.0,1.0,1.0
1.1,8.400096048279682,1.9482845345919486e-06,1.0666699381545186e-06,7.491132691939129e-07,1.9482845345919486e-06,7.491132691939129e-07,1.9482845345919486e-06,7.408822536468506,0.01940837875008583,2.8374350222293288e-05,1.0666699381545186e-06,0.0,0.00014421511150430888,-7.494910823879763e-05,2.0317914831060463e-13,-1.0488457599525789e-16,-2.1084680225727515e-13,2.0317914831060463e-13,0.0012959117302671075,0.0,0.19224104285240173,1.0,1.0,1.0,1.0
1.1500000000000001,8.40008852715778,2.032101747317938e-06,8.746400794734654e-07,7.994719908310799e-07,2.032101747317938e-06,7.994719908310799e-07,2.032101747317938e-06,7.408821105957031,0.019408391788601875,4.916180478176102e-05,8.746400794734654e-07,0.0,0.00017757272871676832,5.661912837240379e-06,2.0319972104682754e-13,2.8505271242353894e-16,1.9371560494477018e-14,2.0319972104682754e-13,0.0012959117302671075,0.0,0.17737911641597748,1.0,1.0,1.0,1.0
1.2,8.400078415745082,2.0887821392534534e-06,6.271192773965595e-07,8.357487786270212e-07,2.0887821392534534e-06,8.357487786270212e-07,2.0887821392534534e-06,7.408820152282715,0.019408389925956726,9.427531767869368e-05,6.271192773965595e-07,0.0,0.000214852174394764,-2.734870031417813e-05,2.0320675480842154e-13,9.713657372082069e-17,-3.6067031353420164e-15,2.0320675480842154e-13,0.0012959011364728212,0.0,0.16020847856998444,1.0,1.0,1.0,1.0
1.25,8.400065900932866,1.9578226329031168e-06,-1.1377629789421917e-06,8.280364909296622e-07,1.9578226329031168e-06,8.280364909296622e-07,1.9578226329031168e-06,7.408820152282715,0.019408300518989563,0.00013978510105516762,-1.1377629789421917e-06,0.0,0.00024640560150146484,5.222497748036403e-06,2.0320033091054956e-13,-1.843916213743033e-16,1.7744477965437287e-14,2.0320033091054956e-13,0.001295814523473382,0.0,0.14142705500125885,1.0,1.0,1.0,1.0
1.3,8.400051362973166,1.822143076424254e-06,1.1317260941723362e-06,8.106400173346628e-07,1.822143076424254e-06,8.106400173346628e-07,1.822143076424254e-06,7.408820629119873,0.019408173859119415,0.00018051598453894258,1.1317260941723362e-06,0.0,0.0002764244272839278,2.3271984900929965e-05,2.0319938223364864e-13,2.1895730548990984e-17,-2.012136507081484e-15,2.0319938223364864e-13,0.0012956921709701419,0.0,0.12174293398857117,1.0,1.0,1.0,1.0
1.35,8.40009065383302,2.5294477836723672e-06,6.230815051821992e-05,1.3652123698193463e-06,2.5294477836723672e-06,1.3652123698193463e-06,2.5294477836723672e-06,7.40885591506958,0.01940806955099106,0.004257726017385721,6.230815051821992e-05,0.0,0.3910544514656067,-0.0006265333504416049,1.9874121066302403e-13,-8.374590083903843e-13,-1.2262077464519905e-10,1.9874121066302403e-13,0.0012954678386449814,0.0,0.10212486237287521,1.0,1.0,1.0,1.0
1.4000000000000001,8.401227421755934,9.291758942708839e-06,6.62124584778212e-05,7.16483054929995e-06,9.291758942708839e-06,7.16483054929995e-06,9.291758942708839e-06,7.409715175628662,0.019406089559197426,0.029461698606610298,6.62124584778212e-05,0.0,0.4360223114490509,-0.0010368743678554893,1.1518173567703904e-13,3.946447335589909e-12,1.610650779415579e-10,1.1518173567703904e-13,0.0012920786393806338,0.0,0.11949855834245682,1.0,1.0,1.0,1.0
1.45,8.403550826240599,9.620553100830875e-06,3.396545071154833e-05,9.122622941504233e-06,9.620553100830875e-06,9.122622941504233e-06,9.620553100830875e-06,7.41164493560791,0.019402489066123962,0.04584617167711258,3.396545071154833e-05,0.0,0.30656498670578003,0.001125197159126401,1.7520318149836372e-13,-7.062753160091972e-13,-7.321691170014688e-11,1.7520318149836372e-13,0.0012879351852461696,0.0,0.17213930189609528,1.0,1.0,1.0,1.0
1.5,8.406862479440651,1.1020638339687139e-05,6.249619036680087e-05,1.1673092558339704e-05,1.1020638339687139e-05,1.1673092558339704e-05,1.1020638339687139e-05,7.4145588874816895,0.019400719553232193,0.07569044083356857,6.249619036680087e-05,0.0,0.9385037422180176,-0.0011399886570870876,6.350478411361327e-14,-2.422033493904019e-12,-1.3956649421234535e-12,6.350478411361327e-14,0.0012854230590164661,0.0,0.2324734926223755,1.0,1.0,1.0,1.0
1.55,8.412712541796996,1.2178679753560573e-05,5.626515849144198e-05,1.4647179341409355e-05,1.2178679753560573e-05,1.4647179341409355e-05,1.2178679753560573e-05,7.419710159301758,0.019396783784031868,0.13164545595645905,5.626515849144198e-05,0.0,1.2321827411651611,-0.0008514666114933789,-5.21833383524805e-14,-2.5455362644144497e-12,1.3291119073388646e-11,-5.21833383524805e-14,0.0012806913582608104,0.0,0.2753125727176666,1.0,1.0,1.0,1.0
1.6,8.421864201226619,1.1793788871727884e-05,5.074404543847777e-05,1.734165743982885e-05,1.1793788871727884e-05,1.734165743982885e-05,1.1793788871727884e-05,7.42793607711792,0.01939094066619873,0.1977096050977707,5.074404543847777e-05,0.0,1.4281325340270996,2.38299817283405e-05,-6.908911842629095e-08,-3.671593503895565e-06,-0.00012176822929177433,-6.908911842629095e-08,0.0012740339152514935,0.0,0.3085425794124603,1.0,1.0,1.0,1.0
1.6500000000000001,8.4346578675241,1.0358900908613577e-05,4.791839455720037e-05,1.974106089619454e-05,1.0358900908613577e-05,1.974106089619454e-05,1.0358900908613577e-05,7.439733028411865,0.01938536949455738,0.2742769122123718,4.791839455720037e-05,0.0,1.6188369989395142,0.0007727484335191548,-4.6346607973646314e-07,-1.296780101256445e-05,-0.00017530645709484816,-4.6346607973646314e-07,0.0012675583129748702,0.0,0.333027184009552,1.0,1.0,1.0,1.0
1.7,8.451468638494923,8.551768587494735e-06,5.1964518206659704e-05,2.2245916625251994e-05,8.551768587494735e-06,2.2245916625251994e-05,8.551768587494735e-06,7.455559253692627,0.01938217505812645,0.3580178916454315,5.1964518206659704e-05,0.0,1.7254383563995361,0.001561689656227827,1.3599654948848183e-06,4.916229590889998e-05,-0.002168025355786085,1.3599654948848183e-06,0.0012631546705961227,0.0,0.35031479597091675,1.0,1.0,1.0,1.0
1.75,8.472516615071589,6.989579560467973e-06,5.6567158026155084e-05,2.496812703611795e-05,6.989579560467973e-06,2.496812703611795e-05,6.989579560467973e-06,7.475696086883545,0.01938309147953987,0.44651466608047485,5.6567158026155084e-05,0.0,1.811367392539978,0.0013065343955531716,-1.4978178342062165e-06,-0.00018716469639912248,-0.005880716256797314,-1.4978178342062165e-06,0.0012624954106286168,0.0,0.36281365156173706,1.0,1.0,1.0,1.0
1.8,8.497986748126662,5.873351710761199e-06,6.092787589295767e-05,2.7896499886992387e-05,5.873351710761199e-06,2.7896499886992387e-05,5.873351710761199e-06,7.500357151031494,0.019387539476156235,0.5388411283493042,6.092787589295767e-05,0.0,1.8773411512374878,0.0004650308983400464,-1.7593305528862402e-05,-0.000428277300670743,-0.0034439300652593374,-1.7593305528862402e-05,0.0012650734279304743,0.0,0.3714848458766937,1.0,1.0,1.0,1.0
1.85,8.52803130600497,5.546404736378463e-06,6.919065344845876e-05,3.1139694328885525e-05,5.546404736378463e-06,3.1139694328885525e-05,5.546404736378463e-06,7.529705047607422,0.019393574446439743,0.6337144374847412,6.919065344845876e-05,0.0,1.9160568714141846,-0.00028685168945230544,-4.1866605897666886e-05,-0.0005049920291639864,0.0005333416629582644,-4.1866605897666886e-05,0.001269024796783924,0.0,0.3773578107357025,1.0,1.0,1.0,1.0
1.9000000000000001,8.56275399335492,6.382087121892255e-06,8.073254866758361e-05,3.4863838664023206e-05,6.382087121892255e-06,3.4863838664023206e-05,6.382087121892255e-06,7.563839435577393,0.019399084150791168,0.7302246689796448,8.073254866758361e-05,0.0,1.943671464920044,-0.0008920325781218708,-6.500504969153553e-05,-0.00039880446274764836,0.0035005100071430206,-6.500504969153553e-05,0.0012722909450531006,0.0,0.38139599561691284,1.0,1.0,1.0,1.0
1.95,8.60223849369373,8.659195373184048e-06,9.512144606560469e-05,3.9244943764060736e-05,8.659195373184048e-06,3.9244943764060736e-05,8.659195373184048e-06,7.6028313636779785,0.019402511417865753,0.8278836011886597,9.512144606560469e-05,0.0,1.9625285863876343,-0.0010985152330249548,-8.008418808458373e-05,-0.00020607555052265525,0.003727610455825925,-8.008418808458373e-05,0.0012733207549899817,0.0,0.38414207100868225,1.0,1.0,1.0,1.0
2.0,8.646550916183926,1.242865346284816e-05,0.00011079693649662659,4.438059841049835e-05,1.242865346284816e-05,4.438059841049835e-05,1.242865346284816e-05,7.646728515625,0.019403239712119102,0.9263391494750977,0.00011079693649662659,0.0,1.9757659435272217,-0.0009391650091856718,-8.669554517837241e-05,-8.820705261314288e-05,0.0004891164135187864,-8.669554517837241e-05,0.0012714782496914268,0.0,0.3859822452068329,1.0,1.0,1.0,1.0
2.05,8.695742040106467,1.7618060155655257e-05,0.0001266251056222245,5.0313065003138036e-05,1.7618060155655257e-05,5.0313065003138036e-05,1.7618060155655257e-05,7.695565223693848,0.019401635974645615,1.0253596305847168,0.0001266251056222245,-9.828555630519986e-05,1.9849169254302979,-0.0005068156169727445,-9.36213182285428e-05,-0.0003423932066652924,-0.01851452700793743,-9.36213182285428e-05,0.001267076120711863,0.0,0.3871784210205078,1.0,1.0,1.0,1.0
2.1,8.749849042965781,2.3958997189765796e-05,0.00013954057067167014,5.6975000916281715e-05,2.3958997189765796e-05,5.6975000916281715e-05,2.3958997189765796e-05,7.749364376068115,0.019398681819438934,1.1247689723968506,0.00013954057067167014,-0.0001147590228356421,1.9910510778427124,-4.832241393160075e-05,-0.00013580694212578237,-0.001376556814648211,-0.023735083639621735,-0.00013580694212578237,0.0012610555859282613,0.0,0.3879255950450897,1.0,1.0,1.0,1.0
2.15,8.808897539826459,3.103417475358583e-05,0.00014934521459508687,6.420301360776648e-05,3.103417475358583e-05,6.420301360776648e-05,3.103417475358583e-05,7.808141708374023,0.01939552091062069,1.2244373559951782,0.00014934521459508687,-0.00011198090942343697,1.9950281381607056,0.0003432287194300443,-0.00023564723960589617,-0.002611698815599084,-0.025370869785547256,-0.00023564723960589617,0.0012545391218736768,0.0,0.3883693516254425,1.0,1.0,1.0,1.0
2.2,8.872904377316292,3.854116948787123e-05,0.0001559153024572879,7.184777496149763e-05,3.854116948787123e-05,7.184777496149763e-05,3.854116948787123e-05,7.871907711029053,0.01939312368631363,1.3242683410644531,0.0001559153024572879,-9.932275861501694e-05,1.9973735809326172,0.00053496501641348,-0.00039695462328381836,-0.00378322321921587,-0.02114109881222248,-0.00039695462328381836,0.0012484956532716751,0.0,0.38861697912216187,1.0,1.0,1.0,1.0
2.25,8.941879988771422,4.6151370042935014e-05,0.00015856768004596233,7.97297470853664e-05,4.6151370042935014e-05,7.97297470853664e-05,4.6151370042935014e-05,7.94066858291626,0.019392021000385284,1.4241878986358643,0.00015856768004596233,-8.599591819802299e-05,1.9985088109970093,0.0004657774406950921,-0.0006320925895124674,-0.007378805428743362,-0.18212682008743286,-0.0006320925895124674,0.0012434792006388307,0.0,0.3887496292591095,1.0,1.0,1.0,1.0
2.3000000000000003,9.01583040613942,5.2935862186132e-05,0.00014666869537904859,8.744090882828459e-05,5.2935862186132e-05,8.744090882828459e-05,5.2935862186132e-05,8.014426231384277,0.019392021000385284,1.5241413116455078,0.00014666869537904859,-8.441854879492894e-05,1.998726487159729,7.337538932006282e-07,-0.0011894901981577277,-0.013689178973436356,-0.06020975857973099,-0.0011894901981577277,0.0012394154909998178,0.0,0.38882774114608765,1.0,1.0,1.0,1.0
2.35,9.094758720858104,5.7124732848023996e-05,0.0001235032541444525,9.422771108802408e-05,5.7124732848023996e-05,9.422771108802408e-05,5.7124732848023996e-05,8.093181610107422,0.019392121583223343,1.624086856842041,0.0001235032541444525,-9.70129476627335e-05,1.9982476234436035,-0.0004694010131061077,-0.001901670708321035,-0.013970764353871346,0.03834550827741623,-0.001901670708321035,0.0012355161597952247,0.0,0.38889676332473755,1.0,1.0,1.0,1.0
2.4,9.17866608372049,5.807404886581935e-05,9.991680417442694e-05,9.981181210605428e-05,5.807404886581935e-05,9.981181210605428e-05,5.807404886581935e-05,8.176934242248535,0.019391240552067757,1.7239934206008911,9.991680417442694e-05,-0.00011912548507098109,1.9972435235977173,-0.0008300637709908187,-0.002536540850996971,-0.011296437121927738,0.05797654762864113,-0.002536540850996971,0.0012308100704103708,0.0,0.388990581035614,1.0,1.0,1.0,1.0
2.45,9.267552317561643,5.6074790336424485e-05,8.071654883679003e-05,0.00010431660484755412,5.6074790336424485e-05,0.00010431660484755412,5.6074790336424485e-05,8.265680313110352,0.01938854530453682,1.8238379955291748,8.071654883679003e-05,-0.00014587328769266605,1.9958438873291016,-0.0010592036414891481,-0.003025637473911047,-0.008464348502457142,0.04559769108891487,-0.003025637473911047,0.0012244682293385267,0.0,0.38913461565971375,1.0,1.0,1.0,1.0
2.5,9.361416255464501,5.1640636229421943e-05,6.573800783371553e-05,0.00010797168943099678,5.1640636229421943e-05,0.00010797168943099678,5.1640636229421943e-05,8.359416007995605,0.01938350684940815,1.9236032962799072,6.573800783371553e-05,-0.0001733556855469942,1.9941484928131104,-0.0011653676629066467,-0.0033956412225961685,-0.00658688647672534,0.02901032567024231,-0.0033956412225961685,0.0012159327743574977,0.0,0.38934794068336487,1.0,1.0,1.0,1.0
2.5500000000000003,9.460255753378625,4.508403071667999e-05,5.2199226047378033e-05,0.00011093199282186106,4.508403071667999e-05,0.00011093199282186106,4.508403071667999e-05,8.458138465881348,0.019375890493392944,2.02325701713562,5.2199226047378033e-05,-0.00019895438163075596,1.9906697273254395,-0.001173698459751904,-0.0037009716033935547,-0.00557743851095438,0.009347350336611271,-0.0037009716033935547,0.0012049374636262655,0.0,0.3896510601043701,1.0,1.0,1.0,1.0
2.6,9.564063337370468,3.634695531218313e-05,3.7665380659746006e-05,0.00011319463374093175,3.634695531218313e-05,0.00011319463374093175,3.634695531218313e-05,8.561837196350098,0.019365675747394562,2.122687816619873,3.7665380659746006e-05,-0.00022127886768430471,1.9861279726028442,-0.0011558345286175609,-0.003990942612290382,-0.005824800115078688,-0.004858400207012892,-0.003990942612290382,0.001191454939544201,0.0,0.39014527201652527,1.0,1.0,1.0,1.0
2.65,9.672829055996418,2.514182597224135e-05,2.0995057639083825e-05,0.00011467738659121096,2.514182597224135e-05,0.00011467738659121096,2.514182597224135e-05,8.670502662658691,0.01935294084250927,2.221911668777466,2.0995057639083825e-05,-0.00024006632156670094,1.9825615882873535,-0.001104669994674623,-0.004281190223991871,-0.005743303801864386,0.009268703870475292,-0.004281190223991871,0.001175574609078467,0.0,0.39084354043006897,1.0,1.0,1.0,1.0
2.7,9.78654604459313,1.1132673535030335e-05,2.5997367174568353e-06,0.00011528223694767803,1.1132673535030335e-05,0.00011528223694767803,1.1132673535030335e-05,8.784125328063965,0.01933782547712326,2.320974111557007,2.5997367174568353e-06,-0.0002551624202169478,1.9794296026229858,-0.001047702506184578,-0.0045635150745511055,-0.0055570960976183414,0.005950998980551958,-0.0045635150745511055,0.001157442107796669,0.0,0.3917124569416046,1.0,1.0,1.0,1.0
2.75,9.905208252314083,-5.942404186498607e-06,-1.6760011931182817e-05,0.00011493828060338274,-5.942404186498607e-06,0.00011493828060338274,-5.942404186498607e-06,8.90269660949707,0.019320471212267876,2.419867753982544,-1.6760011931182817e-05,-0.00026708494988270104,1.975178599357605,-0.0009963031625375152,-0.004824053030461073,-0.0048289126716554165,0.012001340277493,-0.004824053030461073,0.0011372059816494584,0.0,0.39274558424949646,1.0,1.0,1.0,1.0
2.8000000000000003,10.028798639477149,-2.6047528081107885e-05,-3.168686089338735e-05,0.00011365301179466769,-2.6047528081107885e-05,0.00011365301179466769,-2.6047528081107885e-05,9.026201248168945,0.019301075488328934,2.5181891918182373,-3.168686089338735e-05,-0.00027360543026588857,1.956282138824463,-0.000545685994438827,-0.004853032995015383,0.005772173870354891,0.2076157182455063,-0.004853032995015383,0.0011150483042001724,0.0,0.39418119192123413,1.0,1.0,1.0,1.0
2.85,10.15727243202177,-4.656227247323841e-05,-1.4196572010405362e-05,0.00011240253661526367,-4.656227247323841e-05,0.00011240253661526367,-4.656227247323841e-05,9.154601097106934,0.019280733540654182,2.615774154663086,-1.4196572010405362e-05,-0.0002680350444279611,1.948495626449585,-5.7205641496693715e-05,-0.004503545816987753,0.0061527760699391365,-0.06451212614774704,-0.004503545816987753,0.0010918049374595284,0.0,0.39635276794433594,1.0,1.0,1.0,1.0
2.9,10.290611039814387,-6.523854244733229e-05,4.401323167257942e-06,0.00011219872976653278,-6.523854244733229e-05,0.00011219872976653278,-6.523854244733229e-05,9.287871360778809,0.019260544329881668,2.713075637817383,4.401323167257942e-06,-0.0002596113772597164,1.9427498579025269,2.3973554561962374e-05,-0.004292746540158987,0.002297460101544857,-0.06935356557369232,-0.004292746540158987,0.0010683168657124043,0.0,0.3989003598690033,1.0,1.0,1.0,1.0
2.95,10.42880559996032,-8.306430390803143e-05,1.0681635103537701e-05,0.00011261512554483488,-8.306430390803143e-05,0.00011261512554483488,-8.306430390803143e-05,9.426000595092773,0.019240742549300194,2.810096502304077,1.0681635103537701e-05,-0.00025234659551642835,1.9382860660552979,-2.173889151890762e-05,-0.004241436719894409,0.00021212776482570916,-0.019014697521924973,-0.004241436719894409,0.0010449031833559275,0.0,0.40175119042396545,1.0,1.0,1.0,1.0
3.0,10.571848287507418,-0.00010114054020959884,1.0888928045460489e-05,0.00011316386371618137,-0.00010114054020959884,0.00011316386371618137,-0.00010114054020959884,9.568976402282715,0.019221244379878044,2.9069671630859375,1.0888928045460489e-05,-0.0002465971920173615,1.9363341331481934,-7.999444642337039e-05,-0.004239963833242655,6.377090176101774e-05,0.006675067823380232,-0.004239963833242655,0.0010215950896963477,0.0,0.4047999978065491,1.0,1.0,1.0,1.0
3.0500000000000003,10.719736306515713,-0.00011974627705058083,1.1176281986990944e-05,0.00011370769061613828,-0.00011974627705058083,0.00011370769061613828,-0.00011974627705058083,9.716793060302734,0.01920192316174507,3.0037600994110107,1.1176281986990944e-05,-0.00024200727057177573,1.935227394104004,-0.0001266093458980322,-0.0042263781651854515,0.0004923625965602696,0.009477646090090275,-0.0042263781651854515,0.000998306437395513,0.0,0.40795448422431946,1.0,1.0,1.0,1.0
3.1,10.872468010500366,-0.0001386769872624427,1.3782222595182247e-05,0.00011431991879362613,-0.0001386769872624427,0.00011431991879362613,-0.0001386769872624427,9.8694486618042,0.019182678312063217,3.100520372390747,1.3782222595182247e-05,-0.00023843903909437358,1.9348732233047485,-0.00016384122136514634,-0.004189627710729837,0.0009550524409860373,0.007799024693667889,-0.004189627710729837,0.0009749227901920676,0.0,0.41116297245025635,1.0,1.0,1.0,1.0
3.15,11.03004131251038,-0.0001576221693539992,1.7071206457330845e-05,0.00011511474440339953,-0.0001576221693539992,0.00011511474440339953,-0.0001576221693539992,10.02694034576416,0.019163424149155617,3.197124481201172,1.7071206457330845e-05,-0.00023568297910969704,1.9096944332122803,-0.00011461639951448888,-0.0041291434317827225,0.0024710805155336857,0.19719883799552917,-0.0041291434317827225,0.00095134082948789,0.0,0.41443032026290894,1.0,1.0,1.0,1.0
3.2,11.192353294805933,-0.00017647202184889466,1.683820300968364e-05,0.00011582244769670069,-0.00017647202184889466,0.00011582244769670069,-0.00017647202184889466,10.189193725585938,0.01914440654218197,3.290919542312622,1.683820300968364e-05,-0.0002302723441971466,1.8921695947647095,-0.00046088473754934967,-0.004077561665326357,-0.007078347261995077,-0.0395648330450058,-0.004077561665326357,0.0009278760408051312,0.0,0.4198233187198639,1.0,1.0,1.0,1.0
3.25,11.359332470826473,-0.00019554074970073998,1.0863464922294952e-05,0.00011652953253360465,-0.00019554074970073998,0.00011652953253360465,-0.00019554074970073998,10.356134414672852,0.019125182181596756,3.3842568397521973,1.0863464922294952e-05,-0.0002300679188920185,1.8297185897827148,0.0001075389445759356,-0.00397121487185359,0.004290553741157055,-0.371207594871521,-0.00397121487185359,0.0009040877921506763,0.0,0.42593061923980713,1.0,1.0,1.0,1.0
3.3000000000000003,11.5308717594871,-0.00021396661759354174,1.4708059097756632e-05,0.00011723470379365608,-0.00021396661759354174,0.00011723470379365608,-0.00021396661759354174,10.527665138244629,0.019106078892946243,3.4749388694763184,1.4708059097756632e-05,-0.0002278196334373206,1.8034993410110474,-0.00023743337078485638,-0.003974427469074726,0.0013417848385870457,0.11897316575050354,-0.003974427469074726,0.0008803124073892832,0.0,0.43445712327957153,1.0,1.0,1.0,1.0
3.35,11.706907348178733,-0.00023220501316245645,1.9369559595361352e-05,0.00011802908557001501,-0.00023220501316245645,0.00011802908557001501,-0.00023220501316245645,10.70370864868164,0.01908676140010357,3.5650293827056885,1.9369559595361352e-05,-0.00022704544244334102,1.8036065101623535,-0.00025954763987101614,-0.003897375427186489,0.0010134581243619323,0.011628623120486736,-0.003897375427186489,0.0008561922586522996,0.0,0.44405245780944824,1.0,1.0,1.0,1.0
3.4,11.887466776096623,-0.0002497972163837403,3.0527327908203006e-05,0.0001192551790154539,-0.0002497972163837403,0.0001192551790154539,-0.0002497972163837403,10.884265899658203,0.019067220389842987,3.655576467514038,3.0527327908203006e-05,-0.0002264792419737205,1.8204679489135742,-0.00015575972793158144,-0.0038261697627604008,0.0012615672312676907,-0.03094063512980938,-0.0038261697627604008,0.0008316217572428286,0.0,0.4535825252532959,1.0,1.0,1.0,1.0
3.45,12.072611039774634,-0.00026668288046494126,4.1707542550284415e-05,0.00012107288785045967,-0.00026668288046494126,0.00012107288785045967,-0.00026668288046494126,11.069375991821289,0.019047649577260017,3.747187852859497,4.1707542550284415e-05,-0.00022533023729920387,1.845119833946228,-0.00011038179945899174,-0.003790066344663501,0.0003732116601895541,-0.016661152243614197,-0.003790066344663501,0.0008067316375672817,0.0,0.46229830384254456,1.0,1.0,1.0,1.0
3.5,12.262409102309453,-0.00028326318715699017,4.8676374717615545e-05,0.00012334977509453893,-0.00028326318715699017,0.00012334977509453893,-0.00028326318715699017,11.259099006652832,0.019028225913643837,3.840127468109131,4.8676374717615545e-05,-0.00022403865295927972,1.9212960004806519,-0.00020601054711733013,-0.003793885000050068,-0.00034146857797168195,0.03718876093626022,-0.003793885000050068,0.0007817125297151506,0.0,0.46983224153518677,1.0,1.0,1.0,1.0
3.5500000000000003,12.457127260684945,-0.0002996920084115118,5.294512811815366e-05,0.0001265840546693653,-0.0002996920084115118,0.0001265840546693653,-0.0002996920084115118,11.453652381896973,0.019008349627256393,3.9385454654693604,5.294512811815366e-05,-0.00022779057326260954,1.8872685432434082,0.0008695860742591321,-0.003686347510665655,0.015152676962316036,-0.9028815031051636,-0.003686347510665655,0.0007558377692475915,0.0,0.4725569486618042,1.0,1.0,1.0,1.0
3.6,12.656631849155472,-0.0003155414015054703,6.237340858206153e-05,0.00012960913591086864,-0.0003155414015054703,0.00012960913591086864,-0.0003155414015054703,11.652985572814941,0.018989605829119682,4.03297758102417,6.237340858206153e-05,-0.00022099677880760282,1.8970826864242554,-0.000297984981443733,-0.0038805115036666393,-0.005774152930825949,0.41151779890060425,-0.0038805115036666393,0.0007309560896828771,0.0,0.4777505695819855,1.0,1.0,1.0,1.0
3.65,12.86086384481613,-0.0003326341393403709,4.935161996399984e-05,0.00013229450269136578,-0.0003326341393403709,0.00013229450269136578,-0.0003326341393403709,11.857062339782715,0.018971124663949013,4.1283793449401855,4.935161996399984e-05,-0.0002217985747847706,1.919517159461975,-0.0002502563293091953,-0.003906406927853823,-0.00024199188919737935,-0.053560078144073486,-0.003906406927853823,0.0007062640506774187,0.0,0.4825838506221771,1.0,1.0,1.0,1.0
3.7,13.069891969755185,-0.0003498440491966903,5.5031126976246014e-05,0.00013487589603755623,-0.0003498440491966903,0.00013487589603755623,-0.0003498440491966903,12.065937042236328,0.01895255036652088,4.224848747253418,5.5031126976246014e-05,-0.000223418086534366,1.9390501976013184,-0.0002753795706667006,-0.003890102030709386,0.0014767056563869119,0.0207887701690197,-0.003890102030709386,0.0006813791114836931,0.0,0.48647958040237427,1.0,1.0,1.0,1.0
3.75,13.283772396845361,-0.0003661511873360723,6.715213385177776e-05,0.00013790919911116362,-0.0003661511873360723,0.00013790919911116362,-0.0003661511873360723,12.279659271240234,0.018933814018964767,4.322224140167236,6.715213385177776e-05,-0.00022477027960121632,1.9555723667144775,-0.00022031160187907517,-0.0038300848100334406,0.0007879834156483412,-0.008739729411900043,-0.0038300848100334406,0.0006560916663147509,0.0,0.4894571900367737,1.0,1.0,1.0,1.0
3.8000000000000003,13.502546869482615,-0.00038117621443234384,7.817379082553089e-05,0.0001415515289409086,-0.00038117621443234384,0.0001415515289409086,-0.00038117621443234384,12.498270034790039,0.018915075808763504,4.420355319976807,7.817379082553089e-05,-0.0002261925837956369,1.9689902067184448,-0.00014764699153602123,-0.003799709491431713,0.00034213814069516957,-0.014535877853631973,-0.003799709491431713,0.0006305135320872068,0.0,0.4916335642337799,1.0,1.0,1.0,1.0
3.85,13.72624482155056,-0.0003951800463255495,8.470800094073638e-05,0.00014564106822945178,-0.0003951800463255495,0.00014564106822945178,-0.0003951800463255495,12.7218017578125,0.018896501511335373,4.519032001495361,8.470800094073638e-05,-0.0002273011050419882,1.9774839878082275,-8.374775643460453e-05,-0.003797900164499879,-0.00026998191606253386,-0.012144220061600208,-0.003797900164499879,0.0006048431969247758,0.0,0.49318721890449524,1.0,1.0,1.0,1.0
3.9,13.954883516946692,-0.000408558058552444,8.663118205731735e-05,0.0001499407080700621,-0.000408558058552444,0.0001499407080700621,-0.000408558058552444,12.950278282165527,0.018878260627388954,4.618086338043213,8.663118205731735e-05,-0.0002281657507410273,1.9841392040252686,-5.341933501767926e-05,-0.0038223699666559696,-0.0006254591280594468,-0.0033190897665917873,-0.0038223699666559696,0.0005792966694571078,0.0,0.4943062961101532,1.0,1.0,1.0,1.0
3.95,14.188476213787707,-0.0004216332745272666,8.55398247949779e-05,0.0001542535173939541,-0.0004216332745272666,0.0001542535173939541,-0.0004216332745272666,13.183714866638184,0.01886044815182686,4.717434883117676,8.55398247949779e-05,-0.00022889529645908624,1.9892569780349731,-4.296313272789121e-05,-0.003855997696518898,-0.0006853403756394982,0.0007152251782827079,-0.003855997696518898,0.0005540132988244295,0.0,0.49509382247924805,1.0,1.0,1.0,1.0
4.0,14.42703420633616,-0.00043453412945382297,8.33787998999469e-05,0.0001584789133630693,-0.00043453412945382297,0.0001584789133630693,-0.00043453412945382297,13.422124862670898,0.01884310692548752,4.8170084953308105,8.33787998999469e-05,-0.00022957238252274692,1.993178367614746,-4.5195429265731946e-05,-0.003888166742399335,-0.000586122740060091,0.003322885138913989,-0.003888166742399335,0.0005290621193125844,0.0,0.4956267178058624,1.0,1.0,1.0,1.0
4.05,14.670567158863575,-0.0004472373111639172,8.137048280332237e-05,0.00016259618860203773,-0.0004472373111639172,0.00016259618860203773,-0.0004472373111639172,13.665517807006836,0.018826253712177277,4.916754722595215,8.137048280332237e-05,-0.00023026368580758572,1.996188759803772,-5.244247950031422e-05,-0.003913674503564835,-0.0004439631593413651,0.002636091085150838,-0.003913674503564835,0.0005044625140726566,0.0,0.49596381187438965,1.0,1.0,1.0,1.0
4.1,14.919083303511114,-0.00045964043238200247,8.006081770872697e-05,0.00016662954294588417,-0.00045964043238200247,0.00016662954294588417,-0.00045964043238200247,13.913902282714844,0.018809886649250984,5.016634464263916,8.006081770872697e-05,-0.00023099886311683804,1.9985147714614868,-5.822952152811922e-05,-0.003932726103812456,-0.0003275038907304406,0.0018611956620588899,-0.003932726103812456,0.0004802116600330919,0.0,0.49614953994750977,1.0,1.0,1.0,1.0
4.15,15.172589563260006,-0.00047162844566628337,7.940187060739845e-05,0.00017061423568520695,-0.00047162844566628337,0.00017061423568520695,-0.00047162844566628337,14.167283058166504,0.018794015049934387,5.116617202758789,7.940187060739845e-05,-0.00023177616822067648,2.0003180503845215,-6.014355312800035e-05,-0.003947241697460413,-0.00026328832609578967,0.0007864998187869787,-0.003947241697460413,0.00045630623935721815,0.0,0.4962179660797119,1.0,1.0,1.0,1.0
4.2,15.431091644149078,-0.0004831124097108841,7.909883424872532e-05,0.00017457615467719734,-0.0004831124097108841,0.00017457615467719734,-0.0004831124097108841,14.425664901733398,0.01877865009009838,5.216679573059082,7.909883424872532e-05,-0.00023257467546500266,2.001722574234009,-5.8252197050023824e-05,-0.0039597973227500916,-0.00024589785607531667,-1.3857595149602275e-05,-0.0039597973227500916,0.00043275413918308914,0.0,0.4961951971054077,1.0,1.0,1.0,1.0
4.25,15.694594166498861,-0.0004940407234244049,7.882727368269116e-05,0.0001785248750820756,-0.0004940407234244049,0.0001785248750820756,-0.0004940407234244049,14.68905258178711,0.018763819709420204,5.3168044090271,7.882727368269116e-05,-0.00023336877347901464,2.002819776535034,-5.4132491641212255e-05,-0.003972310572862625,-0.0002574959071353078,-0.00038430053973570466,-0.003972310572862625,0.0004095763433724642,0.0,0.49610137939453125,1.0,1.0,1.0,1.0
4.3,15.963100811797073,-0.0005043921410106122,7.836250733816996e-05,0.00018245594401378185,-0.0005043921410106122,0.00018245594401378185,-0.0005043921410106122,14.957447052001953,0.018749555572867393,5.416978359222412,7.836250733816996e-05,-0.00023413944290950894,2.003676414489746,-4.972171882400289e-05,-0.003985710442066193,-0.0002782930969260633,-0.00040381483267992735,-0.003985710442066193,0.0003868031199090183,0.0,0.4959520995616913,1.0,1.0,1.0,1.0
4.3500000000000005,16.236614474141586,-0.0005141622968949378,7.761573942843825e-05,0.00018635697779245675,-0.0005141622968949378,0.00018635697779245675,-0.0005141622968949378,15.230851173400879,0.018735889345407486,5.5171895027160645,7.761573942843825e-05,-0.00023487830185331404,2.0043418407440186,-4.653506766771898e-05,-0.004000083543360233,-0.0002948614419437945,-0.00024014661903493106,-0.004000083543360233,0.00036446776357479393,0.0,0.49575966596603394,1.0,1.0,1.0,1.0
4.4,16.515137404299992,-0.0005233505507931113,7.66072771511972e-05,0.00019021400657948107,-0.0005233505507931113,0.00019021400657948107,-0.0005233505507931113,15.509265899658203,0.01872285082936287,5.617430210113525,7.66072771511972e-05,-0.00023558664543088526,2.004854917526245,-4.5288434193935245e-05,-0.004015030339360237,-0.0003010776126757264,-2.0019857402076013e-05,-0.004015030339360237,0.0003426012408453971,0.0,0.4955337643623352,1.0,1.0,1.0,1.0
4.45,16.798671337811346,-0.0005319520132616162,7.541571540059522e-05,0.0001940157380886376,-0.0005319520132616162,0.0001940157380886376,-0.0005319520132616162,15.792694091796875,0.018710464239120483,5.717692852020264,7.541571540059522e-05,-0.00023627138580195606,2.0052454471588135,-4.594331403495744e-05,-0.0040300204418599606,-0.0002971897483803332,0.0001572263427078724,-0.0040300204418599606,0.0003212290757801384,0.0,0.4952821731567383,1.0,1.0,1.0,1.0
4.5,17.08721760300816,-0.0005399547517299652,7.412883132928982e-05,0.0001977552310563624,-0.0005399547517299652,0.0001977552310563624,-0.0005399547517299652,16.08113670349121,0.01869875192642212,5.817972660064697,7.412883132928982e-05,-0.00023694067203905433,2.005537748336792,-4.7981200623326004e-05,-0.004044636618345976,-0.00028699205722659826,0.00023670557129662484,-0.004044636618345976,0.00030037068063393235,0.0,0.49501100182533264,1.0,1.0,1.0,1.0
4.55,17.380777208339005,-0.0005473413038998842,7.28113082004711e-05,0.00020142944413237274,-0.0005473413038998842,0.00020142944413237274,-0.0005473413038998842,16.374591827392578,0.01868772879242897,5.918264865875244,7.28113082004711e-05,-0.00023760058684274554,2.005751609802246,-5.0725651817629114e-05,-0.004058674909174442,-0.0002747774706222117,0.00023640162544324994,-0.004058674909174442,0.0002800403453875333,0.0,0.49472519755363464,1.0,1.0,1.0,1.0
4.6000000000000005,17.679350910880782,-0.0005540918209590018,7.149347948143259e-05,0.0002050376933766529,-0.0005540918209590018,0.0002050376933766529,-0.0005540918209590018,16.673063278198242,0.018677406013011932,6.018566131591797,7.149347948143259e-05,-0.00023825367679819465,2.0059030055999756,-5.3606450819643214e-05,-0.0040721287950873375,-0.0002640197053551674,0.00018902360170613974,-0.0040721287950873375,0.0002602492750156671,0.0,0.49442869424819946,1.0,1.0,1.0,1.0
4.65,17.982939269080504,-0.0005601877928711474,7.017498865025118e-05,0.0002085800952045247,-0.0005601877928711474,0.0002085800952045247,-0.0005601877928711474,16.97654914855957,0.0186677984893322,6.118873596191406,7.017498865025118e-05,-0.00023889912699814886,2.006005048751831,-5.6306118494831026e-05,-0.004085120745003223,-0.0002563783200457692,0.00012112156400689855,-0.004085120745003223,0.00024100778682623059,0.0,0.49412456154823303,1.0,1.0,1.0,1.0
4.7,18.291542683443232,-0.0005656140274368227,6.883728929096833e-05,0.00021205621305853128,-0.0005656140274368227,0.00021205621305853128,-0.0005656140274368227,17.285051345825195,0.018658915534615517,6.2191853523254395,6.883728929096833e-05,-0.0002395339251961559,2.006068706512451,-5.877197327208705e-05,-0.004097814206033945,-0.00025193800684064627,6.145871157059446e-05,-0.004097814206033945,0.00022232611081562936,0.0,0.4938153028488159,1.0,1.0,1.0,1.0
4.75,18.60516142834425,-0.0005703600472770631,6.745718565071002e-05,0.000215464475331828,-0.0005703600472770631,0.000215464475331828,-0.0005703600472770631,17.598567962646484,0.01865077018737793,6.319499492645264,6.745718565071002e-05,-0.00024015436065383255,2.0061020851135254,-6.115948053775355e-05,-0.004110348876565695,-0.00024974494590424,3.102103801211342e-05,-0.004110348876565695,0.00020421457884367555,0.0,0.49350282549858093,1.0,1.0,1.0,1.0
4.8,18.92379591497999,-0.0005744178779423237,6.612065772060305e-05,0.0002188035869039595,-0.0005744178779423237,0.0002188035869039595,-0.0005744178779423237,17.91710090637207,0.018643373623490334,6.419827461242676,6.612065772060305e-05,-0.0002407650026725605,2.0068788528442383,-6.714893970638514e-05,-0.004123307298868895,-0.0002772741427179426,-0.00013101553486194462,-0.004123307298868895,0.0001866826496552676,0.0,0.49318209290504456,1.0,1.0,1.0,1.0
4.8500000000000005,19.24744848416481,-0.0005777812912128866,6.484919140348211e-05,0.00022207872825674713,-0.0005777812912128866,0.00022207872825674713,-0.0005777812912128866,18.240652084350586,0.018636729568243027,6.520204067230225,6.484919140348211e-05,-0.00024139096785802394,2.0078024864196777,-7.060285861371085e-05,-0.004136467352509499,-0.0002492096391506493,0.00021984825434628874,-0.004136467352509499,0.00016973093443084508,0.0,0.49282145500183105,1.0,1.0,1.0,1.0
4.9,19.576121792528582,-0.0005804476095363498,6.353361095534638e-05,0.00022528924455400556,-0.0005804476095363498,0.00022528924455400556,-0.0005804476095363498,18.569223403930664,0.018630843609571457,6.620622634887695,6.353361095534638e-05,-0.00024199092877097428,2.0085766315460205,-7.166370050981641e-05,-0.0041490537114441395,-0.00025705990265123546,-0.0001628570316825062,-0.0041490537114441395,0.0001533650647616014,0.0,0.4924185872077942,1.0,1.0,1.0,1.0
4.95,19.90981868232705,-0.0005824094987474382,6.241290975594893e-05,0.00022843691112939268,-0.0005824094987474382,0.00022843691112939268,-0.0005824094987474382,18.902816772460938,0.018625730648636818,6.721121311187744,6.241290975594893e-05,-0.00024259927158709615,2.0111312866210938,-8.383597014471889e-05,-0.004163696896284819,-0.0003114624123554677,0.001081776455976069,-0.004163696896284819,0.00013759350986219943,0.0,0.4919535517692566,1.0,1.0,1.0,1.0
5.0,20.24854558266638,-0.0005836702766828239,6.129383837105706e-05,0.00023153053189162165,-0.0005836702766828239,0.00023153053189162165,-0.0005836702766828239,19.241437911987305,0.018621381372213364,6.821742534637451,6.129383837105706e-05,-0.00024324307742062956,2.0133087635040283,-8.610476652393118e-05,-0.004177713301032782,-0.0002637526486068964,-4.070378781761974e-05,-0.004177713301032782,0.000122405297588557,0.0,0.4913748800754547,1.0,1.0,1.0,1.0
5.05,20.59230798386779,-0.000584228546358645,6.0079422837588936e-05,0.00023456619237549603,-0.000584228546358645,0.00023456619237549603,-0.000584228546358645,19.585092544555664,0.01861780323088169,6.92246150970459,6.0079422837588936e-05,-0.00024385649885516614,2.015014410018921,-8.793248707661405e-05,-0.004191300366073847,-0.00027942273300141096,-0.00016998899809550494,-0.004191300366073847,0.00010780664160847664,0.0,0.490694135427475,1.0,1.0,1.0,1.0
5.1000000000000005,20.941109480917426,-0.0005840856465511024,5.86183559789788e-05,0.00023753551067784429,-0.0005840856465511024,0.00023753551067784429,-0.0005840856465511024,19.933786392211914,0.018615009263157845,7.023254871368408,5.86183559789788e-05,-0.0002444522106088698,2.0162980556488037,-9.258065983885899e-05,-0.0042052981443703175,-0.0002781915827654302,0.00012596471060533077,-0.0042052981443703175,9.380930714542046e-05,0.0,0.48993146419525146,1.0,1.0,1.0,1.0
5.15,21.294952454493416,-0.0005832505412399769,5.6925753597170115e-05,0.0002404257102170959,-0.0005832505412399769,0.0002404257102170959,-0.0005832505412399769,20.287519454956055,0.018613003194332123,7.124103546142578,5.6925753597170115e-05,-0.00024503417080268264,2.0172200202941895,-9.95075679384172e-05,-0.004218983463943005,-0.00026810041163116693,0.00028265718719922006,-0.004218983463943005,8.041870751185343e-05,0.0,0.4891067445278168,1.0,1.0,1.0,1.0
5.2,21.653838513081904,-0.0005817269557155669,5.510598566615954e-05,0.00024322772515006363,-0.0005817269557155669,0.00024322772515006363,-0.0005817269557155669,20.646297454833984,0.018611781299114227,7.2249908447265625,5.510598566615954e-05,-0.00024560646852478385,2.0178475379943848,-0.00010774536349344999,-0.004231974016875029,-0.0002511718776077032,0.00036786688724532723,-0.004231974016875029,6.76333365845494e-05,0.0,0.4882372319698334,1.0,1.0,1.0,1.0
5.25,22.017768773350184,-0.0005795144243165851,5.325123493093997e-05,0.0002459375828038901,-0.0005795144243165851,0.0002459375828038901,-0.0005795144243165851,21.010120391845703,0.01861133612692356,7.325903415679932,5.325123493093997e-05,-0.00024616855080239475,2.0182456970214844,-0.00011598043784033507,-0.004244071897119284,-0.00023338518803939223,0.0003317459486424923,-0.004244071897119284,5.544631494558416e-05,0.0,0.4873370826244354,1.0,1.0,1.0,1.0
5.3,22.38674402280202,-0.0005766110261902213,5.141023575561121e-05,0.0002485549484845251,-0.0005766110261902213,0.0002485549484845251,-0.0005766110261902213,21.37898826599121,0.018611663952469826,7.4268317222595215,5.141023575561121e-05,-0.0002467155863996595,2.0184712409973145,-0.00012341156252659857,-0.004255350213497877,-0.0002187633654102683,0.00024727199343033135,-0.004255350213497877,4.384880230645649e-05,0.0,0.4864172339439392,1.0,1.0,1.0,1.0
5.3500000000000005,22.760764807608226,-0.0005730174598284066,4.9587757530389354e-05,0.00025108078261837363,-0.0005730174598284066,0.00025108078261837363,-0.0005730174598284066,21.752904891967773,0.018612753599882126,7.527768135070801,4.9587757530389354e-05,-0.00024724038667045534,2.018570899963379,-0.00012983797932974994,-0.004266011528670788,-0.00020862089877482504,0.0001624981960048899,-0.004266011528670788,3.283264595665969e-05,0.0,0.4854860305786133,1.0,1.0,1.0,1.0
5.4,23.13983147926363,-0.0005687389639206231,4.776528658112511e-05,0.00025351555086672306,-0.0005687389639206231,0.00025351555086672306,-0.0005687389639206231,22.131866455078125,0.01861460506916046,7.628706932067871,4.776528658112511e-05,-0.0002477358211763203,2.018580913543701,-0.00013558141654357314,-0.004276266321539879,-0.00020214455435052514,0.00010625931463437155,-0.004276266321539879,2.2391534002963454e-05,0.0,0.4845496416091919,1.0,1.0,1.0,1.0
5.45,23.523944223452787,-0.0005637849681079388,4.592337427311577e-05,0.00025585878756828606,-0.0005637849681079388,0.00025585878756828606,-0.0005637849681079388,22.51587677001953,0.018617214635014534,7.729645252227783,4.592337427311577e-05,-0.00024819732061587274,2.018526554107666,-0.00014141577412374318,-0.004286252427846193,-0.0001975905615836382,8.397574856644496e-05,-0.004286252427846193,1.2520606105681509e-05,0.0,0.4836124777793884,1.0,1.0,1.0,1.0
5.5,23.91310309608669,-0.0005581669392995536,4.40591829828918e-05,0.0002581093867775053,-0.0005581669392995536,0.0002581093867775053,-0.0005581669392995536,22.904932022094727,0.018620576709508896,7.830578804016113,4.40591829828918e-05,-0.0002486253797542304,2.0184261798858643,-0.00014784875384066254,-0.0042960005812346935,-0.0001919448986882344,0.00013823177141603082,-0.0042960005812346935,3.2146540434041526e-06,0.0,0.48267778754234314,1.0,1.0,1.0,1.0
5.55,24.307308000428566,-0.0005518987309187651,4.217228342895396e-05,0.0002602662134449929,-0.0005518987309187651,0.0002602662134449929,-0.0005518987309187651,23.299034118652344,0.018624689429998398,7.931506156921387,4.217228342895396e-05,-0.0002490184851922095,2.018244504928589,-0.00015424989396706223,-0.004305385518819094,-0.00018369844474364072,0.00012051397789036855,-0.004305385518819094,-5.532933300855802e-06,0.0,0.48174846172332764,1.0,1.0,1.0,1.0
5.6000000000000005,24.7065585861422,-0.0005449928576126695,4.0280465327668935e-05,0.0002623284235596657,-0.0005449928576126695,0.0002623284235596657,-0.0005449928576126695,23.698183059692383,0.018629543483257294,8.032423973083496,4.0280465327668935e-05,-0.0002493776846677065,2.0180437564849854,-0.00016201216203626245,-0.004314436111599207,-0.0001780621096258983,0.00014904116687830538,-0.004314436111599207,-1.3729467355005909e-05,0.0,0.48082783818244934,1.0,1.0,1.0,1.0
5.65,25.110854419434,-0.0005374596803449094,3.8411730201914907e-05,0.0002642965118866414,-0.0005374596803449094,0.0002642965118866414,-0.0005374596803449094,24.102378845214844,0.018635135143995285,8.133330345153809,3.8411730201914907e-05,-0.00024971147649921477,2.0178375244140625,-0.00017104975995607674,-0.004323107656091452,-0.00016844536003191024,0.00021555287821684033,-0.004323107656091452,-2.1385658328654245e-05,0.0,0.4799170196056366,1.0,1.0,1.0,1.0
5.7,25.520195058748413,-0.0005293082213029265,3.659665890154429e-05,0.00026617234107106924,-0.0005293082213029265,0.00026617234107106924,-0.0005293082213029265,24.51161766052246,0.01864144764840603,8.234227180480957,3.659665890154429e-05,-0.00025002568145282567,2.017629623413086,-0.0001806824147934094,-0.004331251140683889,-0.00015748594887554646,0.00022078052279539406,-0.004331251140683889,-2.851596218533814e-05,0.0,0.47901639342308044,1.0,1.0,1.0,1.0
5.75,25.934580067831494,-0.0005205455818213522,3.486832429189235e-05,0.0002679592580534518,-0.0005205455818213522,0.0002679592580534518,-0.0005205455818213522,24.925901412963867,0.01864846982061863,8.335115432739258,3.486832429189235e-05,-0.0002503247233107686,2.017698287963867,-0.00019153516041114926,-0.004338858183473349,-0.00015064295439515263,-0.0009586565429344773,-0.004338858183473349,-3.513711999403313e-05,0.0,0.47823891043663025,1.0,1.0,1.0,1.0
5.8,26.35401012169006,-0.0005111750215291977,3.341793853905983e-05,0.0002696668670978397,-0.0005111750215291977,0.0002696668670978397,-0.0005111750215291977,25.345230102539062,0.018656181171536446,8.436026573181152,3.341793853905983e-05,-0.0002506328164599836,2.018207550048828,-0.0002039561077253893,-0.00434693181887269,-0.00014624951290898025,0.0011751566780731082,-0.00434693181887269,-4.1271130612585694e-05,0.0,0.4774464964866638,1.0,1.0,1.0,1.0
5.8500000000000005,26.77848643769734,-0.0005012096371501684,3.1909785320749506e-05,0.0002713009889703244,-0.0005012096371501684,0.0002713009889703244,-0.0005012096371501684,25.76960563659668,0.018664564937353134,8.536944389343262,3.1909785320749506e-05,-0.0002509257465135306,2.0180177688598633,-0.00020834618771914393,-0.004353327676653862,-0.00012231980508659035,-0.00013498932821676135,-0.004353327676653862,-4.6940724132582545e-05,0.0,0.47656214237213135,1.0,1.0,1.0,1.0
5.9,27.208007881631055,-0.0004906562971882522,3.0218383471947163e-05,0.0002728569961618632,-0.0004906562971882522,0.0002728569961618632,-0.0004906562971882522,26.199026107788086,0.018673615530133247,8.637825965881348,3.0218383471947163e-05,-0.0002511788625270128,2.01658296585083,-0.00021155098511371762,-0.004358990583568811,-9.349478932563215e-05,0.00036403845297172666,-0.004358990583568811,-5.215085911913775e-05,0.0,0.47568896412849426,1.0,1.0,1.0,1.0
5.95,27.642570311121702,-0.0004795283020939678,2.831871825037524e-05,0.0002743212098721415,-0.0004795283020939678,0.0002743212098721415,-0.0004795283020939678,26.633487701416016,0.018683329224586487,8.738627433776855,2.831871825037524e-05,-0.0002513820072636008,2.0151162147521973,-0.000220557747525163,-0.004363969434052706,-0.00010796282003866509,-0.0001157540682470426,-0.004363969434052706,-5.690171383321285e-05,0.0,0.4749019742012024,1.0,1.0,1.0,1.0
6.0,28.082169767711612,-0.0004678367986343801,2.6489267838769592e-05,0.0002756918838713318,-0.0004678367986343801,0.0002756918838713318,-0.0004678367986343801,27.072988510131836,0.01869368925690651,8.839363098144531,2.6489267838769592e-05,-0.00025157531490549445,2.0138416290283203,-0.00023278252047020942,-0.004369084257632494,-9.229857823811471e-05,0.00048557177069596946,-0.004369084257632494,-6.12084986642003e-05,0.0,0.47418126463890076,1.0,1.0,1.0,1.0
6.05,28.526802592174768,-0.00045560344005934894,2.4546905478928238e-05,0.0002769695711322129,-0.00045560344005934894,0.0002769695711322129,-0.00045560344005934894,27.51752281188965,0.018704677000641823,8.9400053024292,2.4546905478928238e-05,-0.00025173372705467045,2.011397123336792,-0.00023552589118480682,-0.004372027236968279,-3.978202221333049e-05,-0.0002807099954225123,-0.004372027236968279,-6.509473314508796e-05,0.0,0.47355249524116516,1.0,1.0,1.0,1.0
6.1000000000000005,28.97646292708733,-0.000442836491856724,2.270544064231217e-05,0.00027815086650662124,-0.000442836491856724,0.00027815086650662124,-0.000442836491856724,27.967086791992188,0.01871628314256668,9.040535926818848,2.270544064231217e-05,-0.0002518374240025878,2.0094785690307617,-0.000245083385379985,-0.004374704323709011,-6.283643597271293e-05,-4.006631934316829e-05,-0.004374704323709011,-6.856735853943974e-05,0.0,0.47304391860961914,1.0,1.0,1.0,1.0
6.15,29.43114625217371,-0.00042954657692462206,2.1052563170087524e-05,0.00027924487949348986,-0.00042954657692462206,0.00027924487949348986,-0.00042954657692462206,28.421674728393555,0.01872849091887474,9.140981674194336,2.1052563170087524e-05,-0.00025192799512296915,2.0079870223999023,-0.00025559013010933995,-0.004377591423690319,-5.0785041821654886e-05,0.0002565519534982741,-0.004377591423690319,-7.164654380176216e-05,0.0,0.4726181924343109,1.0,1.0,1.0,1.0
6.2,29.890849471243758,-0.00041575237992219627,1.960655026778113e-05,0.000280261185253039,-0.00041575237992219627,0.000280261185253039,-0.00041575237992219627,28.881284713745117,0.01874127797782421,9.241360664367676,1.960655026778113e-05,-0.00025200052186846733,2.006828546524048,-0.00026360127958469093,-0.004379944410175085,-4.567373252939433e-05,-4.704001185018569e-06,-0.004379944410175085,-7.435701263602823e-05,0.0,0.47225457429885864,1.0,1.0,1.0,1.0
6.25,30.355570260168783,-0.0004014657170046121,1.8349111996940337e-05,0.0002812100574374199,-0.0004014657170046121,0.0002812100574374199,-0.0004014657170046121,29.345911026000977,0.018754631280899048,9.341689109802246,1.8349111996940337e-05,-0.00025205573183484375,2.005934953689575,-0.0002712462155614048,-0.004382261540740728,-4.716751573141664e-05,-3.503304469631985e-05,-0.004382261540740728,-7.671788625884801e-05,0.0,0.4719384014606476,1.0,1.0,1.0,1.0
6.3,30.825306795699483,-0.0003866985789500177,1.7217733329744078e-05,0.0002820993831846863,-0.0003866985789500177,0.0002820993831846863,-0.0003866985789500177,29.815553665161133,0.018768535926938057,9.441977500915527,1.7217733329744078e-05,-0.00025210052262991667,2.0052473545074463,-0.00027932971715927124,-0.0043846555054187775,-4.837966480408795e-05,-1.2055947991029825e-05,-0.0043846555054187775,-7.874618313508108e-05,0.0,0.4716586768627167,1.0,1.0,1.0,1.0
6.3500000000000005,31.300057607847098,-0.00037146275280974805,1.6177384168258868e-05,0.0002829344302881509,-0.00037146275280974805,0.0002829344302881509,-0.00037146275280974805,30.29020881652832,0.018782978877425194,9.542236328125,1.6177384168258868e-05,-0.0002521422575227916,2.0047178268432617,-0.00028810990625061095,-0.004387072287499905,-4.796572829945944e-05,2.94127512461273e-05,-0.004387072287499905,-8.045908907661214e-05,0.0,0.47140705585479736,1.0,1.0,1.0,1.0
6.4,31.77982149115392,-0.0003557688614819199,1.5216688552754931e-05,0.00028371941880322993,-0.0003557688614819199,0.00028371941880322993,-0.0003557688614819199,30.76987648010254,0.018797939643263817,9.642471313476562,1.5216688552754931e-05,-0.00025218751397915184,2.0043087005615234,-0.00029731375980190933,-0.004389418289065361,-4.566423376672901e-05,5.846824933541939e-05,-0.004389418289065361,-8.187514322344214e-05,0.0,0.4711771011352539,1.0,1.0,1.0,1.0
6.45,32.26459602321135,-0.0003396332904230803,1.379150944558205e-05,0.0002844514383468777,-0.0003396332904230803,0.0002844514383468777,-0.0003396332904230803,31.254554748535156,0.018813403323292732,9.742616653442383,1.379150944558205e-05,-0.00025220972020179033,2.000178575515747,-0.0002894731005653739,-0.004389497917145491,7.61534902267158e-05,0.0017267921939492226,-0.004389497917145491,-8.301009074784815e-05,0.0,0.4710308313369751,1.0,1.0,1.0,1.0
6.5,32.75436960183296,-0.00032307388028129935,1.1679434464895166e-05,0.0002850889868568629,-0.00032307388028129935,0.0002850889868568629,-0.00032307388028129935,31.744234085083008,0.018829384818673134,9.842521667480469,1.1679434464895166e-05,-0.0002521066926419735,1.995644450187683,-0.0002917265228461474,-0.004386611748486757,2.283372486999724e-05,-0.0009569952380843461,-0.004386611748486757,-8.384037209907547e-05,0.0,0.47107768058776855,1.0,1.0,1.0,1.0
6.55,33.24912975117406,-0.00030608195811510086,9.689083526609465e-06,0.0002856233040802181,-0.00030608195811510086,0.0002856233040802181,-0.00030608195811510086,32.2389030456543,0.018845874816179276,9.942218780517578,9.689083526609465e-06,-0.00025198693037964404,1.9917653799057007,-0.000310514064040035,-0.0043856557458639145,2.8559219572343864e-05,0.0006037135026417673,-0.0043856557458639145,-8.43670786707662e-05,0.0,0.4713062644004822,1.0,1.0,1.0,1.0
6.6000000000000005,33.74886547231084,-0.0002886984730139375,7.36031597625697e-06,0.0002860538079403341,-0.0002886984730139375,0.0002860538079403341,-0.0002886984730139375,32.73855209350586,0.018862836062908173,10.041651725769043,7.36031597625697e-06,-0.0002518229593988508,1.984912395477295,-0.000304738205159083,-0.0043804519809782505,0.00016254675574600697,1.6479558325954713e-05,-0.0043804519809782505,-8.462922414764762e-05,0.0,0.47176602482795715,1.0,1.0,1.0,1.0
6.65,34.25356023221704,-0.00027093698736280203,5.120302830619039e-06,0.0002863644913304597,-0.00027093698736280203,0.0002863644913304597,-0.00027093698736280203,33.243160247802734,0.018880268558859825,10.140762329101562,5.120302830619039e-06,-0.0002515391679480672,1.9793047904968262,-0.00031218043295666575,-0.004373858217149973,9.894847607938573e-05,-0.0008572458173148334,-0.004373858217149973,-8.462301775580272e-05,0.0,0.472537100315094,1.0,1.0,1.0,1.0
6.7,34.76320077567153,-0.0002527974429540336,3.430440528973122e-06,0.00028657689108513296,-0.0002527974429540336,0.00028657689108513296,-0.0002527974429540336,33.752723693847656,0.01889815367758274,10.239630699157715,3.430440528973122e-06,-0.00025124059175141156,1.9751721620559692,-0.00032770499819889665,-0.004369175992906094,9.774885984370485e-05,0.0002887446607928723,-0.004369175992906094,-8.437067299382761e-05,0.0,0.4735710322856903,1.0,1.0,1.0,1.0
6.75,35.27777860988201,-0.00023431279987562448,2.2764381810702616e-06,0.00028671775362454355,-0.00023431279987562448,0.00028671775362454355,-0.00023431279987562448,34.26721954345703,0.018916454166173935,10.338321685791016,2.2764381810702616e-06,-0.0002509402111172676,1.972219705581665,-0.00033721697400324047,-0.004363919608294964,0.0001039799171849154,-0.000382636790163815,-0.004363919608294964,-8.391732990276068e-05,0.0,0.4748043119907379,1.0,1.0,1.0,1.0
6.8,35.79728810395046,-0.00021549846860580146,1.6917407492655911e-06,0.0002868152514565736,-0.00021549846860580146,0.0002868152514565736,-0.00021549846860580146,34.786651611328125,0.018935145810246468,10.436888694763184,1.6917407492655911e-06,-0.0002506373857613653,1.970194697380066,-0.0003440708969719708,-0.00435927789658308,8.21323919808492e-05,-0.00041598259122110903,-0.00435927789658308,-8.329455886268988e-05,0.0,0.47618141770362854,1.0,1.0,1.0,1.0
6.8500000000000005,36.321725428305484,-0.00019636059005279094,1.4726840618095594e-06,0.0002868933661375195,-0.00019636059005279094,0.0002868933661375195,-0.00019636059005279094,35.31100845336914,0.018954215571284294,10.535371780395508,1.4726840618095594e-06,-0.0002503504802007228,1.9688327312469482,-0.00035130116157233715,-0.004355668555945158,6.318164378171787e-05,-0.00034630257869139314,-0.004355668555945158,-8.252422412624583e-05,0.0,0.4776584804058075,1.0,1.0,1.0,1.0
6.9,36.851087861887805,-0.00017690470849629492,1.4568552160199033e-06,0.00028696598019450903,-0.00017690470849629492,0.00028696598019450903,-0.00017690470849629492,35.84028625488281,0.01897364854812622,10.633798599243164,1.4568552160199033e-06,-0.0002500961709301919,1.9679367542266846,-0.00035984301939606667,-0.004352912772446871,4.821922266273759e-05,-0.0002452886838000268,-0.004352912772446871,-8.162456651916727e-05,0.0,0.479203462600708,1.0,1.0,1.0,1.0
6.95,37.38537339963397,-0.00015713348693680018,1.5605941143803648e-06,0.00028704098076559603,-0.00015713348693680018,0.00028704098076559603,-0.00015713348693680018,36.37448501586914,0.018993424251675606,10.732189178466797,1.5605941143803648e-06,-0.0002498882822692394,1.9673594236373901,-0.00036941454163752496,-0.004350760951638222,3.8928305002627894e-05,-0.0001369224046356976,-0.004350760951638222,-8.061451808316633e-05,0.0,0.48079362511634827,1.0,1.0,1.0,1.0
7.0,37.92458015367053,-0.0001370505488011986,1.5384772495963261e-06,0.0002871211909223348,-0.0001370505488011986,0.0002871211909223348,-0.0001370505488011986,36.91360092163086,0.019013522192835808,10.830533981323242,1.5384772495963261e-06,-0.00024972675601020455,1.9654024839401245,-0.0003724740236066282,-0.004348249174654484,8.975940727395937e-05,0.001982144545763731,-0.004348249174654484,-7.951389852678403e-05,0.0,0.4824235439300537,1.0,1.0,1.0,1.0
7.05,38.46867856521756,-0.00011680730676744133,-1.4964887668611482e-05,0.0002870969765353948,-0.00011680730676744133,0.0002870969765353948,-0.00011680730676744133,37.457618713378906,0.01903396099805832,10.926729202270508,-1.4964887668611482e-05,-0.0002489879843778908,1.688568353652954,0.0008689757087267935,-0.004307739436626434,0.005466229282319546,0.6625227332115173,-0.004307739436626434,-7.828612433513626e-05,0.0,0.3644599914550781,1.0,1.0,1.0,1.0
7.1000000000000005,39.01601919193032,-0.00010107792331837118,-0.0004401878104545176,0.0002786210970953107,-0.00010107792331837118,0.0002786210970953107,-0.00010107792331837118,38.0053596496582,0.01905915141105652,10.96270751953125,-0.0004401878104545176,-0.00021698634373024106,-0.572948157787323,0.011709390208125114,-0.002596486359834671,0.058074429631233215,0.8090031147003174,-0.002596486359834671,-7.06009377609007e-05,0.0,0.03363324701786041,1.0,1.0,1.0,1.0
7.15,39.56128070395418,-8.159694698406383e-05,-0.000800924317445606,0.00024364427372347564,-8.159694698406383e-05,0.00024364427372347564,-8.159694698406383e-05,38.552459716796875,0.01910647749900818,10.92594051361084,-0.000800924317445606,-0.0001380034227622673,0.05577392131090164,0.0006950059323571622,-0.0015392079949378967,-0.043075017631053925,-4.130998611450195,-0.0015392079949378967,-3.337687303428538e-05,0.0,0.0,1.0,1.0,1.0,1.0
7.2,40.10525571548254,-4.483772863750346e-05,-0.000738705915864557,0.00020595417299773544,-4.483772863750346e-05,0.00020595417299773544,-4.483772863750346e-05,39.09862518310547,0.019158923998475075,10.920308113098145,-0.000738705915864557,-0.00012284632248338312,-0.1306704878807068,-0.005299943964928389,-0.002725025173276663,0.012444642372429371,0.8616153597831726,-0.002725025173276663,1.133529167418601e-05,0.0,0.0,1.0,1.0,1.0,1.0
7.25,40.64921485257609,-2.21600967051927e-05,-0.0006290671299211681,0.00017116569506470114,-2.21600967051927e-05,0.00017116569506470114,-2.21600967051927e-05,39.644474029541016,0.01919890195131302,10.913795471191406,-0.0006290671299211681,-0.00010184194252360612,-0.13239771127700806,-0.0002684952924028039,-0.0017816931940615177,0.015163592994213104,-0.35528481006622314,-0.0017816931940615177,4.2480187403270975e-05,0.0,0.0,1.0,1.0,1.0,1.0
7.3,41.193247522154756,-3.8178955037437845e-06,-0.0004714987298939377,0.000143702287459746,-3.8178955037437845e-06,0.000143702287459746,-3.8178955037437845e-06,40.18999099731445,0.0192370917648077,10.907127380371094,-0.0004714987298939377,-7.038391777314246e-05,-0.13363413512706757,0.001571804634295404,-0.0014398745261132717,0.0005969577468931675,-0.16863322257995605,-0.0014398745261132717,6.915964331710711e-05,0.0,0.0,1.0,1.0,1.0,1.0
7.3500000000000005,41.73737797477049,1.1985261153313331e-05,-0.0003759122919291258,0.00012277676432859153,1.1985261153313331e-05,0.00012277676432859153,1.1985261153313331e-05,40.735172271728516,0.019279304891824722,10.90041446685791,-0.0003759122919291258,-4.0353654185310006e-05,-0.13410072028636932,0.0015737679786980152,-0.0015351453330367804,-0.0031004799529910088,-0.015391776338219643,-0.0015351453330367804,9.73608111962676e-05,0.0,0.0,1.0,1.0,1.0,1.0
7.4,42.28159828454234,2.5697832825244404e-05,-0.0003156954189762473,0.00010522196680540219,2.5697832825244404e-05,0.00010522196680540219,2.5697832825244404e-05,41.280025482177734,0.01932610012590885,10.895462036132812,-0.0003156954189762473,-1.6764428437454626e-05,0.578204870223999,-0.00341684534214437,-0.0017096857773140073,-0.005583472549915314,-1.129110336303711,-0.0017096857773140073,0.0001287378545384854,0.0,0.0,1.0,1.0,1.0,1.0
7.45,42.82960800681436,5.297297684592195e-05,0.0006332402699626982,0.00011122566502308473,5.297297684592195e-05,0.00011122566502308473,5.297297684592195e-05,41.82736587524414,0.019364288076758385,11.017391204833984,0.0006332402699626982,-7.633573113707826e-05,0.8739036321640015,0.005086827557533979,-0.005297839641571045,-0.08356179296970367,6.592258930206299,-0.005297839641571045,0.00014583455049432814,0.0,0.011523406021296978,1.0,1.0,1.0,1.0
7.5,43.38152497344342,5.287302701617591e-05,-1.1313609320495743e-05,0.0001187037123600021,5.287302701617591e-05,0.0001187037123600021,5.287302701617591e-05,42.37816619873047,0.019383640959858894,11.021005630493164,-1.1313609320495743e-05,-6.696074706269428e-05,0.6114706993103027,0.004796208348125219,-0.0014120328705757856,-0.005503594875335693,-2.911519765853882,-0.0014120328705757856,0.00014166567416395992,0.0,0.31790217757225037,1.0,1.0,1.0,1.0
7.55,43.934479430435296,7.343899051193148e-05,0.00016099531785584986,0.0001224753650603816,7.343899051193148e-05,0.0001224753650603816,7.343899051193148e-05,42.93029022216797,0.01941288635134697,11.068155288696289,0.00016099531785584986,-7.794958946760744e-05,1.2243833541870117,-0.006883278023451567,-0.002957823919132352,-0.023833414539694786,0.9847698211669922,-0.002957823919132352,0.00014956425002310425,0.0,0.5243557095527649,1.0,1.0,1.0,1.0
7.6000000000000005,44.490625472466306,9.32011244003661e-05,0.0002574981772340834,0.00013303165906108916,9.32011244003661e-05,0.00013303165906108916,9.32011244003661e-05,43.48541259765625,0.019429059699177742,11.138151168823242,0.0002574981772340834,-0.00011817531776614487,1.5518152713775635,-0.005956864915788174,-0.003206856083124876,0.005992934573441744,0.10982899367809296,-0.003206856083124876,0.00014288787497207522,0.0,0.6407588720321655,1.0,1.0,1.0,1.0
7.65,45.050788839172064,0.00011108650505775586,0.0003469551738817245,0.00014828653365839273,0.00011108650505775586,0.00014828653365839273,0.00011108650505775586,44.04438018798828,0.01943157985806465,11.219453811645508,0.0003469551738817245,-0.0001521968370070681,1.6180914640426636,-0.002935736207291484,-0.002950115827843547,0.004759339615702629,0.04224220663309097,-0.002950115827843547,0.00012129446258768439,0.0,0.6490147709846497,1.0,1.0,1.0,1.0
7.7,45.61494388829718,0.00013173131446819752,0.00036352698225528,0.00016624810814391822,0.00013173131446819752,0.00016624810814391822,0.00013173131446819752,44.607391357421875,0.01942741498351097,11.2992582321167,0.00036352698225528,-0.00017597022815607488,1.5834569931030273,-0.0005376171902753413,-0.002805175492540002,-0.00035709323128685355,-0.12955012917518616,-0.002805175492540002,9.224420500686392e-05,0.0,0.636856198310852,1.0,1.0,1.0,1.0
7.75,46.1828404992702,0.0001547223946545273,0.00033866151352413,0.00018396438099443913,0.0001547223946545273,0.00018396438099443913,0.0001547223946545273,45.174373626708984,0.019422117620706558,11.378540992736816,0.00033866151352413,-0.00019304791931062937,1.5913398265838623,0.000349079113220796,-0.0029261065647006035,-0.003392397426068783,-0.008160248398780823,-0.0029261065647006035,6.206141551956534e-05,0.0,0.6395382285118103,1.0,1.0,1.0,1.0
7.8,46.7544803216485,0.00017771798593457788,0.0002881821128539741,0.00019971565052401274,0.00017771798593457788,0.00019971565052401274,0.00017771798593457788,45.745338439941406,0.019418001174926758,11.458658218383789,0.0002881821128539741,-0.0002053930948022753,1.6154930591583252,0.0008624795591458678,-0.0030895306263118982,-0.00308376457542181,0.006955262739211321,-0.0030895306263118982,3.3448832255089656e-05,0.0,0.6490057706832886,1.0,1.0,1.0,1.0
7.8500000000000005,47.32997257584488,0.00019948523549828678,0.0002344409003853798,0.00021278823260217905,0.00019948523549828678,0.00021278823260217905,0.00019948523549828678,46.320343017578125,0.019416334107518196,11.540183067321777,0.0002344409003853798,-0.00021331862080842257,1.646579384803772,0.0011767372488975525,-0.003238546894863248,-0.002927798544988036,0.0024767424911260605,-0.003238546894863248,7.812873263901565e-06,0.0,0.6612045168876648,1.0,1.0,1.0,1.0
7.9,47.909457190089825,0.00021975711570121348,0.00018709182040765882,0.0002233187115052715,0.00021975711570121348,0.0002233187115052715,0.00021975711570121348,46.89946746826172,0.01941792666912079,11.6233491897583,0.00018709182040765882,-0.00021772329637315124,1.6803892850875854,0.0013290101196616888,-0.003379779402166605,-0.0027308734133839607,0.0034278796520084143,-0.003379779402166605,-1.4115033991402015e-05,0.0,0.674155056476593,1.0,1.0,1.0,1.0
7.95,48.49307099536064,0.0002384521794738248,0.00014754905714653432,0.00023167287872638553,0.0002384521794738248,0.00023167287872638553,0.0002384521794738248,47.482791900634766,0.0194232240319252,11.708231925964355,0.00014754905714653432,-0.00021956031559966505,1.7145628929138184,0.0013412332627922297,-0.0035124015994369984,-0.002572408877313137,0.007418075576424599,-0.0035124015994369984,-3.202552397851832e-05,0.0,0.6868062019348145,1.0,1.0,1.0,1.0
8.0,49.08093494557226,0.0002557182451710105,0.00011491858458612114,0.0002382187230978161,0.0002557182451710105,0.0002382187230978161,0.0002557182451710105,48.070404052734375,0.019432323053479195,11.794798851013184,0.00011491858458612114,-0.00021985186322126538,1.747394323348999,0.0011756783351302147,-0.003633700544014573,-0.002335497410967946,0.00401539821177721,-0.003633700544014573,-4.5929482439532876e-05,0.0,0.6986269950866699,1.0,1.0,1.0,1.0
8.05,49.673151026735006,0.00027194738504476845,9.025391045724973e-05,0.00024332483008038253,0.00027194738504476845,0.00024332483008038253,0.00027194738504476845,48.662384033203125,0.019444942474365234,11.882957458496094,9.025391045724973e-05,-0.00021956450655125082,1.7783586978912354,0.0008827768033370376,-0.0037452213000506163,-0.0021264031529426575,0.0052397288382053375,-0.0037452213000506163,-5.618778959615156e-05,0.0,0.7093832492828369,1.0,1.0,1.0,1.0
8.1,50.269805731755426,0.0002877461083699018,7.331463712034747e-05,0.0002473926288075745,0.0002877461083699018,0.0002473926288075745,0.0002877461083699018,49.258811950683594,0.019460471346974373,11.972620964050293,7.331463712034747e-05,-0.00021957705030217767,1.807464599609375,0.0004980590892955661,-0.0038417489267885685,-0.0017234078841283917,0.008743955753743649,-0.0038417489267885685,-6.347581802401692e-05,0.0,0.7189599871635437,1.0,1.0,1.0,1.0
8.15,50.87097418239364,0.0003036761190742254,6.257963104872033e-05,0.0002507756871636957,0.0003036761190742254,0.0002507756871636957,0.0003036761190742254,49.85976028442383,0.019478067755699158,12.063665390014648,6.257963104872033e-05,-0.0002204991615144536,1.8336706161499023,7.664901932002977e-05,-0.003913848195225,-0.0011312724091112614,0.010792834684252739,-0.003913848195225,-6.868135824333876e-05,0.0,0.7273616790771484,1.0,1.0,1.0,1.0
8.2,51.47672098680026,0.00032012691372074187,5.7154429669026285e-05,0.0002537504187785089,0.00032012691372074187,0.0002537504187785089,0.00032012691372074187,50.46529006958008,0.01949681155383587,12.155941009521484,5.7154429669026285e-05,-0.00022247286688070744,1.8569153547286987,-0.00025374116376042366,-0.003958561457693577,-0.0006926738424226642,0.0059856572188436985,-0.003958561457693577,-7.275333337020129e-05,0.0,0.7346698641777039,1.0,1.0,1.0,1.0
8.25,52.08710255880263,0.00033752041053958237,5.701445843442343e-05,0.00025658204685896635,0.00033752041053958237,0.00025658204685896635,0.00033752041053958237,51.07546615600586,0.019515957683324814,12.249312400817871,5.701445843442343e-05,-0.00022533295850735158,1.877630352973938,-0.0004451554559636861,-0.003988306503742933,-0.0005716665182262659,-0.001988269854336977,-0.003988306503742933,-7.646840094821528e-05,0.0,0.7409771084785461,1.0,1.0,1.0,1.0
8.3,52.70216942683234,0.00035627445322461426,6.0883154219482094e-05,0.00025952019495889544,0.00035627445322461426,0.00025952019495889544,0.00035627445322461426,51.69033432006836,0.019535062834620476,12.343657493591309,6.0883154219482094e-05,-0.00022878866002429277,1.8959455490112305,-0.0005468296585604548,-0.004017104394733906,-0.0005559370620176196,0.0012258035130798817,-0.004017104394733906,-8.031303150346503e-05,0.0,0.7463752031326294,1.0,1.0,1.0,1.0
8.35,53.321966989744446,0.00037647911813110113,6.53821334708482e-05,0.0002626767964102328,0.00037647911813110113,0.0002626767964102328,0.00037647911813110113,52.309940338134766,0.019553931429982185,12.438862800598145,6.53821334708482e-05,-0.00023260535090230405,1.912070631980896,-0.0005415733903646469,-0.0040449416264891624,-0.000555944163352251,0.00023052447068039328,-0.0040449416264891624,-8.450926543446258e-05,0.0,0.7509599328041077,1.0,1.0,1.0,1.0
8.4,53.94653597242003,0.0003979920584242791,6.820282578701153e-05,0.00026602507568895817,0.0003979920584242791,0.00026602507568895817,0.0003979920584242791,52.934326171875,0.019572589546442032,12.53482723236084,6.820282578701153e-05,-0.00023639787104912102,1.92631196975708,-0.0004643572319764644,-0.004073275253176689,-0.0005903873243369162,-0.0013737095287069678,-0.004073275253176689,-8.90274386620149e-05,0.0,0.7548194527626038,1.0,1.0,1.0,1.0
8.45,54.57591282884374,0.00042055733501911163,6.823596049798653e-05,0.0002694487920962274,0.00042055733501911163,0.0002694487920962274,0.00042055733501911163,53.56352996826172,0.01959124207496643,12.631462097167969,6.823596049798653e-05,-0.00023984507424756885,1.9388513565063477,-0.00035207721521146595,-0.004104770720005035,-0.0006694617331959307,-0.0015933449612930417,-0.004104770720005035,-9.36451688176021e-05,0.0,0.7580349445343018,1.0,1.0,1.0,1.0
8.5,55.21012989132187,0.0004438876057974994,6.51884256512858e-05,0.0002727984683588147,0.0004438876057974994,0.0002727984683588147,0.0004438876057974994,54.19758224487305,0.019610175862908363,12.728687286376953,6.51884256512858e-05,-0.00024274685711134225,1.9498493671417236,-0.00024055915127974004,-0.004140068311244249,-0.000735905603505671,-0.0010182155529037118,-0.004140068311244249,-9.80482654995285e-05,0.0,0.7606816291809082,1.0,1.0,1.0,1.0
8.55,55.84921555625862,0.00046771683264523745,5.944146687397733e-05,0.00027592675178311765,0.00046771683264523745,0.00027592675178311765,0.00046771683264523745,54.83650588989258,0.019629675894975662,12.82642936706543,5.944146687397733e-05,-0.0002450236352160573,1.9595160484313965,-0.00015532778343185782,-0.004177860449999571,-0.0007686270400881767,-0.0002478245587553829,-0.004177860449999571,-0.0001019221090245992,0.0,0.7628287672996521,1.0,1.0,1.0,1.0
8.6,56.49319471558889,0.000491840997710824,5.1853712648153305e-05,0.0002787185076158494,0.000491840997710824,0.0002787185076158494,0.000491840997710824,55.48032760620117,0.019649963825941086,12.924627304077148,5.1853712648153305e-05,-0.00024670298444107175,1.9680256843566895,-0.0001101793532143347,-0.0042162099853158,-0.0007581232930533588,0.000638677563983947,-0.0042162099853158,-0.0001050188293447718,0.0,0.7645353674888611,1.0,1.0,1.0,1.0
8.65,57.1420891767876,0.0005161233711987734,4.324407927924767e-05,0.0002811015583574772,0.0005161233711987734,0.0002811015583574772,0.0005161233711987734,56.12907409667969,0.019671162590384483,13.023224830627441,4.324407927924767e-05,-0.0002478857641108334,1.9754923582077026,-0.00010853372805286199,-0.004252055659890175,-0.0006885452312417328,0.001069202902726829,-0.004252055659890175,-0.00010719540296122432,0.0,0.7658546566963196,1.0,1.0,1.0,1.0
8.700000000000001,57.79591802604054,0.0005404978874139488,3.485039997030981e-05,0.0002830555895343423,0.0005404978874139488,0.0002830555895343423,0.0005404978874139488,56.78275680541992,0.01969328708946705,13.122174263000488,3.485039997030981e-05,-0.0002486997691448778,1.9820674657821655,-0.0001411386620020494,-0.004284749738872051,-0.0006146137602627277,0.0017865510890260339,-0.004284749738872051,-0.00010842119809240103,0.0,0.7668328881263733,1.0,1.0,1.0,1.0
8.75,58.454698008983925,0.0005649610538966954,2.734606277954299e-05,0.0002846095012500882,0.0005649610538966954,0.0002846095012500882,0.0005649610538966954,57.4413948059082,0.01971627213060856,13.22143268585205,2.734606277954299e-05,-0.0002492888306733221,1.987831950187683,-0.00019737656111828983,-0.004313073121011257,-0.0005188276409171522,0.0019677116069942713,-0.004313073121011257,-0.00010876091255340725,0.0,0.7675115466117859,1.0,1.0,1.0,1.0
8.8,59.11844379338281,0.0005895357462577522,2.1121428289916366e-05,0.0002858185616787523,0.0005895357462577522,0.0002858185616787523,0.0005895357462577522,58.105003356933594,0.019739989191293716,13.320960998535156,2.1121428289916366e-05,-0.00024976933491416276,1.9928785562515259,-0.0002640081802383065,-0.004336538724601269,-0.0004227550234645605,0.0018466378096491098,-0.004336538724601269,-0.00010834400745807216,0.0,0.7679280638694763,1.0,1.0,1.0,1.0
8.85,59.78716824417858,0.0006142540951259434,1.6279313058475964e-05,0.0002867503499146551,0.0006142540951259434,0.0002867503499146551,0.0006142540951259434,58.77359390258789,0.019764279946684837,13.42072582244873,1.6279313058475964e-05,-0.0002502227434888482,1.9972898960113525,-0.00032988982275128365,-0.004355432000011206,-0.0003369905170984566,0.0015709679573774338,-0.004355432000011206,-0.00010732975351857021,0.0,0.768115222454071,1.0,1.0,1.0,1.0
8.9,60.460882656641736,0.0006391400238499045,1.2688105016422924e-05,0.0002874716301448643,0.0006391400238499045,0.0002874716301448643,0.0006391400238499045,59.44717788696289,0.019788991659879684,13.520697593688965,1.2688105016422924e-05,-0.0002506931487005204,2.0011489391326904,-0.0003870541404467076,-0.004370427690446377,-0.00026712712133303285,0.0012308117002248764,-0.004370427690446377,-0.00010587741417111829,0.0,0.7681180834770203,1.0,1.0,1.0,1.0
8.950000000000001,61.1395970986565,0.0006642010994255543,1.0116490557265934e-05,0.00028803927125409245,0.0006642010994255543,0.00028803927125409245,0.0006642010994255543,60.12576675415039,0.019813988357782364,13.620855331420898,1.0116490557265934e-05,-0.00025119478232227266,2.004748821258545,-0.00043261065729893744,-0.004382531624287367,-0.00022102275397628546,0.0008334123413078487,-0.004382531624287367,-0.00010412502888357267,0.0,0.7680211067199707,1.0,1.0,1.0,1.0
9.0,61.82332093934083,0.0006894250982441008,8.242595868068747e-06,0.0002884970745071769,0.0006894250982441008,0.0002884970745071769,0.0006894250982441008,60.80936813354492,0.01983916386961937,13.721182823181152,8.242595868068747e-06,-0.00025172115419991314,2.0079007148742676,-0.0004639525432139635,-0.004392588511109352,-0.00018393048958387226,0.0006140705081634223,-0.004392588511109352,-0.00010217974340775982,0.0,0.767761766910553,1.0,1.0,1.0,1.0
9.05,62.512062432836586,0.000714781868737191,6.724765171384206e-06,0.0002888711169362068,0.000714781868737191,0.0002888711169362068,0.000714781868737191,61.497989654541016,0.019864443689584732,13.821656227111816,6.724765171384206e-06,-0.000252246594754979,2.010622024536133,-0.00048286933451890945,-0.0044011264108121395,-0.00016013953427318484,0.00036419116077013314,-0.0044011264108121395,-0.00010011162521550432,0.0,0.7673507332801819,1.0,1.0,1.0,1.0
9.1,63.205828215304095,0.0007402293849736452,5.131551461090567e-06,0.00028917129384353757,0.0007402293849736452,0.00028917129384353757,0.0007402293849736452,62.19163513183594,0.01988978683948517,13.92222785949707,5.131551461090567e-06,-0.00025273585924878716,2.0105020999908447,-0.00048293499276041985,-0.004408243112266064,-9.511536336503923e-05,0.003760949242860079,-0.004408243112266064,-9.795636287890375e-05,0.0,0.7654467821121216,1.0,1.0,1.0,1.0
9.15,63.90461354207236,0.0007656975649297237,1.4714681810801267e-06,0.000289351271931082,0.0007656975649297237,0.000289351271931082,0.0007656975649297237,62.89030838012695,0.019915197044610977,14.022563934326172,1.4714681810801267e-06,-0.0002530268975533545,2.0004451274871826,-0.000435881782323122,-0.004406990949064493,0.00014743817155249417,0.0048945252783596516,-0.004406990949064493,-9.568717359798029e-05,0.0,0.7598528265953064,1.0,1.0,1.0,1.0
9.200000000000001,64.60838547111555,0.0007911341381259263,-5.693332241207827e-06,0.0002892648335546255,0.0007911341381259263,0.0002892648335546255,0.0007911341381259263,63.59397888183594,0.019940773025155067,14.122138023376465,-5.693332241207827e-06,-0.0002528621116653085,1.9797743558883667,-0.00037412019446492195,-0.004393654875457287,0.0003795067314058542,0.004593356978148222,-0.004393654875457287,-9.315523493569344e-05,0.0,0.7506404519081116,1.0,1.0,1.0,1.0
9.25,65.31708359755493,0.0008165424806065857,-1.6650401448714547e-05,0.00028872975963167846,0.0008165424806065857,0.00028872975963167846,0.0008165424806065857,64.30259704589844,0.01996663585305214,14.220433235168457,-1.6650401448714547e-05,-0.00025209979503415525,1.9493111371994019,-0.00033744744723662734,-0.004368104040622711,0.0007126032141968608,0.012254304252564907,-0.004368104040622711,-9.017077536555007e-05,0.0,0.7382559180259705,1.0,1.0,1.0,1.0
9.3,66.0306250048853,0.0008418385987170041,-3.112725244136527e-05,0.00028755120001733303,0.0008418385987170041,0.00028755120001733303,0.0008418385987170041,65.0160903930664,0.019992854446172714,14.316999435424805,-3.112725244136527e-05,-0.00025063627981580794,1.9106643199920654,-0.00030364340636879206,-0.004324933048337698,0.0009908986976370215,0.005404275376349688,-0.004324933048337698,-8.659576997160912e-05,0.0,0.723209023475647,1.0,1.0,1.0,1.0
9.35,66.74890824035202,0.0008669181843288243,-4.6909637603675947e-05,0.00028560718055814505,0.0008669181843288243,0.00028560718055814505,0.0008669181843288243,65.73435974121094,0.02001945860683918,14.411449432373047,-4.6909637603675947e-05,-0.0002483632124494761,1.86457097530365,-0.0002676845178939402,-0.004269178491085768,0.0011572277871891856,0.0060663227923214436,-0.004269178491085768,-8.234724373323843e-05,0.0,0.7059869170188904,1.0,1.0,1.0,1.0
9.4,67.47181594754538,0.0008918101084418595,-6.155185110401362e-05,0.0002828920551110059,0.0008918101084418595,0.0002828920551110059,0.0008918101084418595,66.45729064941406,0.020046506077051163,14.503446578979492,-6.155185110401362e-05,-0.00024514764663763344,1.8127171993255615,-0.00016707577742636204,-0.004209705628454685,0.0011573060182854533,0.013142325915396214,-0.004209705628454685,-7.73524006945081e-05,0.0,0.6870500445365906,1.0,1.0,1.0,1.0
9.450000000000001,68.19921822772694,0.0009167379466816783,-7.641089905519038e-05,0.00027946330374106765,0.0009167379466816783,0.00027946330374106765,0.0009167379466816783,67.18474578857422,0.02007414773106575,14.59272289276123,-7.641089905519038e-05,-0.00024113385006785393,1.755900502204895,-0.00020370521815493703,-0.004145833197981119,0.001519284676760435,0.00989207811653614,-0.004145833197981119,-7.145335985114798e-05,0.0,0.6668054461479187,1.0,1.0,1.0,1.0
9.5,68.9309747320496,0.0009413422085344791,-9.149736433755606e-05,0.00027526228222995996,0.0009413422085344791,0.00027526228222995996,0.0009413422085344791,67.9166030883789,0.020102307200431824,14.67906379699707,-9.149736433755606e-05,-0.0002364706015214324,1.6953543424606323,-0.0001818564342102036,-0.004066360183060169,0.0016266406746581197,0.005325536709278822,-0.004066360183060169,-6.46992921247147e-05,0.0,0.6456171274185181,1.0,1.0,1.0,1.0
9.55,69.66693687710685,0.0009655639878474176,-0.00010685595771064982,0.00027031212812289596,0.0009655639878474176,0.00027031212812289596,0.0009655639878474176,68.6526870727539,0.02013094164431095,14.76229476928711,-0.00010685595771064982,-0.00023113423958420753,1.6318490505218506,-0.00020136644889134914,-0.003973301500082016,0.0019758015405386686,7.325145998038352e-05,-0.003973301500082016,-5.712382335332222e-05,0.0,0.623809278011322,1.0,1.0,1.0,1.0
9.6,70.40694981199965,0.000989321037195623,-0.00011996601097052917,0.00026463056565262377,0.000989321037195623,0.00026463056565262377,0.000989321037195623,69.39286041259766,0.020159967243671417,14.842303276062012,-0.00011996601097052917,-0.00022517135948874056,1.5662786960601807,-0.00021097018907312304,-0.0038752981927245855,0.0018673163140192628,0.003955003805458546,-0.0038752981927245855,-4.879407788394019e-05,0.0,0.6016568541526794,1.0,1.0,1.0,1.0
9.65,71.15085401057229,0.0010126959532499313,-0.00013142322131898254,0.000258354761172086,0.0010126959532499313,0.000258354761172086,0.0010126959532499313,70.1369400024414,0.020189298316836357,14.918994903564453,-0.00013142322131898254,-0.00021877240214962512,1.4995518922805786,-0.0002629484224598855,-0.003773568430915475,0.0021929291542619467,-0.0007714907405897975,-0.003773568430915475,-3.9814156480133533e-05,0.0,0.5794074535369873,1.0,1.0,1.0,1.0
9.700000000000001,71.89848696130672,0.001035616616718471,-0.00014096726954448968,0.00025153649039566517,0.001035616616718471,0.00025153649039566517,0.001035616616718471,70.88477325439453,0.020218785852193832,14.992328643798828,-0.00014096726954448968,-0.00021201247000135481,1.4321727752685547,-0.0003046497004106641,-0.0036643852945417166,0.002166807185858488,-0.008291070349514484,-0.0036643852945417166,-3.0323168175527826e-05,0.0,0.5572883486747742,1.0,1.0,1.0,1.0
9.75,72.64968486268555,0.0010583729017525911,-0.00014470286259893328,0.0002443901321385056,0.0010583729017525911,0.0002443901321385056,0.0010583729017525911,71.63619232177734,0.020248381420969963,15.06229305267334,-0.00014470286259893328,-0.0002048516907962039,1.3648236989974976,-0.0002944521838799119,-0.0035735098645091057,0.0018587788799777627,0.017934856936335564,-0.0035735098645091057,-2.0404908354976214e-05,0.0,0.5355225801467896,1.0,1.0,1.0,1.0
9.8,73.4042838087491,0.001080957124941051,-0.00015020430146250874,0.0002370176080148667,0.001080957124941051,0.0002370176080148667,0.001080957124941051,72.3910140991211,0.020277991890907288,15.128908157348633,-0.00015020430146250874,-0.0001978290529223159,1.2985272407531738,-0.0003493795229587704,-0.0034678131341934204,0.0022064142394810915,0.0013419109163805842,-0.0034678131341934204,-1.0159160410694312e-05,0.0,0.5142451524734497,1.0,1.0,1.0,1.0
9.85,74.16212166374541,0.0011030767345800996,-0.0001536097697680816,0.00022941238421481103,0.0011030767345800996,0.00022941238421481103,0.0011030767345800996,73.14909362792969,0.020307408645749092,15.192218780517578,-0.0001536097697680816,-0.00019069078553002328,1.232730507850647,-0.00035620559356175363,-0.003360655391588807,0.0020925761200487614,0.007422066293656826,-0.003360655391588807,2.2288587331331655e-07,0.0,0.4935428500175476,1.0,1.0,1.0,1.0
9.9,74.92303776563858,0.0011247305665165186,-0.0001567950239405036,0.00022164784604683518,0.0011247305665165186,0.00022164784604683518,0.0011247305665165186,73.91024780273438,0.020336531102657318,15.252280235290527,-0.0001567950239405036,-0.00018354365602135658,1.1685863733291626,-0.00039648162783123553,-0.0032494228798896074,0.0022182792890816927,-0.000638786586932838,-0.0032494228798896074,1.0641920198395383e-05,0.0,0.47350093722343445,1.0,1.0,1.0,1.0
9.950000000000001,75.68687465597121,0.0011458313092589378,-0.0001585684804012999,0.0002137570409104228,0.0011458313092589378,0.0002137570409104228,0.0011458313092589378,74.67432403564453,0.02036525309085846,15.309165000915527,-0.0001585684804012999,-0.0001763692416716367,1.105858564376831,-0.0004160125972703099,-0.0031395689584314823,0.002146477811038494,-0.010886910371482372,-0.0031395689584314823,2.0999927073717117e-05,0.0,0.4541727900505066,1.0,1.0,1.0,1.0
10.0,76.45347810711837,0.0011663887416943908,-0.00015881175932008773,0.000205828167963773,0.0011663887416943908,0.000205828167963773,0.0011663887416943908,75.44116973876953,0.0203934945166111,15.362957954406738,-0.00015881175932008773,-0.00016924987721722573,1.0448166131973267,-0.00043703612755052745,-0.0030353472102433443,0.002174000721424818,0.0022651702165603638,-0.0030353472102433443,3.121564077446237e-05,0.0,0.435600608587265,1.0,1.0,1.0,1.0
10.05,77.2226975504156,0.0011863133404403925,-0.00015879068814683706,0.00019788279314525425,0.0011863133404403925,0.00019788279314525425,0.0011863133404403925,76.21062469482422,0.020421162247657776,15.413744926452637,-0.00015879068814683706,-0.00016222323756664991,0.985898494720459,-0.0004496100009419024,-0.0029284318443387747,0.002093792427331209,-0.0016335260588675737,-0.0029284318443387747,4.1207484173355624e-05,0.0,0.41782358288764954,1.0,1.0,1.0,1.0
10.1,77.99438712173131,0.0012056356063112617,-0.0001562320248922333,0.00018998033192474395,0.0012056356063112617,0.00018998033192474395,0.0012056356063112617,76.9825439453125,0.020448189228773117,15.46163272857666,-0.0001562320248922333,-0.00015523126057814807,0.9286451935768127,-0.00037003945908509195,-0.0028301780112087727,0.001613022992387414,-0.022366534918546677,-0.0028301780112087727,5.091460843686946e-05,0.0,0.4008480906486511,1.0,1.0,1.0,1.0
10.15,78.76840488548963,0.001224595820531249,-0.00015350097964983433,0.00018225610256195068,0.001224595820531249,0.00018225610256195068,0.001224595820531249,77.75678253173828,0.020474594086408615,15.506706237792969,-0.00015350097964983433,-0.00014854037726763636,0.8737114071846008,-0.0004892279976047575,-0.0027412683703005314,0.002003801055252552,0.001861247350461781,-0.0027412683703005314,6.0341862990753725e-05,0.0,0.3847087025642395,1.0,1.0,1.0,1.0
10.200000000000001,79.54461431386795,0.0012428106274455786,-0.00015195482410490513,0.00017461730749346316,0.0012428106274455786,0.00017461730749346316,0.0012428106274455786,78.53321075439453,0.020500177517533302,15.54909610748291,-0.00015195482410490513,-0.00014211778761819005,0.821048378944397,-0.0005028753657825291,-0.002640595193952322,0.002010311698541045,0.0006506007048301399,-0.002640595193952322,6.933265103725716e-05,0.0,0.36938080191612244,1.0,1.0,1.0,1.0
10.25,80.32288438484963,0.0012602743227034807,-0.000150304360431619,0.00016705894086044282,0.0012602743227034807,0.00016705894086044282,0.0012602743227034807,79.31169128417969,0.020524857565760612,15.588900566101074,-0.000150304360431619,-0.00013583034160546958,0.7706194519996643,-0.0005080641712993383,-0.0025400191079825163,0.0019858067389577627,-0.0017825295217335224,-0.0025400191079825163,7.782944885548204e-05,0.0,0.35487180948257446,1.0,1.0,1.0,1.0
10.3,81.10308950756493,0.0012770099565386772,-0.00014768674736842513,0.00015960265591274947,0.0012770099565386772,0.00015960265591274947,0.0012770099565386772,80.09210205078125,0.020548589527606964,15.62624740600586,-0.00014768674736842513,-0.0001296904229093343,0.7226446270942688,-0.0005096869426779449,-0.0024450435303151608,0.0018380606779828668,0.0035363556817173958,-0.0024450435303151608,8.580274152336642e-05,0.0,0.3411550521850586,1.0,1.0,1.0,1.0
10.35,81.88510989314919,0.001293039764277637,-0.000144261444802396,0.00015229771088343114,0.001293039764277637,0.00015229771088343114,0.001293039764277637,80.87431335449219,0.02057134546339512,15.661238670349121,-0.000144261444802396,-0.0001237090036738664,0.676598072052002,-0.0004997531650587916,-0.002355287317186594,0.001722786808386445,-0.002683779923245311,-0.002355287317186594,9.322804544353858e-05,0.0,0.3282220959663391,1.0,1.0,1.0,1.0
10.4,82.66883072557061,0.001308369799517095,-0.00014010620361659676,0.00014518476382363588,0.001308369799517095,0.00014518476382363588,0.001308369799517095,81.65821838378906,0.02059311233460903,15.693994522094727,-0.00014010620361659676,-0.00011793138401117176,0.6332206726074219,-0.0004987357533536851,-0.0022718729451298714,0.0016253709327429533,-0.0015059270663186908,-0.0022718729451298714,0.00010010194819187745,0.0,0.3160494863986969,1.0,1.0,1.0,1.0
10.450000000000001,83.45414376067234,0.0013229509349912405,-0.00013565194967668504,0.0001382872578687966,0.0013229509349912405,0.0001382872578687966,0.0013229509349912405,82.44371032714844,0.02061386965215206,15.724640846252441,-0.00013565194967668504,-0.00011238989827688783,0.5920171141624451,-0.0005003175465390086,-0.0021925559267401695,0.0015418457332998514,-0.001985485665500164,-0.0021925559267401695,0.00010641271364875138,0.0,0.30459529161453247,1.0,1.0,1.0,1.0
10.5,84.24094585837474,0.0013367118081077933,-0.00013075674360152334,0.0001316216221312061,0.0013367118081077933,0.0001316216221312061,0.0013367118081077933,83.23068237304688,0.02063358947634697,15.753267288208008,-0.00013075674360152334,-0.00010710989590734243,0.5527009963989258,-0.0004993798211216927,-0.002118035452440381,0.0014270207611843944,-0.0007372977561317384,-0.002118035452440381,0.0001121450331993401,0.0,0.29385316371917725,1.0,1.0,1.0,1.0
10.55,85.02913860607379,0.001349607016891241,-0.00012592659913934767,0.00012520430027507246,0.001349607016891241,0.00012520430027507246,0.001349607016891241,84.01903533935547,0.020652247592806816,15.779989242553711,-0.00012592659913934767,-0.00010210095206275582,0.5158450603485107,-0.0005019488744437695,-0.0020467741414904594,0.001409475808031857,-0.0018643226940184832,-0.0020467741414904594,0.00011728516255971044,0.0,0.2837907373905182,1.0,1.0,1.0,1.0
10.6,85.81862985130874,0.0013615930220112205,-0.00012111746036680415,0.00011902553524123505,0.0013615930220112205,0.00011902553524123505,0.0013615930220112205,84.80867767333984,0.02066982164978981,15.804924964904785,-0.00012111746036680415,-9.734406921779737e-05,0.48126843571662903,-0.0005006914725527167,-0.0019786530174314976,0.0013210067991167307,-0.0015363142592832446,-0.0019786530174314976,0.00012183104263385758,0.0,0.274361252784729,1.0,1.0,1.0,1.0
10.65,86.60933274336233,0.0013726523611694574,-0.00011646424536593258,0.00011308486864436418,0.0013726523611694574,0.00011308486864436418,0.0013726523611694574,85.59951782226562,0.020686298608779907,15.828166961669922,-0.00011646424536593258,-9.283400140702724e-05,0.44811075925827026,-0.00049682951066643,-0.0019138827919960022,0.001269678701646626,-0.0013339529978111386,-0.0019138827919960022,0.0001257875992450863,0.0,0.26554322242736816,1.0,1.0,1.0,1.0
10.700000000000001,87.40116423475601,0.0013827757211402059,-0.00011161196744069457,0.00010737415141193196,0.0013827757211402059,0.00010737415141193196,0.0013827757211402059,86.39148712158203,0.02070166915655136,15.849804878234863,-0.00011161196744069457,-8.853057806845754e-05,0.41714712977409363,-0.00045072927605360746,-0.001853037509135902,0.0010743890888988972,-0.012285284698009491,-0.001853037509135902,0.00012916987179778516,0.0,0.2573184669017792,1.0,1.0,1.0,1.0
10.75,88.19404664605642,0.001392148551531136,-0.00010569732694420964,0.00010194890637649223,0.001392148551531136,0.00010194890637649223,0.001392148551531136,87.18449401855469,0.020716004073619843,15.869945526123047,-0.00010569732694420964,-8.443029946647584e-05,0.388219952583313,-0.00048386448179371655,-0.0018052663654088974,0.0010191790061071515,0.0034130129497498274,-0.0018052663654088974,0.00013204992865212262,0.0,0.24964244663715363,1.0,1.0,1.0,1.0
10.8,88.98790749268063,0.0014006083365529776,-0.00010156934877159074,9.676798072177917e-05,0.0014006083365529776,9.676798072177917e-05,0.0014006083365529776,87.97847747802734,0.020729253068566322,15.888686180114746,-0.00010156934877159074,-8.067709859460592e-05,0.3611862063407898,-0.0004858873435296118,-0.0017521876143291593,0.0010683179134503007,-0.0022496175952255726,-0.0017521876143291593,0.00013441014743875712,0.0,0.24247749149799347,1.0,1.0,1.0,1.0
10.85,89.7826788468571,0.0014080709079280496,-9.783312998479232e-05,9.178412437904626e-05,0.0014080709079280496,9.178412437904626e-05,0.0014080709079280496,88.77336120605469,0.020741384476423264,15.906111717224121,-9.783312998479232e-05,-7.71258637541905e-05,0.33543384075164795,-0.00048620335292071104,-0.0017000873340293765,0.0010429593967273831,-0.001011621905490756,-0.0017000873340293765,0.00013624604616779834,0.0,0.23579645156860352,1.0,1.0,1.0,1.0
10.9,90.57829590630953,0.0014145256718620658,-9.444983879802749e-05,8.697534940438345e-05,0.0014145256718620658,8.697534940438345e-05,0.0014145256718620658,89.56908416748047,0.02075238712131977,15.922285079956055,-9.444983879802749e-05,-7.3759671067819e-05,0.31131353974342346,-0.00048710248665884137,-0.0016494690207764506,0.0009797890670597553,-0.0012320413952693343,-0.0016494690207764506,0.00013757293345406651,0.0,0.22959096729755402,1.0,1.0,1.0,1.0
10.950000000000001,91.37469792965298,0.0014199696015566587,-9.104635682888329e-05,8.233607513830066e-05,0.0014199696015566587,8.233607513830066e-05,0.0014199696015566587,90.36558532714844,0.0207622479647398,15.937294006347656,-9.104635682888329e-05,-7.05803104210645e-05,0.28887760639190674,-0.000491636514198035,-0.001601886237040162,0.0009270468144677579,-0.0009370468324050307,-0.001601886237040162,0.00013839820167049766,0.0,0.22382323443889618,1.0,1.0,1.0,1.0
11.0,92.17182861372399,0.0014243937330320477,-8.758319017942995e-05,7.786829519318417e-05,0.0014243937330320477,7.786829519318417e-05,0.0014243937330320477,91.16281127929688,0.020770948380231857,15.95121955871582,-8.758319017942995e-05,-6.759200914530084e-05,0.26800093054771423,-0.0004950501606799662,-0.0015567034715786576,0.0008812694577500224,-0.0009197253384627402,-0.0015567034715786576,0.00013872096315026283,0.0,0.21846014261245728,1.0,1.0,1.0,1.0
11.05,92.96963558025276,0.0014277916634455323,-8.404870459344238e-05,7.357548020081595e-05,0.0014277916634455323,7.357548020081595e-05,0.0014277916634455323,91.96070861816406,0.0207784716039896,15.96413803100586,-8.404870459344238e-05,-6.479232251876965e-05,0.2485746443271637,-0.0004966665874235332,-0.0015138249145820737,0.0008346293470822275,-0.0009406426688656211,-0.0015138249145820737,0.00013854225107934326,0.0,0.21347220242023468,1.0,1.0,1.0,1.0
11.1,93.76807002690424,0.0014301626943051815,-8.048197196330875e-05,6.946041685296223e-05,0.0014301626943051815,6.946041685296223e-05,0.0014301626943051815,92.75922393798828,0.020784808322787285,15.976118087768555,-8.048197196330875e-05,-6.217792542884126e-05,0.23046796023845673,-0.0004965488915331662,-0.0014732683775946498,0.0007886706735007465,-0.0009234749595634639,-0.0014732683775946498,0.00013786833733320236,0.0,0.2088330239057541,1.0,1.0,1.0,1.0
11.15,94.56708639370987,0.0014315089210867882,-7.695642852922902e-05,6.55232579447329e-05,0.0014315089210867882,6.55232579447329e-05,0.0014315089210867882,93.55831146240234,0.02078995294868946,15.987221717834473,-7.695642852922902e-05,-5.974265150143765e-05,0.21339498460292816,-0.0004939103964716196,-0.0014349595876410604,0.0007493317243643105,-0.00041937310015782714,-0.0014349595876410604,0.0001367111544823274,0.0,0.20451974868774414,1.0,1.0,1.0,1.0
11.200000000000001,95.36664149402186,0.001431831973604858,-7.362705218838528e-05,6.17576515651308e-05,0.001431831973604858,6.17576515651308e-05,0.001431831973604858,94.35794067382812,0.02079390548169613,15.997490882873535,-7.362705218838528e-05,-5.7468671002425253e-05,0.19726024568080902,-0.00048818407231010497,-0.001398358610458672,0.0007106724660843611,-0.0009677589987404644,-0.001398358610458672,0.00013509114796761423,0.0,0.20052699744701385,1.0,1.0,1.0,1.0
11.25,96.1666945534666,0.0014311400009319186,-7.04239500919357e-05,5.8155252190772444e-05,0.0014311400009319186,5.8155252190772444e-05,0.0014311400009319186,95.1580581665039,0.020796675235033035,16.006982803344727,-7.04239500919357e-05,-5.534484444069676e-05,0.1823316216468811,-0.00048325207899324596,-0.0013640455435961485,0.0006635344470851123,-0.000892074138391763,-0.0013640455435961485,0.00013303702871780843,0.0,0.1968325525522232,1.0,1.0,1.0,1.0
11.3,96.96720798826901,0.0014294373104348779,-6.733718328177929e-05,5.4710169933969155e-05,0.0014294373104348779,5.4710169933969155e-05,0.0014294373104348779,95.95863342285156,0.020798271521925926,16.015756607055664,-6.733718328177929e-05,-5.336563117452897e-05,0.16850002110004425,-0.00047773178084753454,-0.0013319684658199549,0.0006209086277522147,-0.0008293488062918186,-0.0013319684658199549,0.00013057718751952052,0.0,0.19341139495372772,1.0,1.0,1.0,1.0
11.35,97.76814703631248,0.0014267242513597012,-6.437156844185665e-05,5.141649307915941e-05,0.0014267242513597012,5.141649307915941e-05,0.0014267242513597012,96.75963592529297,0.0207987017929554,16.023862838745117,-6.437156844185665e-05,-5.152200537850149e-05,0.15568338334560394,-0.0004713456437457353,-0.0013019739417359233,0.0005798053462058306,-0.0008149966015480459,-0.0013019739417359233,0.0001277413102798164,0.0,0.19024214148521423,1.0,1.0,1.0,1.0
11.4,98.56947947590595,0.0014230023371055722,-6.153907452244312e-05,4.826789881917648e-05,0.0014230023371055722,4.826789881917648e-05,0.0014230023371055722,97.56101989746094,0.020797980949282646,16.031352996826172,-6.153907452244312e-05,-4.9805392336566e-05,0.1438056081533432,-0.000464658165583387,-0.00127401202917099,0.0005397141212597489,-0.0007860499899834394,-0.00127401202917099,0.00012456155673135072,0.0,0.1873054802417755,1.0,1.0,1.0,1.0
11.450000000000001,99.37117541417483,0.0014182748273015022,-5.883340782020241e-05,4.525761687546037e-05,0.0014182748273015022,4.525761687546037e-05,0.0014182748273015022,98.36276245117188,0.020796120166778564,16.03826904296875,-5.883340782020241e-05,-4.820811955141835e-05,0.13279232382774353,-0.0004578048537950963,-0.00124809006229043,0.0004971565213054419,-0.0007736037950962782,-0.00124809006229043,0.00012107143993489444,0.0,0.18458381295204163,1.0,1.0,1.0,1.0
11.5,100.17320710491485,0.0014125474262982607,-5.6285553000634536e-05,4.237914617988281e-05,0.0014125474262982607,4.237914617988281e-05,0.0014125474262982607,99.16484832763672,0.020793136209249496,16.04465675354004,-5.6285553000634536e-05,-4.6724693675059825e-05,0.122587651014328,-0.00045186790521256626,-0.0012240834766998887,0.0004636937810573727,-0.0006764345453120768,-0.0012240834766998887,0.00011730479309335351,0.0,0.18206104636192322,1.0,1.0,1.0,1.0
11.55,100.9755488059214,0.001405821880325675,-5.3948057029629126e-05,3.962294431403279e-05,0.001405821880325675,3.962294431403279e-05,0.001405821880325675,99.96723175048828,0.020789040252566338,16.05055046081543,-5.3948057029629126e-05,-4.5347165723796934e-05,0.11312299221754074,-0.0004462696088012308,-0.00120162486564368,0.0004331572854425758,-0.0007301259902305901,-0.00120162486564368,0.00011329486005706713,0.0,0.17972227931022644,1.0,1.0,1.0,1.0
11.6,101.7781766279679,0.0013981007505208254,-5.176840932108462e-05,3.6979588912799954e-05,0.0013981007505208254,3.6979588912799954e-05,0.0013981007505208254,100.7698974609375,0.020783843472599983,16.05599021911621,-5.176840932108462e-05,-4.406697189551778e-05,0.10435072332620621,-0.00044128039735369384,-0.0011808451963588595,0.00039960030699148774,-0.0006244828109629452,-0.0011808451963588595,0.00010907415708061308,0.0,0.17755383253097534,1.0,1.0,1.0,1.0
11.65,102.5810684126589,0.001389387296512723,-4.974682815372944e-05,3.4441360185155645e-05,0.001389387296512723,3.4441360185155645e-05,0.001389387296512723,101.57283020019531,0.020777558907866478,16.061004638671875,-4.974682815372944e-05,-4.287891715648584e-05,0.09621599316596985,-0.00043699800153262913,-0.0011616349220275879,0.00036981518496759236,-0.0005744908121414483,-0.0011616349220275879,0.00010467341780895367,0.0,0.1755431443452835,1.0,1.0,1.0,1.0
11.700000000000001,103.3842036014267,0.0013796827988699079,-4.788177102454938e-05,3.2000352803152055e-05,0.0013796827988699079,3.2000352803152055e-05,0.0013796827988699079,102.3759994506836,0.02077019400894642,16.065628051757812,-4.788177102454938e-05,-4.177687515038997e-05,0.08867240697145462,-0.00043329934123903513,-0.0011438623769208789,0.0003419073182158172,-0.000542923400644213,-0.0011438623769208789,0.00010012165876105428,0.0,0.1736786812543869,1.0,1.0,1.0,1.0
11.75,104.18756312239805,0.0013689877232536674,-4.616956357494928e-05,2.9648861527675763e-05,0.0013689877232536674,2.9648861527675763e-05,0.0013689877232536674,103.17938995361328,0.020761756226420403,16.069889068603516,-4.616956357494928e-05,-4.0754868678050116e-05,0.08164270967245102,-0.0004300631699152291,-0.00112744455691427,0.00031582749215885997,-0.00042936840327456594,-0.00112744455691427,9.544649219606072e-05,0.0,0.17194989323616028,1.0,1.0,1.0,1.0
11.8,104.99112906855645,0.0013573004398494959,-4.466381869860925e-05,2.7378144295653328e-05,0.0013573004398494959,2.7378144295653328e-05,0.0013573004398494959,103.98298645019531,0.020752253010869026,16.07380485534668,-4.466381869860925e-05,-3.980390101787634e-05,0.07490937411785126,-0.0004263588634785265,-0.0011120784329250455,0.0002972891670651734,-0.0004933165619149804,-0.0011120784329250455,9.067489736480638e-05,0.0,0.17035306990146637,1.0,1.0,1.0,1.0
11.85,105.79488439290736,0.0013446201337501407,-4.3323230784153566e-05,2.5178367650369182e-05,0.0013446201337501407,2.5178367650369182e-05,0.0013446201337501407,104.7867660522461,0.020741691812872887,16.077396392822266,-4.3323230784153566e-05,-3.891533560818061e-05,0.06871246546506882,-0.00042425686842761934,-0.001097861910238862,0.0002720241609495133,-0.0004854271246585995,-0.001097861910238862,8.583477028878406e-05,0.0,0.16888247430324554,1.0,1.0,1.0,1.0
11.9,106.59881343259693,0.0013309449423104525,-4.210713814245537e-05,2.3042472093948163e-05,0.0013309449423104525,2.3042472093948163e-05,0.0013309449423104525,105.5907211303711,0.02073007822036743,16.0806884765625,-4.210713814245537e-05,-3.808716792264022e-05,0.06299719959497452,-0.00042342167580500245,-0.0010848509846255183,0.00024932780070230365,-0.00043018884025514126,-0.0010848509846255183,8.09510238468647e-05,0.0,0.16752682626247406,1.0,1.0,1.0,1.0
11.950000000000001,107.4029018037031,0.0013162688119336963,-4.0996179450303316e-05,2.096474236168433e-05,0.0013162688119336963,2.096474236168433e-05,0.0013162688119336963,106.39483642578125,0.020717410370707512,16.083707809448242,-4.0996179450303316e-05,-3.7316392990760505e-05,0.057726457715034485,-0.0004232623032294214,-0.0010729215573519468,0.0002284383517690003,-0.00040860651643015444,-0.0010729215573519468,7.604538404848427e-05,0.0,0.16627684235572815,1.0,1.0,1.0,1.0
12.0,108.20713625204017,0.001300584408454597,-3.997941894340329e-05,1.8940225345431827e-05,0.001300584408454597,1.8940225345431827e-05,0.001300584408454597,107.19908905029297,0.020703690126538277,16.08647346496582,-3.997941894340329e-05,-3.659993308247067e-05,0.05286618322134018,-0.00042376405326649547,-0.0010620129760354757,0.00020846567349508405,-0.00038966379361227155,-0.0010620129760354757,7.113761239452288e-05,0.0,0.16512416303157806,1.0,1.0,1.0,1.0
12.05,109.01150454928607,0.001283884048461914,-3.905341509380378e-05,1.696431718301028e-05,0.001283884048461914,1.696431718301028e-05,0.001283884048461914,108.00347900390625,0.020688915625214577,16.089006423950195,-3.905341509380378e-05,-3.593523069866933e-05,0.04838472232222557,-0.0004249954072292894,-0.001052076113410294,0.0001895919704111293,-0.00036513485247269273,-0.001052076113410294,6.624586239922792e-05,0.0,0.16406121850013733,1.0,1.0,1.0,1.0
12.1,109.81599540873606,0.001266159350052476,-3.821748759946786e-05,1.5032501323730685e-05,0.001266159350052476,1.5032501323730685e-05,0.001266159350052476,108.80799102783203,0.020673083141446114,16.09132194519043,-3.821748759946786e-05,-3.531997208483517e-05,0.04425282031297684,-0.0004269557830411941,-0.0010430504335090518,0.00017200490401592106,-0.0003388898039702326,-0.0010430504335090518,6.138657772680745e-05,0.0,0.16308104991912842,1.0,1.0,1.0,1.0
12.15,110.62059841233321,0.0012474011164158583,-3.747080700122751e-05,1.3140289411239792e-05,0.0012474011164158583,1.3140289411239792e-05,0.0012474011164158583,109.61260986328125,0.02065618522465229,16.093441009521484,-3.747080700122751e-05,-3.475178891676478e-05,0.0404435358941555,-0.0004295848193578422,-0.0010348710929974914,0.00015570246614515781,-0.000314120581606403,-0.0010348710929974914,5.657445581164211e-05,0.0,0.16217727959156036,1.0,1.0,1.0,1.0
12.200000000000001,111.42530394522024,0.0012275989865884185,-3.681184898596257e-05,1.1283254934824072e-05,0.0012275989865884185,1.1283254934824072e-05,0.0012275989865884185,110.4173355102539,0.02063821814954281,16.095375061035156,-3.681184898596257e-05,-3.4228167351102456e-05,0.0369320809841156,-0.0004327941278461367,-0.0010274762753397226,0.00014057688531465828,-0.00029172629001550376,-0.0010274762753397226,5.182258610147983e-05,0.0,0.1613440364599228,1.0,1.0,1.0,1.0
12.25,112.23010313599657,0.0012067417846992612,-3.62387509085238e-05,9.457056876271963e-06,0.0012067417846992612,9.457056876271963e-06,0.0012067417846992612,111.2221450805664,0.020619170740246773,16.09714126586914,-3.62387509085238e-05,-3.3746411645552143e-05,0.033695656806230545,-0.00043649470899254084,-0.0010208102175965905,0.00012651339056901634,-0.000271588156465441,-0.0010208102175965905,4.714259193860926e-05,0.0,0.16057594120502472,1.0,1.0,1.0,1.0
12.3,113.03498780173138,0.0011848165886476636,-3.5749439120991156e-05,7.657451533304993e-06,0.0011848165886476636,7.657451533304993e-06,0.0011848165886476636,112.02704620361328,0.020599035546183586,16.098752975463867,-3.5749439120991156e-05,-3.330368417664431e-05,0.030713297426700592,-0.00044061613152734935,-0.0010148226283490658,0.0001134023696067743,-0.000253522302955389,-0.0010148226283490658,4.254482337273657e-05,0.0,0.1598680317401886,1.0,1.0,1.0,1.0
12.35,113.83995039716275,0.0011618095450103283,-3.534161805873737e-05,5.880305707250955e-06,0.0011618095450103283,5.880305707250955e-06,0.0011618095450103283,112.83202362060547,0.020577801391482353,16.1002197265625,-3.534161805873737e-05,-3.289707092335448e-05,0.027965698391199112,-0.0004451159620657563,-0.0010094683384522796,0.00010115199984284118,-0.00023704172053840011,-0.0010094683384522796,3.803853178396821e-05,0.0,0.1592157781124115,1.0,1.0,1.0,1.0
12.4,114.6449839676723,0.0011377057526260614,-3.501263199723326e-05,4.121607162232976e-06,0.0011377057526260614,4.121607162232976e-06,0.0011377057526260614,113.63706970214844,0.02055545523762703,16.10155487060547,-3.501263199723326e-05,-3.252369424444623e-05,0.025435080751776695,-0.00044997810618951917,-0.0010047060204669833,8.969607733888552e-05,-0.00022165039263200015,-0.0010047060204669833,3.363196810823865e-05,0.0,0.15861494839191437,1.0,1.0,1.0,1.0
12.450000000000001,115.45008210570587,0.001112489029765129,-3.475934499874711e-05,2.3774894089001464e-06,0.001112489029765129,2.3774894089001464e-06,0.001112489029765129,114.44217681884766,0.02053198590874672,16.10276985168457,-3.475934499874711e-05,-3.2180796551983804e-05,0.023105056956410408,-0.0004552049213089049,-0.001000497373752296,7.898953481344506e-05,-0.00020700455934274942,-0.001000497373752296,2.9332430131034926e-05,0.0,0.158061683177948,1.0,1.0,1.0,1.0
12.5,116.25523891035199,0.0010861424962058663,-3.457807906670496e-05,6.442547828555689e-07,0.0010861424962058663,6.442547828555689e-07,0.0010861424962058663,115.24734497070312,0.02050738036632538,16.103872299194336,-3.457807906670496e-05,-3.186580943292938e-05,0.02096051536500454,-0.00046080767060630023,-0.0009968054946511984,6.900094012962654e-05,-0.00019290416094008833,-0.0009968054946511984,2.5146759071503766e-05,0.0,0.15755239129066467,1.0,1.0,1.0,1.0
12.55,117.06044894982607,0.0010586482239887118,-3.446466143941507e-05,-1.0815971336342045e-06,0.0010586482239887118,-1.0815971336342045e-06,0.0010586482239887118,116.05256652832031,0.020481623709201813,16.104869842529297,-3.446466143941507e-05,-3.1576397304888815e-05,0.018987512215971947,-0.0004667976754717529,-0.0009935953421518207,5.970443817204796e-05,-0.0001793110859580338,-0.0009935953421518207,2.108157059410587e-05,0.0,0.15708377957344055,1.0,1.0,1.0,1.0
12.6,117.86570722663858,0.001029987819492817,-3.441455555730499e-05,-2.8033487069478724e-06,0.001029987819492817,-2.8033487069478724e-06,0.001029987819492817,116.85783386230469,0.02045470103621483,16.10577392578125,-3.441455555730499e-05,-3.131046469206922e-05,0.017173169180750847,-0.0004731802619062364,-0.0009908329229801893,5.107433025841601e-05,-0.00016624708950985223,-0.0009908329229801893,1.7142538126790896e-05,0.0,0.1566528081893921,1.0,1.0,1.0,1.0
12.65,118.67100914525123,0.0010001420741900802,-3.442304296186194e-05,-4.524050382315181e-06,0.0010001420741900802,-4.524050382315181e-06,0.0010001420741900802,117.66313934326172,0.020426595583558083,16.106592178344727,-3.442304296186194e-05,-3.1066152587300166e-05,0.015505583956837654,-0.00047995150089263916,-0.0009884856408461928,4.3082458432763815e-05,-0.00015378517855424434,-0.0009884856408461928,1.3334305549506098e-05,0.0,0.15625663101673126,1.0,1.0,1.0,1.0
12.700000000000001,119.47635048204803,0.0009690911392681301,-3.448541247053072e-05,-6.246515567909228e-06,0.0009690911392681301,-6.246515567909228e-06,0.0009690911392681301,118.46849060058594,0.02039729245007038,16.107328414916992,-3.448541247053072e-05,-3.0841816624160856e-05,0.01397375576198101,-0.0004870975681114942,-0.0009865222964435816,3.569629916455597e-05,-0.00014201525482349098,-0.0009865222964435816,9.660499927122146e-06,0.0,0.15589267015457153,1.0,1.0,1.0,1.0
12.75,120.28172735746473,0.000936814583837986,-3.459714207565412e-05,-7.973327228683047e-06,0.000936814583837986,-7.973327228683047e-06,0.000936814583837986,119.27387237548828,0.020366771146655083,16.10799217224121,-3.459714207565412e-05,-3.063598705921322e-05,0.012567505240440369,-0.0004945963737554848,-0.0009849135531112552,2.8878808734589256e-05,-0.00013109558494761586,-0.0009849135531112552,6.123766070231795e-06,0.0,0.1555584967136383,1.0,1.0,1.0,1.0
12.8,121.08713621013383,0.0009032914531417191,-3.475402627373114e-05,-9.706847777124494e-06,0.0009032914531417191,-9.706847777124494e-06,0.0009032914531417191,120.07928466796875,0.020335013046860695,16.10858917236328,-3.475402627373114e-05,-3.0447337849182077e-05,0.01127740927040577,-0.0005024209967814386,-0.000983632286079228,2.2578895368496887e-05,-0.00012122007319703698,-0.000983632286079228,2.725818148974213e-06,0.0,0.1552518606185913,1.0,1.0,1.0,1.0
12.85,121.89257377291067,0.0008685000939294696,-3.4952314308611676e-05,-1.144924226537114e-05,0.0008685000939294696,-1.144924226537114e-05,0.0008685000939294696,120.88473510742188,0.020301999524235725,16.10912322998047,-3.4952314308611676e-05,-3.0274659366114065e-05,0.01009474229067564,-0.0005105430027469993,-0.0009826538152992725,1.6756835975684226e-05,-0.00011194031685590744,-0.0009826538152992725,-5.324887411006785e-07,0.0,0.15497072041034698,1.0,1.0,1.0,1.0
12.9,122.69803705065532,0.0008324185037054121,-3.518870653351769e-05,-1.3202497029851656e-05,0.0008324185037054121,-1.3202497029851656e-05,0.0008324185037054121,121.69020080566406,0.020267711952328682,16.109601974487305,-3.518870653351769e-05,-3.0116831112536602e-05,0.00901141669601202,-0.0005189326475374401,-0.0009819547412917018,1.1383720448066015e-05,-0.00010326388292014599,-0.0009819547412917018,-3.6510839436232345e-06,0.0,0.15471313893795013,1.0,1.0,1.0,1.0
12.950000000000001,123.50352329964888,0.0007950240978971124,-3.546024890965782e-05,-1.4968444702390116e-05,0.0007950240978971124,-1.4968444702390116e-05,0.0007950240978971124,122.49568939208984,0.020232124254107475,16.110027313232422,-3.546024890965782e-05,-2.9972796255606227e-05,0.008019939996302128,-0.0005275612929835916,-0.0009815136436372995,6.428175311157247e-06,-9.521890751784667e-05,-0.0009815136436372995,-6.630605184909655e-06,0.0,0.1544773429632187,1.0,1.0,1.0,1.0
13.0,124.30903000852881,0.0007562938844785094,-3.576426024665125e-05,-1.6748776033637114e-05,0.0007562938844785094,-1.6748776033637114e-05,0.0007562938844785094,123.30120086669922,0.020195219665765762,16.11040687561035,-3.576426024665125e-05,-2.9841556170140393e-05,0.00711336312815547,-0.0005364029784686863,-0.0009813102660700679,1.8600528619572287e-06,-8.774811431067064e-05,-0.0009813102660700679,-9.472325473325327e-06,0.0,0.15426169335842133,1.0,1.0,1.0,1.0
13.05,125.11455488063338,0.0007162042893469334,-3.6098277632845566e-05,-1.8545051716500893e-05,0.0007162042893469334,-1.8545051716500893e-05,0.0007162042893469334,124.10673522949219,0.020156973972916603,16.110740661621094,-3.6098277632845566e-05,-2.972217225760687e-05,0.006285242736339569,-0.0005454346537590027,-0.0009813259821385145,-2.3482270989916287e-06,-8.080601401161402e-05,-0.0009813259821385145,-1.2178085853520315e-05,0.0,0.15406465530395508,1.0,1.0,1.0,1.0
13.1,125.92009581765052,0.0006747316219843924,-3.646000914159231e-05,-2.035871693806257e-05,0.0006747316219843924,-2.035871693806257e-05,0.0006747316219843924,124.91227722167969,0.020117364823818207,16.11103630065918,-3.646000914159231e-05,-2.9613747756229714e-05,0.005529601126909256,-0.0005546361790038645,-0.000981543562375009,-6.221829153219005e-06,-7.434203143930063e-05,-0.000981543562375009,-1.4750085028936155e-05,0.0,0.15388481318950653,1.0,1.0,1.0,1.0
13.15,126.72565090447266,0.0006318516680039465,-3.6847304727416486e-05,-2.2191105017554946e-05,0.0006318516680039465,-2.2191105017554946e-05,0.0006318516680039465,125.71783447265625,0.020076369866728783,16.111295700073242,-3.6847304727416486e-05,-2.9515447749872692e-05,0.004840895067900419,-0.0005639899172820151,-0.0009819467086344957,-9.783439054444898e-06,-6.831290374975652e-05,-0.0009819467086344957,-1.7190210201079026e-05,0.0,0.15372085571289062,1.0,1.0,1.0,1.0
13.200000000000001,127.5312183951647,0.0005875399801880121,-3.7258112570270896e-05,-2.4043440134846605e-05,0.0005875399801880121,-2.4043440134846605e-05,0.0005875399801880121,126.52340698242188,0.02003396302461624,16.111522674560547,-3.7258112570270896e-05,-2.9426490073092282e-05,0.004213979002088308,-0.0005734802689403296,-0.0009825204033404589,-1.3054099326836877e-05,-6.268951983656734e-05,-0.0009825204033404589,-1.9500508642522618e-05,0.0,0.15357156097888947,1.0,1.0,1.0,1.0
13.25,128.3367966999583,0.00054177176207304,-3.769048998947255e-05,-2.5916853701346554e-05,0.00054177176207304,-2.5916853701346554e-05,0.00054177176207304,127.32898712158203,0.01999012380838394,16.111719131469727,-3.769048998947255e-05,-2.9346143492148258e-05,0.0036440801341086626,-0.0005830929731018841,-0.0009832506766542792,-1.605297984497156e-05,-5.743091969634406e-05,-0.0009832506766542792,-2.1683403247152455e-05,0.0,0.15343579649925232,1.0,1.0,1.0,1.0
13.3,129.1423843731955,0.0004945221589878201,-3.8142574339872226e-05,-2.78123752650572e-05,0.0004945221589878201,-2.78123752650572e-05,0.0004945221589878201,128.13458251953125,0.019944828003644943,16.111888885498047,-3.8142574339872226e-05,-2.9273733161971904e-05,0.003126770257949829,-0.0005928148748353124,-0.0009841243736445904,-1.8798016753862612e-05,-5.252610571915284e-05,-0.0009841243736445904,-2.37416461459361e-05,0.0,0.15331250429153442,1.0,1.0,1.0,1.0
13.35,129.94798010214947,0.0004457660252228379,-3.8612590287812054e-05,-2.973094888147898e-05,0.0004457660252228379,-2.973094888147898e-05,0.0004457660252228379,128.94017028808594,0.019898047670722008,16.112031936645508,-3.8612590287812054e-05,-2.9208631531218998e-05,0.002657941309735179,-0.0006026334594935179,-0.0009851291542872787,-2.1306505004758947e-05,-4.796500434167683e-05,-0.0009851291542872787,-2.5678289603092708e-05,0.0,0.15320074558258057,1.0,1.0,1.0,1.0
13.4,130.75358269665915,0.00039547806954942644,-3.909887163899839e-05,-3.167342583765276e-05,0.00039547806954942644,-3.167342583765276e-05,0.00039547806954942644,129.7457733154297,0.019849762320518494,16.11215591430664,-3.909887163899839e-05,-2.9150265618227422e-05,0.002233782783150673,-0.0006125367945060134,-0.0009862538427114487,-2.3598631742061116e-05,-4.387729859445244e-05,-0.0009862538427114487,-2.7496647817315534e-05,0.0,0.15309958159923553,1.0,1.0,1.0,1.0
13.450000000000001,131.5591910795134,0.00034363282611593604,-3.9599861338501796e-05,-3.364058648003265e-05,0.00034363282611593604,-3.364058648003265e-05,0.00034363282611593604,130.5513916015625,0.01979994587600231,16.11225700378418,-3.9599861338501796e-05,-2.909810427809134e-05,0.001850759843364358,-0.0006225144024938345,-0.000987487961538136,-2.56948551395908e-05,-4.007998722954653e-05,-0.000987487961538136,-2.9200276912888512e-05,0.0,0.15300817787647247,1.0,1.0,1.0,1.0
13.5,132.3648042775308,0.00029020479996688664,-4.0114169678417966e-05,-3.5633129300549626e-05,0.00029020479996688664,-3.5633129300549626e-05,0.00029020479996688664,131.3570098876953,0.019748574122786522,16.112340927124023,-4.0114169678417966e-05,-2.9051660021650605e-05,0.001505593303591013,-0.0006325562717393041,-0.0009888221975415945,-2.7606320145423524e-05,-3.648884012363851e-05,-0.0009888221975415945,-3.0792933102929965e-05,0.0,0.1529257893562317,1.0,1.0,1.0,1.0
13.55,133.17042141328378,0.00023516833607573062,-4.0640501538291574e-05,-3.7651683669537306e-05,0.00023516833607573062,-3.7651683669537306e-05,0.00023516833607573062,132.16262817382812,0.019695619121193886,16.112409591674805,-4.0640501538291574e-05,-2.901047992054373e-05,0.0011952422792091966,-0.0006426523323170841,-0.0009902475867420435,-2.934428812295664e-05,-3.313761772005819e-05,-0.0009902475867420435,-3.2278552680509165e-05,0.0,0.1528516560792923,1.0,1.0,1.0,1.0
13.6,133.9760416974218,0.00017849770665634423,-4.1177660023095086e-05,-3.969682802562602e-05,0.00017849770665634423,-3.969682802562602e-05,0.00017849770665634423,132.96824645996094,0.019641058519482613,16.11246109008789,-4.1177660023095086e-05,-2.8974143788218498e-05,0.0009168864344246686,-0.0006527932710014284,-0.0009917556308209896,-3.092082988587208e-05,-3.002499033755157e-05,-0.0009917556308209896,-3.36612320097629e-05,0.0,0.15278513729572296,1.0,1.0,1.0,1.0
13.65,134.78166442154966,0.00012016713299090043,-4.1724517359398305e-05,-4.176906804786995e-05,0.00012016713299090043,-4.176906804786995e-05,0.00012016713299090043,133.77386474609375,0.019584866240620613,16.11250114440918,-4.1724517359398305e-05,-2.894226236094255e-05,0.0006679107900708914,-0.000662970298435539,-0.0009933386463671923,-3.234751056879759e-05,-2.713663525355514e-05,-0.0009933386463671923,-3.4945183870149776e-05,0.0,0.15272559225559235,1.0,1.0,1.0,1.0
13.700000000000001,135.58728895162244,6.015082180965692e-05,-4.228003672324121e-05,-4.3868873035535216e-05,6.015082180965692e-05,-4.3868873035535216e-05,6.015082180965692e-05,134.57949829101562,0.019527016207575798,16.112529754638672,-4.228003672324121e-05,-2.8914475478813984e-05,0.0004458910261746496,-0.0006731751491315663,-0.0009949894156306982,-3.3635278668953106e-05,-2.446211874485016e-05,-0.0009949894156306982,-3.613471199059859e-05,0.0,0.15267246961593628,1.0,1.0,1.0,1.0
13.75,136.39291472182117,-1.5770740446896525e-06,-4.284323949832469e-05,-4.5996643166290596e-05,-1.5770740446896525e-06,-4.5996643166290596e-05,-1.5770740446896525e-06,135.38511657714844,0.019467484205961227,16.112546920776367,-4.284323949832469e-05,-2.8890446628793143e-05,0.000248580239713192,-0.0006834001978859305,-0.0009967013029381633,-3.479446968412958e-05,-2.1987450963933952e-05,-0.0009967013029381633,-3.723379268194549e-05,0.0,0.1526252180337906,1.0,1.0,1.0,1.0
13.8,137.19854122887563,-6.504239718196914e-05,-4.3413234379841015e-05,-4.81527422380168e-05,-6.504239718196914e-05,-4.81527422380168e-05,-6.504239718196914e-05,136.1907501220703,0.019406242296099663,16.1125545501709,-4.3413234379841015e-05,-2.8869862944702618e-05,7.389632082777098e-05,-0.0006936384015716612,-0.0009984680218622088,-3.5834800655720755e-05,-1.970216544577852e-05,-0.0009984680218622088,-3.824604209512472e-05,0.0,0.15258334577083588,1.0,1.0,1.0,1.0
13.85,138.00416802680343,-0.00013027098611928523,-4.3989184632664546e-05,-5.033749039284885e-05,-0.00013027098611928523,-5.033749039284885e-05,-0.00013027098611928523,136.9963836669922,0.019343268126249313,16.1125545501709,-4.3989184632664546e-05,-2.8852435207227245e-05,-8.008955046534538e-05,-0.0007038832409307361,-0.0010002838680520654,-3.6765384720638394e-05,-1.7591040887054987e-05,-0.0010002838680520654,-3.9175105484900996e-05,0.0,0.15254640579223633,1.0,1.0,1.0,1.0
13.9,138.80979472203592,-0.0001972886675503105,-4.45703262812458e-05,-5.255116775515489e-05,-0.0001972886675503105,-5.255116775515489e-05,-0.0001972886675503105,137.802001953125,0.01927853189408779,16.112546920776367,-4.45703262812458e-05,-2.8837896024924703e-05,-0.00021516346896532923,-0.0007141288951970637,-0.0010021437192335725,-3.759456012630835e-05,-1.5641400750610046e-05,-0.0010021437192335725,-4.0024657209869474e-05,0.0,0.15251396596431732,1.0,1.0,1.0,1.0
13.950000000000001,139.6154209689052,-0.0002661212347447872,-4.5155953557696193e-05,-5.47940144315362e-05,-0.0002661212347447872,-5.47940144315362e-05,-0.0002661212347447872,138.60763549804688,0.019212013110518456,16.112533569335938,-4.5155953557696193e-05,-2.882599801523611e-05,-0.0003329788742121309,-0.0007243699510581791,-0.0010040425695478916,-3.833030859823339e-05,-1.3849628885509446e-05,-0.0010040425695478916,-4.079838618054055e-05,0.0,0.15248563885688782,1.0,1.0,1.0,1.0
14.0,140.42104646546605,-0.00033679441548883915,-4.574541890178807e-05,-5.7066241424763575e-05,-0.00033679441548883915,-5.7066241424763575e-05,-0.00033679441548883915,139.4132537841797,0.019143681973218918,16.11251449584961,-4.574541890178807e-05,-2.881650834751781e-05,-0.00043506574002094567,-0.0007346016354858875,-0.0010059759952127934,-3.897968417732045e-05,-1.2165512089268304e-05,-0.0010059759952127934,-4.1499970393488184e-05,0.0,0.15246105194091797,1.0,1.0,1.0,1.0
14.05,141.2266709496303,-0.00040933393756859004,-4.6338114771060646e-05,-5.936801971984096e-05,-0.00040933393756859004,-5.936801971984096e-05,-0.00040933393756859004,140.21888732910156,0.01907351426780224,16.112489700317383,-4.6338114771060646e-05,-2.880921238102019e-05,-0.0005228390800766647,-0.0007448192336596549,-0.001007939805276692,-3.9546699554193765e-05,-1.057286499417387e-05,-0.001007939805276692,-4.2133087845286354e-05,0.0,0.1524398773908615,1.0,1.0,1.0,1.0
14.1,142.0322941955915,-0.00048376541235484183,-4.693347364082001e-05,-6.169950211187825e-05,-0.00048376541235484183,-6.169950211187825e-05,-0.00048376541235484183,141.02450561523438,0.019001485779881477,16.112462997436523,-4.693347364082001e-05,-2.8803911845898256e-05,-0.0005976070533506572,-0.0007550184382125735,-0.0010099299252033234,-4.0038165025180206e-05,-9.13997064344585e-06,-0.0010099299252033234,-4.2701372876763344e-05,0.0,0.15242180228233337,1.0,1.0,1.0,1.0
14.15,142.83791601051985,-0.0005601144512183964,-4.7530960728181526e-05,-6.406080501619726e-05,-0.0005601144512183964,-6.406080501619726e-05,-0.0005601144512183964,141.8301239013672,0.018927570432424545,16.112430572509766,-4.7530960728181526e-05,-2.8800424843211658e-05,-0.0006605783710256219,-0.0007651953492313623,-0.001011942862533033,-4.046159301651642e-05,-7.843817002139986e-06,-0.001011942862533033,-4.3208438000874594e-05,0.0,0.15240654349327087,1.0,1.0,1.0,1.0
14.200000000000001,143.64353623150868,-0.000638406490907073,-4.813008490600623e-05,-6.64520266582258e-05,-0.000638406490907073,-6.64520266582258e-05,-0.000638406490907073,142.63575744628906,0.018851740285754204,16.112396240234375,-4.813008490600623e-05,-2.8798582206945866e-05,-0.0007128689903765917,-0.0007753465906716883,-0.0010139754740521312,-4.082323721377179e-05,-6.664502507192083e-06,-0.0010139754740521312,-4.365783024695702e-05,0.0,0.15239384770393372,1.0,1.0,1.0,1.0
14.25,144.44915472275454,-0.0007186669390648603,-4.873040597885847e-05,-6.88732325215824e-05,-0.0007186669390648603,-6.88732325215824e-05,-0.0007186669390648603,143.44137573242188,0.018773972988128662,16.11236000061035,-4.873040597885847e-05,-2.879822568502277e-05,-0.0007555089541710913,-0.0007854692521505058,-0.0010160246165469289,-4.1128678276436403e-05,-5.592082743532956e-06,-0.0010160246165469289,-4.4053056626580656e-05,0.0,0.15238343179225922,1.0,1.0,1.0,1.0
14.3,145.2547713729552,-0.0008009211742319167,-4.933153832098469e-05,-7.132448081392795e-05,-0.0008009211742319167,-7.132448081392795e-05,-0.0008009211742319167,144.2469940185547,0.01869424246251583,16.112321853637695,-4.933153832098469e-05,-2.8799213396268897e-05,-0.000789447920396924,-0.0007955607143230736,-0.0010180877288803458,-4.1383085772395134e-05,-4.61938407170237e-06,-0.0010180877288803458,-4.4397544115781784e-05,0.0,0.15237510204315186,1.0,1.0,1.0,1.0
14.35,146.06038609290948,-0.0008851944003254175,-4.99331254104618e-05,-7.380579336313531e-05,-0.0008851944003254175,-7.380579336313531e-05,-0.0008851944003254175,145.05259704589844,0.01861252263188362,16.112281799316406,-4.99331254104618e-05,-2.8801412554457784e-05,-0.0008155611576512456,-0.0008056187070906162,-0.0010201623663306236,-4.159121453994885e-05,-3.7379188597697066e-06,-0.0010201623663306236,-4.469455961952917e-05,0.0,0.15236864984035492,1.0,1.0,1.0,1.0
14.4,146.86599881330534,-0.0009715117048472166,-5.053485438111238e-05,-7.631719199707732e-05,-0.0009715117048472166,-7.631719199707732e-05,-0.0009715117048472166,145.85821533203125,0.018528791144490242,16.112239837646484,-5.053485438111238e-05,-2.8804703106288798e-05,-0.0008346546092070639,-0.0008156413678079844,-0.0010222463170066476,-4.17574483435601e-05,-2.940869308076799e-06,-0.0010222463170066476,-4.494700988288969e-05,0.0,0.1523638665676117,1.0,1.0,1.0,1.0
14.450000000000001,147.67160948268332,-0.0010598981752991676,-5.113645238452591e-05,-7.885867671575397e-05,-0.0010598981752991676,-7.885867671575397e-05,-0.0010598981752991676,146.66383361816406,0.018443018198013306,16.112197875976562,-5.113645238452591e-05,-2.8808968636440113e-05,-0.0008474697242490947,-0.0008256272994913161,-0.0010243377182632685,-4.188584352959879e-05,-2.22149606088351e-06,-0.0010243377182632685,-4.5157652493799105e-05,0.0,0.15236058831214905,1.0,1.0,1.0,1.0
14.5,148.477218065562,-0.0011503787245601416,-5.17376720381435e-05,-8.143023296725005e-05,-0.0011503787245601416,-8.143023296725005e-05,-0.0011503787245601416,147.4694366455078,0.01835518144071102,16.112154006958008,-5.17376720381435e-05,-2.8814105462515727e-05,-0.000854687939863652,-0.0008355752215720713,-0.0010264344746246934,-4.1980125388363376e-05,-1.5745722521387506e-06,-0.0010264344746246934,-4.532916864263825e-05,0.0,0.15235865116119385,1.0,1.0,1.0,1.0
14.55,149.28282454071515,-0.0012429781490936875,-5.233829506323673e-05,-8.403183164773509e-05,-0.0012429781490936875,-8.403183164773509e-05,-0.0012429781490936875,148.27503967285156,0.01826525665819645,16.112112045288086,-5.233829506323673e-05,-2.882002263504546e-05,-0.0008569351630285382,-0.0008454842027276754,-0.0010285351891070604,-4.2043724533868954e-05,-9.916630006046034e-07,-0.0010285351891070604,-4.5464137656381354e-05,0.0,0.15235790610313416,1.0,1.0,1.0,1.0
14.6,150.08842889955164,-0.0013377211289480329,-5.2938168664695695e-05,-8.666345092933625e-05,-0.0013377211289480329,-8.666345092933625e-05,-0.0013377211289480329,149.0806427001953,0.01817321963608265,16.112070083618164,-5.2938168664695695e-05,-2.8826627385569736e-05,-0.0008553467341698706,-0.0008553514489904046,-0.0010306384647265077,-4.207058736938052e-05,8.117315246636281e-07,-0.0010306384647265077,-4.556505518849008e-05,0.0,0.1523580104112625,1.0,1.0,1.0,1.0
14.65,150.89403114237516,-0.0014346324605867267,-5.3537663916358724e-05,-8.932504715630785e-05,-0.0014346324605867267,-8.932504715630785e-05,-0.0014346324605867267,149.88624572753906,0.018079042434692383,16.11202621459961,-5.3537663916358724e-05,-2.8833814212703146e-05,-0.0008513948996551335,-0.0008651782991364598,-0.0010327420895919204,-4.211242776364088e-05,-3.1181753001874313e-06,-0.0010327420895919204,-4.563430047710426e-05,0.0,0.1523587554693222,1.0,1.0,1.0,1.0
14.700000000000001,151.69963127603125,-0.0015337364748120308,-5.413666440290399e-05,-9.201660577673465e-05,-0.0015337364748120308,-9.201660577673465e-05,-0.0015337364748120308,150.6918487548828,0.01798270270228386,16.111984252929688,-5.413666440290399e-05,-2.8841528546763584e-05,-0.000843796122353524,-0.0008749843691475689,-0.0010348522337153554,-4.228994293953292e-05,-3.816373009613017e-06,-0.0010348522337153554,-4.5674161810893565e-05,0.0,0.15236037969589233,1.0,1.0,1.0,1.0
14.75,152.50522931760221,-0.001635058200918138,-5.473616693052463e-05,-9.473811951465905e-05,-0.001635058200918138,-9.473811951465905e-05,-0.001635058200918138,151.49745178222656,0.01788417622447014,16.111942291259766,-5.473616693052463e-05,-2.884955392801203e-05,-0.0008328650146722794,-0.0008846854907460511,-0.0010369718074798584,-4.250476195011288e-05,-5.6579388001409825e-06,-0.0010369718074798584,-4.5686858356930315e-05,0.0,0.15236282348632812,1.0,1.0,1.0,1.0
14.8,153.3108252931968,-0.0017386225517839193,-5.53373756702058e-05,-9.748965385369956e-05,-0.0017386225517839193,-9.748965385369956e-05,-0.0017386225517839193,152.30303955078125,0.01778343878686428,16.111900329589844,-5.53373756702058e-05,-2.885773756133858e-05,-0.0008189492509700358,-0.0008944322471506894,-0.0010391054674983025,-4.28442181146238e-05,-6.980208581808256e-06,-0.0010391054674983025,-4.5674401917494833e-05,0.0,0.15236598253250122,1.0,1.0,1.0,1.0
14.85,154.1164192362435,-0.0018444538582116365,-5.594073445536196e-05,-0.00010027128882938996,-0.0018444538582116365,-0.00010027128882938996,-0.0018444538582116365,153.108642578125,0.017680466175079346,16.111860275268555,-5.594073445536196e-05,-2.886619040509686e-05,-0.0008024684502743185,-0.0009042575838975608,-0.0010412557749077678,-4.314502075430937e-05,-5.08536368215573e-06,-0.0010412557749077678,-4.563885886454955e-05,0.0,0.15236975252628326,1.0,1.0,1.0,1.0
14.9,154.92201118651897,-0.0019525769166648388,-5.654634514939971e-05,-0.00010308315540896729,-0.0019525769166648388,-0.00010308315540896729,-0.0019525769166648388,153.9142303466797,0.017575230449438095,16.111820220947266,-5.654634514939971e-05,-2.8875052521470934e-05,-0.000783831812441349,-0.0009141810587607324,-0.0010434192372485995,-4.3379008275223896e-05,-4.219498350721551e-06,-0.0010434192372485995,-4.558244836516678e-05,0.0,0.1523740440607071,1.0,1.0,1.0,1.0
14.950000000000001,155.7276011895011,-0.0020630157086998224,-5.7153567468049005e-05,-0.00010592534817988053,-0.0020630157086998224,-0.00010592534817988053,-0.0020630157086998224,154.71981811523438,0.017467711120843887,16.11178207397461,-5.7153567468049005e-05,-2.8884594939881936e-05,-0.0007633850327692926,-0.0009242190280929208,-0.0010455932933837175,-4.356049612397328e-05,-2.375360736550647e-06,-0.0010455932933837175,-4.550765152089298e-05,0.0,0.15237878262996674,1.0,1.0,1.0,1.0
15.0,156.53318929508808,-0.002175794681534171,-5.7762030337471515e-05,-0.0001087979253497906,-0.002175794681534171,-0.0001087979253497906,-0.002175794681534171,155.52540588378906,0.017357882112264633,16.111743927001953,-5.7762030337471515e-05,-2.889486131607555e-05,-0.0007414284627884626,-0.0009342260309495032,-0.001047773752361536,-4.365630229585804e-05,-2.2470892417914e-06,-0.001047773752361536,-4.541728048934601e-05,0.0,0.15238386392593384,1.0,1.0,1.0,1.0
15.05,157.33877555666226,-0.0022909394465386868,-5.8372294006403536e-05,-0.00011170096695423126,-0.0022909394465386868,-0.00011170096695423126,-0.0022909394465386868,156.33099365234375,0.017245715484023094,16.11170768737793,-5.8372294006403536e-05,-2.8905646104249172e-05,-0.0007182671688497066,-0.0009441892034374177,-0.0010499602649360895,-4.3816962715936825e-05,-4.072637239005417e-06,-0.0010499602649360895,-4.531422382569872e-05,0.0,0.152389258146286,1.0,1.0,1.0,1.0
15.1,158.1443600305604,-0.0024084746837615967,-5.8985224313801154e-05,-0.00011463458940852433,-0.0024084746837615967,-0.00011463458940852433,-0.0024084746837615967,157.13658142089844,0.01713119074702263,16.11167335510254,-5.8985224313801154e-05,-2.8916747396579012e-05,-0.0006941696628928185,-0.0009541371837258339,-0.0010521567892283201,-4.404644278110936e-05,-4.910292773274705e-06,-0.0010521567892283201,-4.5201246393844485e-05,0.0,0.1523948609828949,1.0,1.0,1.0,1.0
15.15,158.94994277554494,-0.002528426004573703,-5.960163616691716e-05,-0.0001175989382318221,-0.002528426004573703,-0.0001175989382318221,-0.002528426004573703,157.94215393066406,0.017014279961586,16.11163902282715,-5.960163616691716e-05,-2.8928005121997558e-05,-0.0006693735485896468,-0.0009640969801694155,-0.0010543654207140207,-4.42964410467539e-05,-5.010066161048599e-06,-0.0010543654207140207,-4.508108031586744e-05,0.0,0.1524006575345993,1.0,1.0,1.0,1.0
15.200000000000001,159.75552385228042,-0.002650818321853876,-6.022196976118721e-05,-0.00012059420259902254,-0.002650818321853876,-0.00012059420259902254,-0.002650818321853876,158.74774169921875,0.016894958913326263,16.11160659790039,-6.022196976118721e-05,-2.8939304684172384e-05,-0.0006440884899348021,-0.0009740896639414132,-0.0010565865086391568,-4.45406258222647e-05,-4.743803856399609e-06,-0.0010565865086391568,-4.4956468627788126e-05,0.0,0.15240655839443207,1.0,1.0,1.0,1.0
15.25,160.56110332282506,-0.0027756772469729185,-6.0846276028314605e-05,-0.0001236205716850236,-0.0027756772469729185,-0.0001236205716850236,-0.0027756772469729185,159.55331420898438,0.016773203387856483,16.111574172973633,-6.0846276028314605e-05,-2.8950571504537947e-05,-0.0006184998783282936,-0.0009841319406405091,-0.001058820285834372,-4.483277734834701e-05,-7.957185516715981e-06,-0.001058820285834372,-4.483023803913966e-05,0.0,0.152412548661232,1.0,1.0,1.0,1.0
15.3,161.3666812501541,-0.0029030281584709883,-6.147491512820125e-05,-0.00012667827832046896,-0.0029030281584709883,-0.00012667827832046896,-0.0029030281584709883,160.35890197753906,0.01664898730814457,16.111543655395508,-6.147491512820125e-05,-2.8961803764104843e-05,-0.0005927712772972882,-0.0009942579781636596,-0.001061074435710907,-4.536111737252213e-05,-1.267679726879578e-05,-0.001061074435710907,-4.4705328036798164e-05,0.0,0.1524185836315155,1.0,1.0,1.0,1.0
15.35,162.1722576977227,-0.003032896900549531,-6.210948777152225e-05,-0.00012976753350812942,-0.003032896900549531,-0.00012976753350812942,-0.003032896900549531,161.1644744873047,0.01652228645980358,16.111515045166016,-6.210948777152225e-05,-2.8973076041438617e-05,-0.000567047274671495,-0.001004504389129579,-0.0010633599013090134,-4.606122456607409e-05,-1.4983747860242147e-05,-0.0010633599013090134,-4.458488183445297e-05,0.0,0.152424618601799,1.0,1.0,1.0,1.0
15.4,162.97783272906594,-0.0031653093174099922,-6.2752136727795e-05,-0.0001328887155978009,-0.0031653093174099922,-0.0001328887155978009,-0.0031653093174099922,161.9700469970703,0.01639307290315628,16.111486434936523,-6.2752136727795e-05,-2.898444108723197e-05,-0.0005414860788732767,-0.0010148932924494147,-0.0010656826198101044,-4.684354644268751e-05,-1.6193027477129363e-05,-0.0010656826198101044,-4.447231549420394e-05,0.0,0.15243062376976013,1.0,1.0,1.0,1.0
15.450000000000001,163.7834064073712,-0.003300292417407036,-6.340471736621112e-05,-0.0001360422611469403,-0.003300292417407036,-0.0001360422611469403,-0.003300292417407036,162.77561950683594,0.016261324286460876,16.111459732055664,-6.340471736621112e-05,-2.899592072935775e-05,-0.0005162217421457171,-0.0010254433145746589,-0.0010680458508431911,-4.7675242967670783e-05,-1.7001120795612223e-05,-0.0010680458508431911,-4.437136885826476e-05,0.0,0.15243655443191528,1.0,1.0,1.0,1.0
15.5,164.58897879513387,-0.0034378727432340384,-6.40685684629716e-05,-0.00013922872312832624,-0.0034378727432340384,-0.00013922872312832624,-0.0034378727432340384,163.58119201660156,0.01612701080739498,16.111434936523438,-6.40685684629716e-05,-2.9007502234890126e-05,-0.0004913421580567956,-0.0010361712193116546,-0.0010704515734687448,-4.8538837290834635e-05,-1.7484759155195206e-05,-0.0010704515734687448,-4.428616011864506e-05,0.0,0.15244239568710327,1.0,1.0,1.0,1.0
15.55,165.39454995394902,-0.0035780782345682383,-6.474457768490538e-05,-0.00014244865451473743,-0.0035780782345682383,-0.00014244865451473743,-0.0035780782345682383,164.3867645263672,0.015990106388926506,16.111412048339844,-6.474457768490538e-05,-2.9019172870903276e-05,-0.0004669208137784153,-0.001047090394422412,-0.0010729009518399835,-4.941980296280235e-05,-1.7713229681248777e-05,-0.0010729009518399835,-4.422121128300205e-05,0.0,0.1524481475353241,1.0,1.0,1.0,1.0
15.6,166.200119944337,-0.0037209365982562304,-6.543329072883353e-05,-0.00014570271014235914,-0.0037209365982562304,-0.00014570271014235914,-0.0037209365982562304,165.1923370361328,0.01585058681666851,16.11138916015625,-6.543329072883353e-05,-2.903091808548197e-05,-0.0004430194676388055,-0.0010582105023786426,-0.0010753945680335164,-5.03073533764109e-05,-1.776129283825867e-05,-0.0010753945680335164,-4.4179723772685975e-05,0.0,0.15245378017425537,1.0,1.0,1.0,1.0
15.65,167.00568882558937,-0.003866476472467184,-6.613499135710299e-05,-0.00014899150119163096,-0.003866476472467184,-0.00014899150119163096,-0.003866476472467184,165.99790954589844,0.01570841856300831,16.111366271972656,-6.613499135710299e-05,-2.9042723326710984e-05,-0.0004196901572868228,-0.0010695377131924033,-0.0010779325384646654,-5.1194238039897755e-05,-1.770722883520648e-05,-0.0010779325384646654,-4.416206502355635e-05,0.0,0.1524592638015747,1.0,1.0,1.0,1.0
15.700000000000001,167.81125665563462,-0.0040147271938622,-6.68497959850356e-05,-0.00015231571160256863,-0.0040147271938622,-0.00015231571160256863,-0.0040147271938622,166.80348205566406,0.01556357927620411,16.111347198486328,-6.68497959850356e-05,-2.905458677560091e-05,-0.0003969763347413391,-0.0010810752864927053,-0.0010805147467181087,-5.207625508774072e-05,-1.7543254216434434e-05,-0.0010805147467181087,-4.416874799062498e-05,0.0,0.1524646282196045,1.0,1.0,1.0,1.0
15.75,168.61682349092194,-0.004165717866271734,-6.757769006071612e-05,-0.00015567598165944219,-0.004165717866271734,-0.00015567598165944219,-0.004165717866271734,167.60903930664062,0.015416035428643227,16.111328125,-6.757769006071612e-05,-2.9066504794172943e-05,-0.00037491353577934206,-0.0010928240371868014,-0.0010831408435478806,-5.2945499191991985e-05,-1.7226477211806923e-05,-0.0010831408435478806,-4.4200813135830685e-05,0.0,0.15246982872486115,1.0,1.0,1.0,1.0
15.8,169.42238938632397,-0.004319478292018175,-6.831857172073796e-05,-0.00015907296619843692,-0.004319478292018175,-0.00015907296619843692,-0.004319478292018175,168.41461181640625,0.015265760943293571,16.111309051513672,-6.831857172073796e-05,-2.907848102040589e-05,-0.0003535304858814925,-0.0011047824518755078,-0.0010858098976314068,-5.379695357987657e-05,-1.6837466318975203e-05,-0.0010858098976314068,-4.425982479006052e-05,0.0,0.15247486531734467,1.0,1.0,1.0,1.0
15.85,170.22795439505734,-0.004476039670407772,-6.907225179020315e-05,-0.00016250730550382286,-0.004476039670407772,-0.00016250730550382286,-0.004476039670407772,169.2201690673828,0.015112724155187607,16.111291885375977,-6.907225179020315e-05,-2.9090515454299748e-05,-0.0003328495367895812,-0.001116948202252388,-0.001088521210476756,-5.465333379106596e-05,-1.8712938981479965e-05,-0.001088521210476756,-4.4347871153149754e-05,0.0,0.15247975289821625,1.0,1.0,1.0,1.0
15.9,171.03351856862005,-0.004635433200746775,-6.98388903401792e-05,-0.00016597963985987008,-0.004635433200746775,-0.00016597963985987008,-0.004635433200746775,170.02574157714844,0.01495689433068037,16.111276626586914,-6.98388903401792e-05,-2.9102629923727363e-05,-0.0003128875105176121,-0.0011293411953374743,-0.0010912816505879164,-5.5815104133216664e-05,-2.7622532797977328e-05,-0.0010912816505879164,-4.4467567931860685e-05,0.0,0.1524844616651535,1.0,1.0,1.0,1.0
15.950000000000001,171.83908195674226,-0.004797689616680145,-7.062056829454377e-05,-0.00016949066775850952,-0.004797689616680145,-0.00016949066775850952,-0.004797689616680145,170.831298828125,0.014798241667449474,16.11126136779785,-7.062056829454377e-05,-2.911492993007414e-05,-0.00029365584487095475,-0.0011420182418078184,-0.0010941105429083109,-5.735787999583408e-05,-3.3259595511481166e-05,-0.0010941105429083109,-4.462209835764952e-05,0.0,0.15248900651931763,1.0,1.0,1.0,1.0
16.0,172.64464460735155,-0.00496284244582057,-7.142108370317146e-05,-0.00017304123321082443,-0.00496284244582057,-0.00017304123321082443,-0.00496284244582057,171.63685607910156,0.014636734500527382,16.11124610900879,-7.142108370317146e-05,-2.912752279371489e-05,-0.0002751616120804101,-0.001155020436272025,-0.0010970222065225244,-5.909793617320247e-05,-3.6022975109517574e-05,-0.0010970222065225244,-4.481531141209416e-05,0.0,0.15249337255954742,1.0,1.0,1.0,1.0
16.05,173.45020656655143,-0.005130925215780735,-7.22440963727422e-05,-0.00017663234029896557,-0.005130925215780735,-0.00017663234029896557,-0.005130925215780735,172.4424285888672,0.014472339302301407,16.11123275756836,-7.22440963727422e-05,-2.9140426704543643e-05,-0.00025740780984051526,-0.0011683811899274588,-0.00110002385918051,-6.0944785218453035e-05,-3.768318856600672e-05,-0.00110002385918051,-4.5051820052322e-05,0.0,0.1524975746870041,1.0,1.0,1.0,1.0
16.1,174.25576787861095,-0.005301972851157188,-7.309231295948848e-05,-0.00018026522593572736,-0.005301972851157188,-0.00018026522593572736,-0.005301972851157188,173.24798583984375,0.014305022545158863,16.111221313476562,-7.309231295948848e-05,-2.915360892075114e-05,-0.00024039382697083056,-0.0011821333318948746,-0.0011031196918338537,-6.285567360464483e-05,-3.8622685679001734e-05,-0.0011031196918338537,-4.5337081246543676e-05,0.0,0.15250159800052643,1.0,1.0,1.0,1.0
16.15,175.0613285859657,-0.005476021207869053,-7.396751607302576e-05,-0.00018394117068964988,-0.005476021207869053,-0.00018394117068964988,-0.005476021207869053,174.0535430908203,0.014134751632809639,16.111209869384766,-7.396751607302576e-05,-2.9167011234676465e-05,-0.00022411592362914234,-0.0011963045690208673,-0.00110631191637367,-6.47976848995313e-05,-3.8969472370808944e-05,-0.00110631191637367,-4.567750511341728e-05,0.0,0.15250544250011444,1.0,1.0,1.0,1.0
16.2,175.8668887292247,-0.005653107538819313,-7.48707025195472e-05,-0.00018766155699267983,-0.005653107538819313,-0.00018766155699267983,-0.005653107538819313,174.85910034179688,0.01396148931235075,16.11119842529297,-7.48707025195472e-05,-2.918059180956334e-05,-0.0002085675223497674,-0.0012109155068174005,-0.0011096014641225338,-6.674547330476344e-05,-3.8883121305843815e-05,-0.0011096014641225338,-4.60791852674447e-05,0.0,0.15250912308692932,1.0,1.0,1.0,1.0
16.25,176.67244834718642,-0.005833269562572241,-7.580227247672155e-05,-0.00019142779638059437,-0.005833269562572241,-0.00019142779638059437,-0.005833269562572241,175.6646728515625,0.013785199262201786,16.111188888549805,-7.580227247672155e-05,-2.9194323360570706e-05,-0.00019373938266653568,-0.001225978834554553,-0.001112988218665123,-6.868081982247531e-05,-3.850511711789295e-05,-0.001112988218665123,-4.654100484913215e-05,0.0,0.15251263976097107,1.0,1.0,1.0,1.0
16.3,177.47800747685994,-0.006016546860337257,-7.676219684071839e-05,-0.00019524130038917065,-0.006016546860337257,-0.00019524130038917065,-0.006016546860337257,176.47023010253906,0.013605844229459763,16.11117935180664,-7.676219684071839e-05,-2.9208198611740954e-05,-0.00017962025594897568,-0.0012415002565830946,-0.0011164711322635412,-7.059408380882815e-05,-3.80001038138289e-05,-0.0011164711322635412,-4.705975516117178e-05,0.0,0.1525159776210785,1.0,1.0,1.0,1.0
16.35,178.28356615349293,-0.006202979478985071,-7.77502209530212e-05,-0.00019910350965801626,-0.006202979478985071,-0.00019910350965801626,-0.006202979478985071,177.27578735351562,0.01342338602989912,16.111169815063477,-7.77502209530212e-05,-2.92222266580211e-05,-0.00016619687085039914,-0.001257479889318347,-0.0011200489243492484,-7.247371831908822e-05,-3.7153637094888836e-05,-0.0011200489243492484,-4.763336983160116e-05,0.0,0.15251916646957397,1.0,1.0,1.0,1.0
16.4,179.08912441060335,-0.006392608862370253,-7.87658937042579e-05,-0.0002030157920671627,-0.006392608862370253,-0.0002030157920671627,-0.006392608862370253,178.0813446044922,0.013237783685326576,16.111162185668945,-7.87658937042579e-05,-2.9236429327283986e-05,-0.00015345435531344265,-0.0012739115627482533,-0.0011237194994464517,-7.430466212099418e-05,-3.6037661629961804e-05,-0.0011237194994464517,-4.826092845178209e-05,0.0,0.15252219140529633,1.0,1.0,1.0,1.0
16.45,179.89468228001863,-0.006585477385669947,-7.980861846590415e-05,-0.0002069795154966414,-0.006585477385669947,-0.0002069795154966414,-0.006585477385669947,178.88690185546875,0.013048996217548847,16.111154556274414,-7.980861846590415e-05,-2.9250824809423648e-05,-0.00014137773541733623,-0.0012907871278002858,-0.0011274802964180708,-7.60835682740435e-05,-3.564606231520884e-05,-0.0011274802964180708,-4.89426456624642e-05,0.0,0.15252505242824554,1.0,1.0,1.0,1.0
16.5,180.7002397919722,-0.006781628355383873,-8.087791502475739e-05,-0.00021099603327456862,-0.006781628355383873,-0.00021099603327456862,-0.006781628355383873,179.6924591064453,0.012856981717050076,16.111148834228516,-8.087791502475739e-05,-2.926548768300563e-05,-0.00012995398719795048,-0.0013081380166113377,-0.001131335855461657,-7.826951332390308e-05,-5.5203287047334015e-05,-0.001131335855461657,-4.967985296389088e-05,0.0,0.15252776443958282,1.0,1.0,1.0,1.0
16.55,181.505796975138,-0.006981106474995613,-8.197663555620238e-05,-0.00021506671328097582,-0.006981106474995613,-0.00021506671328097582,-0.006981106474995613,180.49801635742188,0.012661696411669254,16.111141204833984,-8.197663555620238e-05,-2.928066714957822e-05,-0.00011915294453501701,-0.0013260681880638003,-0.0011353299487382174,-8.15955936559476e-05,-7.543119136244059e-05,-0.0011353299487382174,-5.047508602729067e-05,0.0,0.15253032743930817,1.0,1.0,1.0,1.0
16.6,182.3113538565303,-0.007183958776295185,-8.311402052640915e-05,-0.00021919322898611426,-0.007183958776295185,-0.00021919322898611426,-0.007183958776295185,181.30357360839844,0.012463096529245377,16.111135482788086,-8.311402052640915e-05,-2.9296670618350618e-05,-0.0001089563374989666,-0.0013446940574795008,-0.0011395112378522754,-8.566235919715837e-05,-8.591319783590734e-05,-0.0011395112378522754,-5.1332262955838814e-05,0.0,0.15253274142742157,1.0,1.0,1.0,1.0
16.65,183.1169104615652,-0.007390235085040331,-8.430099114775658e-05,-0.00022337777772918344,-0.007390235085040331,-0.00022337777772918344,-0.007390235085040331,182.109130859375,0.012261134572327137,16.11113166809082,-8.430099114775658e-05,-2.9313598133740015e-05,-9.934589616023004e-05,-0.0013641148107126355,-0.0011439071968197823,-9.013577073346823e-05,-9.233328455593437e-05,-0.0011439071968197823,-5.2256917115300894e-05,0.0,0.15253502130508423,1.0,1.0,1.0,1.0
16.7,183.9224668141672,-0.007599986623972654,-8.554645319236442e-05,-0.00022762308071833104,-0.007599986623972654,-0.00022762308071833104,-0.007599986623972654,182.91468811035156,0.012055761180818081,16.111125946044922,-8.554645319236442e-05,-2.933136602223385e-05,-9.030532237375155e-05,-0.0013844441855326295,-0.0011485335417091846,-9.485713962931186e-05,-9.604027582099661e-05,-0.0011485335417091846,-5.32564299646765e-05,0.0,0.15253716707229614,1.0,1.0,1.0,1.0
16.75,184.72802293685774,-0.007813268341124058,-8.685654756845906e-05,-0.0002319322229595855,-0.007813268341124058,-0.0002319322229595855,-0.007813268341124058,183.72024536132812,0.011846926994621754,16.111122131347656,-8.685654756845906e-05,-2.934984331659507e-05,-8.181335579138249e-05,-0.0014057744992896914,-0.0011533998185768723,-9.970760584110394e-05,-9.766778384801e-05,-0.0011533998185768723,-5.43403257324826e-05,0.0,0.1525391936302185,1.0,1.0,1.0,1.0
16.8,185.53357885080604,-0.008030137978494167,-8.823496318655089e-05,-0.00023630853684153408,-0.008030137978494167,-0.00023630853684153408,-0.008030137978494167,184.5258026123047,0.011634577997028828,16.11111831665039,-8.823496318655089e-05,-2.9368904506554827e-05,-7.384871423710138e-05,-0.0014281730400398374,-0.0011585099855437875,-0.00010460435441927984,-9.801494161365554e-05,-0.0011585099855437875,-5.55202568648383e-05,0.0,0.15254108607769012,1.0,1.0,1.0,1.0
16.85,186.3391345758746,-0.008250654675066471,-8.968349720817059e-05,-0.00024075547116808593,-0.008250654675066471,-0.00024075547116808593,-0.008250654675066471,185.33135986328125,0.011418658308684826,16.111114501953125,-8.968349720817059e-05,-2.9388464099611156e-05,-6.639034108957276e-05,-0.0014516847440972924,-0.0011638649739325047,-0.00010949440184049308,-9.74709982983768e-05,-0.0011638649739325047,-5.680103276972659e-05,0.0,0.1525428593158722,1.0,1.0,1.0,1.0
16.9,187.14469013066594,-0.008474881760776043,-9.120264439843595e-05,-0.0002452765766065568,-0.008474881760776043,-0.0002452765766065568,-0.008474881760776043,186.13690185546875,0.011199109256267548,16.11111068725586,-9.120264439843595e-05,-2.9408494810923003e-05,-5.9417110605863854e-05,-0.0014763344079256058,-0.0011694636195898056,-0.00011434548650868237,-9.661182411946356e-05,-0.0011694636195898056,-5.817914643557742e-05,0.0,0.1525445133447647,1.0,1.0,1.0,1.0
16.95,187.95024553257153,-0.008702884428203106,-9.279209189116955e-05,-0.00024987536016851664,-0.008702884428203106,-0.00024987536016851664,-0.008702884428203106,186.9424591064453,0.010975868441164494,16.111108779907227,-9.279209189116955e-05,-2.9429014830384403e-05,-5.2908366342308e-05,-0.0015021307626739144,-0.001175303477793932,-0.00011914109927602112,-9.497993596596643e-05,-0.001175303477793932,-5.9653291827999055e-05,0.0,0.15254606306552887,1.0,1.0,1.0,1.0
17.0,188.75580079782134,-0.008934730663895607,-9.445103205507621e-05,-0.00025455531431362033,-0.008934730663895607,-0.00025455531431362033,-0.008934730663895607,187.74801635742188,0.01074887253344059,16.111106872558594,-9.445103205507621e-05,-2.9450080546666868e-05,-4.684355008066632e-05,-0.0015290658921003342,-0.0011813805904239416,-0.00012382697605062276,-9.240852523362264e-05,-0.0011813805904239416,-6.122502236394212e-05,0.0,0.15254750847816467,1.0,1.0,1.0,1.0
17.05,189.56135594153474,-0.009170492179691792,-9.617822070140392e-05,-0.0002593199023976922,-0.009170492179691792,-0.0002593199023976922,-0.009170492179691792,188.55357360839844,0.010518052615225315,16.111103057861328,-9.617822070140392e-05,-2.9471748348441906e-05,-4.120242374483496e-05,-0.0015571174444630742,-0.0011876884382218122,-0.0001283714664168656,-8.959655679063872e-05,-0.0011876884382218122,-6.289873999776319e-05,0.0,0.15254884958267212,1.0,1.0,1.0,1.0
17.1,190.3669109777716,-0.009410240687429905,-9.797207167139277e-05,-0.00026417250046506524,-0.009410240687429905,-0.00026417250046506524,-0.009410240687429905,189.359130859375,0.010283340699970722,16.111101150512695,-9.797207167139277e-05,-2.9494067348423414e-05,-3.596514216042124e-05,-0.0015862648142501712,-0.001194222830235958,-0.00013304185995366424,-0.00010544146061874926,-0.001194222830235958,-6.468167703133076e-05,0.0,0.1525501012802124,1.0,1.0,1.0,1.0
17.150000000000002,191.1724659195813,-0.00965405348688364,-9.983374911826104e-05,-0.00026911639724858105,-0.00965405348688364,-0.00026911639724858105,-0.00965405348688364,190.16468811035156,0.010044661350548267,16.111101150512695,-9.983374911826104e-05,-2.95172467303928e-05,-3.111175828962587e-05,-0.0016166360583156347,-0.001201028935611248,-0.00013943006342742592,-0.00014758990437258035,-0.001201028935611248,-6.65838088025339e-05,0.0,0.15255124866962433,1.0,1.0,1.0,1.0
17.2,191.97802077904785,-0.009902010671794415,-0.00010177499643759802,-0.00027415528893470764,-0.009902010671794415,-0.00027415528893470764,-0.009902010671794415,190.97024536132812,0.009801940992474556,16.111099243164062,-0.00010177499643759802,-2.9541879484895617e-05,-2.6622379664331675e-05,-0.001648494740948081,-0.0012082010507583618,-0.00014748566900379956,-0.00017110705084633082,-0.0012082010507583618,-6.861818837933242e-05,0.0,0.15255232155323029,1.0,1.0,1.0,1.0
17.25,192.7835755673388,-0.010154196061193943,-0.0001038142727338709,-0.0002792935410980135,-0.010154196061193943,-0.0002792935410980135,-0.010154196061193943,191.77578735351562,0.009555098600685596,16.11109733581543,-0.0001038142727338709,-2.9568442187155597e-05,-2.2477830498246476e-05,-0.0016820195596665144,-0.001215799362398684,-0.00015636686293873936,-0.000182858930202201,-0.001215799362398684,-7.080133946146816e-05,0.0,0.15255331993103027,1.0,1.0,1.0,1.0
17.3,193.58913029475426,-0.010410701856017113,-0.00010596828360576183,-0.0002845365379471332,-0.010410701856017113,-0.0002845365379471332,-0.010410701856017113,192.5813446044922,0.009304050356149673,16.11109733581543,-0.00010596828360576183,-2.9596989406854846e-05,-1.86591951205628e-05,-0.001717364531941712,-0.0012238543713465333,-0.0001657045359024778,-0.00018988605006597936,-0.0012238543713465333,-7.315373659366742e-05,0.0,0.1525542289018631,1.0,1.0,1.0,1.0
17.35,194.39468497076962,-0.010671621188521385,-0.00010824915079865605,-0.0002898902748711407,-0.010671621188521385,-0.0002898902748711407,-0.010671621188521385,193.38690185546875,0.009048708714544773,16.111095428466797,-0.00010824915079865605,-2.9627322874148376e-05,-1.5148161764955148e-05,-0.0017546777380630374,-0.0012323836563155055,-0.00017530588957015425,-0.0001935798063641414,-0.0012323836563155055,-7.57001616875641e-05,0.0,0.15255506336688995,1.0,1.0,1.0,1.0
17.400000000000002,195.20023960407167,-0.010937056504189968,-0.00011066457955166698,-0.0002953613584395498,-0.010937056504189968,-0.0002953613584395498,-0.010937056504189968,194.1924591064453,0.008788978680968285,16.111095428466797,-0.00011066457955166698,-2.965918065456208e-05,-1.1927272680622991e-05,-0.001794082229025662,-0.001241396414116025,-0.00018502013699617237,-0.0001945606345543638,-0.001241396414116025,-7.847017695894465e-05,0.0,0.15255583822727203,1.0,1.0,1.0,1.0
17.45,196.00579420259973,-0.011207113973796368,-0.00011321865895297378,-0.00030095656984485686,-0.011207113973796368,-0.00030095656984485686,-0.011207113973796368,194.99801635742188,0.008524762466549873,16.111095428466797,-0.00011321865895297378,-2.969234083138872e-05,-8.979997801361606e-06,-0.0018356660148128867,-0.0012508953223004937,-0.00019473164866212755,-0.00019363923638593405,-0.0012508953223004937,-8.14878148958087e-05,0.0,0.15255653858184814,1.0,1.0,1.0,1.0
17.5,196.81134877358681,-0.011481905356049538,-0.00011591276415856555,-0.00030668292311020195,-0.011481905356049538,-0.00030668292311020195,-0.011481905356049538,195.80357360839844,0.008255957625806332,16.111093521118164,-0.00011591276415856555,-2.9726674256380647e-05,-6.290626060945215e-06,-0.001879481365904212,-0.0012608778197318316,-0.00020436009799595922,-0.00019157628412358463,-0.0012608778197318316,-8.474305650452152e-05,0.0,0.15255717933177948,1.0,1.0,1.0,1.0
17.55,197.61690332360348,-0.011761547066271305,-0.00011874643678311259,-0.0003125474031548947,-0.011761547066271305,-0.0003125474031548947,-0.011761547066271305,196.60911560058594,0.007982452400028706,16.111093521118164,-0.00011874643678311259,-2.9762142730760388e-05,-3.843959348159842e-06,-0.001925550983287394,-0.0012713393662124872,-0.00021389326138887554,-0.00018937801360152662,-0.0012713393662124872,-8.822229574434459e-05,0.0,0.15255776047706604,1.0,1.0,1.0,1.0
17.6,198.42245785860013,-0.01204616203904152,-0.00012171824346296489,-0.0003185569657944143,-0.01204616203904152,-0.0003185569657944143,-0.01204616203904152,197.4146728515625,0.0077041322365403175,16.111093521118164,-0.00012171824346296489,-2.9798800824210048e-05,-1.6255150967481313e-06,-0.00197387021034956,-0.0012822732096537948,-0.0002232261176686734,-0.0001838081079768017,-0.0012822732096537948,-9.191753633785993e-05,0.0,0.15255829691886902,1.0,1.0,1.0,1.0
17.650000000000002,199.22801238394908,-0.012335876934230328,-0.00012482577585615218,-0.000324718450428918,-0.012335876934230328,-0.000324718450428918,-0.012335876934230328,198.22023010253906,0.007420876994729042,16.111093521118164,-0.00012482577585615218,-2.9836719477316365e-05,3.787921230014035e-07,-0.0020243986509740353,-0.0012936661951243877,-0.00023225703625939786,-0.0001775349664967507,-0.0012936661951243877,-9.582644997863099e-05,0.0,0.15255877375602722,1.0,1.0,1.0,1.0
17.7,200.0335669044837,-0.012630825862288475,-0.000128065628814511,-0.0003310385800432414,-0.012630825862288475,-0.0003310385800432414,-0.012630825862288475,199.02578735351562,0.007132559549063444,16.111093521118164,-0.000128065628814511,-2.987596599268727e-05,2.182408707085415e-06,-0.0020770803093910217,-0.0013055033050477505,-0.00024104084877762944,-0.00017704851052258164,-0.0013055033050477505,-9.995221626013517e-05,0.0,0.15255922079086304,1.0,1.0,1.0,1.0
17.75,200.83912142453545,-0.012931146658957005,-0.00013143493561074138,-0.0003375238738954067,-0.012931146658957005,-0.0003375238738954067,-0.012931146658957005,199.8313446044922,0.00683904904872179,16.111093521118164,-0.00013143493561074138,-2.991666588059161e-05,3.7984896152920555e-06,-0.002131928689777851,-0.0013177954824641347,-0.00025079099577851593,-0.00021594850113615394,-0.0013177954824641347,-0.00010430348629597574,0.0,0.15255960822105408,1.0,1.0,1.0,1.0
17.8,201.64467594796477,-0.013236982747912407,-0.0001349391386611387,-0.0003441808803472668,-0.013236982747912407,-0.0003441808803472668,-0.013236982747912407,200.63690185546875,0.0065402076579630375,16.111093521118164,-0.0001349391386611387,-2.9959324820083566e-05,5.2402883738977835e-06,-0.002189170103520155,-0.001330626429989934,-0.0002624634944368154,-0.00024642032803967595,-0.001330626429989934,-0.00010889438271988183,0.0,0.15255995094776154,1.0,1.0,1.0,1.0
17.85,202.45023047819015,-0.01354848500341177,-0.0001385941286571324,-0.0003510167298372835,-0.01354848500341177,-0.0003510167298372835,-0.01354848500341177,201.44244384765625,0.0062358928844332695,16.111093521118164,-0.0001385941286571324,-3.0004584914422594e-05,6.520270744658774e-06,-0.0022489940747618675,-0.0013440707698464394,-0.00027516382397152483,-0.00025958381593227386,-0.0013440707698464394,-0.00011374485620763153,0.0,0.1525602638721466,1.0,1.0,1.0,1.0
17.900000000000002,203.25578501822204,-0.013865811750292778,-0.00014241697499528527,-0.00035803933860734105,-0.013865811750292778,-0.00035803933860734105,-0.013865811750292778,202.2480010986328,0.005925954319536686,16.111095428466797,-0.00014241697499528527,-3.0052671718294732e-05,7.650605766684748e-06,-0.0023115300573408604,-0.0013581631937995553,-0.00028832172392867506,-0.00026593636721372604,-0.0013581631937995553,-0.00011888111475855112,0.0,0.1525605320930481,1.0,1.0,1.0,1.0
17.95,204.0613395706894,-0.014189128763973713,-0.00014642054156865925,-0.00036525752511806786,-0.014189128763973713,-0.00036525752511806786,-0.014189128763973713,203.05355834960938,0.005610235501080751,16.111095428466797,-0.00014642054156865925,-3.0103448807494715e-05,8.6427553469548e-06,-0.0023769044782966375,-0.0013729198835790157,-0.0003016968839801848,-0.0002684315259102732,-0.0013729198835790157,-0.0001243359292857349,0.0,0.1525607705116272,1.0,1.0,1.0,1.0
18.0,204.8668941378593,-0.014518611133098602,-0.00015061281737871468,-0.0003726804570760578,-0.014518611133098602,-0.0003726804570760578,-0.014518611133098602,203.85911560058594,0.0052885739132761955,16.111095428466797,-0.00015061281737871468,-3.015662332472857e-05,9.507592949375976e-06,-0.0024452265352010727,-0.0013883470091968775,-0.00031511508859694004,-0.00026786085800267756,-0.0013883470091968775,-0.00013014896831009537,0.0,0.1525609940290451,1.0,1.0,1.0,1.0
18.05,205.6724487216566,-0.014854437671601772,-0.00015499762957915664,-0.0003803177096415311,-0.014854437671601772,-0.0003803177096415311,-0.014854437671601772,204.6646728515625,0.004960797727108002,16.111095428466797,-0.00015499762957915664,-3.021191332663875e-05,1.0254942935716826e-05,-0.0025165716651827097,-0.0014044431736692786,-0.00032844094675965607,-0.00026486284332349896,-0.0014044431736692786,-0.00013636323274113238,0.0,0.15256117284297943,1.0,1.0,1.0,1.0
18.1,206.4780033236869,-0.01519679930061102,-0.00015957557479850948,-0.00038817894528619945,-0.01519679930061102,-0.00038817894528619945,-0.01519679930061102,205.47023010253906,0.004626729525625706,16.11109733581543,-0.00015957557479850948,-3.026910599146504e-05,1.0893855687754694e-05,-0.0025909787509590387,-0.001421201042830944,-0.0003415736136958003,-0.0002603002358227968,-0.001421201042830944,-0.00014297252346295863,0.0,0.15256132185459137,1.0,1.0,1.0,1.0
18.150000000000002,207.2835579452613,-0.015545891597867012,-0.00016434493591077626,-0.000396273797377944,-0.015545891597867012,-0.000396273797377944,-0.015545891597867012,206.27577209472656,0.00428618211299181,16.11109733581543,-0.00016434493591077626,-3.0328092179843225e-05,1.1432750397943892e-05,-0.002668452449142933,-0.001438609790056944,-0.0003544894279912114,-0.0002565768954809755,-0.001438609790056944,-0.00014993592048995197,0.0,0.15256145596504211,1.0,1.0,1.0,1.0
18.2,208.0891125874227,-0.015901917591691017,-0.00016930275887716562,-0.0004046117246616632,-0.015901917591691017,-0.0004046117246616632,-0.015901917591691017,207.08132934570312,0.003938963171094656,16.11109733581543,-0.00016930275887716562,-3.03888682537945e-05,1.1879518751811702e-05,-0.002748975995928049,-0.0014566588215529919,-0.0003671527374535799,-0.0002488801546860486,-0.0014566588215529919,-0.0001572192122694105,0.0,0.15256157517433167,1.0,1.0,1.0,1.0
18.25,208.89466725096997,-0.016265086829662323,-0.00017444524564780295,-0.00041320209857076406,-0.016265086829662323,-0.00041320209857076406,-0.016265086829662323,207.8868865966797,0.0035848701372742653,16.111099243164062,-0.00017444524564780295,-3.0451481507043354e-05,1.224162770085968e-05,-0.0028324867598712444,-0.0014753293944522738,-0.0003793387149926275,-0.00023876180057413876,-0.0014753293944522738,-0.00016479581245221198,0.0,0.15256166458129883,1.0,1.0,1.0,1.0
18.3,209.70022193648248,-0.01663561910390854,-0.00017976705566979945,-0.00042205399950034916,-0.01663561910390854,-0.00042205399950034916,-0.01663561910390854,208.69244384765625,0.003223694860935211,16.111099243164062,-0.00017976705566979945,-3.051596286240965e-05,1.2526106729637831e-05,-0.002918893937021494,-0.001494596479460597,-0.00039104410097934306,-0.0002304709196323529,-0.001494596479460597,-0.0001726466289255768,0.0,0.1525617390871048,1.0,1.0,1.0,1.0
18.35,210.50577664434095,-0.017013737931847572,-0.00018526219355408102,-0.0004311762750148773,-0.017013737931847572,-0.0004311762750148773,-0.017013737931847572,209.4980010986328,0.002855221275240183,16.111099243164062,-0.00018526219355408102,-3.058235233766027e-05,1.273966881853994e-05,-0.003008122555911541,-0.0015144445933401585,-0.00040278438245877624,-0.00024631671840325,-0.0015144445933401585,-0.00018075993284583092,0.0,0.15256179869174957,1.0,1.0,1.0,1.0
18.400000000000002,211.31133137474572,-0.017399674281477928,-0.00019092853472102433,-0.00044057751074433327,-0.017399674281477928,-0.00044057751074433327,-0.017399674281477928,210.30355834960938,0.0024792265612632036,16.111101150512695,-0.00019092853472102433,-3.0650917324237525e-05,1.2889064237242565e-05,-0.0031002541072666645,-0.0015349119203165174,-0.0004158865485806018,-0.00027455706731416285,-0.0015349119203165174,-0.00018913112580776215,0.0,0.15256182849407196,1.0,1.0,1.0,1.0
18.45,212.11688612772977,-0.017793666571378708,-0.00019677374802995473,-0.00045026635052636266,-0.017793666571378708,-0.00045026635052636266,-0.017793666571378708,211.10911560058594,0.0020954799838364124,16.111101150512695,-0.00019677374802995473,-3.072220351896249e-05,1.2980921383132227e-05,-0.0031954313162714243,-0.0015560629544779658,-0.0004299620050005615,-0.0002860153035726398,-0.0015560629544779658,-0.00019776287081185728,0.0,0.15256185829639435,1.0,1.0,1.0,1.0
18.5,212.92244090317618,-0.01819596439599991,-0.00020280966418795288,-0.00046025210758671165,-0.01819596439599991,-0.00046025210758671165,-0.01819596439599991,211.91465759277344,0.001703743590041995,16.111101150512695,-0.00020280966418795288,-3.079654561588541e-05,1.3021307495364454e-05,-0.0032937247306108475,-0.0015779276145622134,-0.00044436444295570254,-0.0002892106131184846,-0.0015779276145622134,-0.0002066653105430305,0.0,0.15256187319755554,1.0,1.0,1.0,1.0
18.55,213.72799570083257,-0.018606822937726974,-0.00020904582925140858,-0.00047054453170858324,-0.018606822937726974,-0.00047054453170858324,-0.018606822937726974,212.72021484375,0.0013037718599662185,16.111103057861328,-0.00020904582925140858,-3.0873903597239405e-05,1.3016110642638523e-05,-0.0033951939549297094,-0.0016005148645490408,-0.0004588325973600149,-0.00028902076883241534,-0.0016005148645490408,-0.00021585625654552132,0.0,0.15256188809871674,1.0,1.0,1.0,1.0
18.6,214.53355052032074,-0.019026504829525948,-0.00021548778750002384,-0.00048115378012880683,-0.019026504829525948,-0.00048115378012880683,-0.019026504829525948,213.52577209472656,0.0008953108335845172,16.111103057861328,-0.00021548778750002384,-3.095404099440202e-05,1.298031293117674e-05,-0.003499893704429269,-0.0016238238895311952,-0.0004732155939564109,-0.0002859616361092776,-0.0016238238895311952,-0.00022536132019013166,0.0,0.15256187319755554,1.0,1.0,1.0,1.0
18.650000000000002,215.3391053611711,-0.019455285742878914,-0.00022213745978660882,-0.0004920902429148555,-0.019455285742878914,-0.0004920902429148555,-0.019455285742878914,214.33132934570312,0.0004780988965649158,16.111103057861328,-0.00022213745978660882,-3.103667768300511e-05,1.2918580068799201e-05,-0.0036078563425689936,-0.0016478471225127578,-0.00048739020712673664,-0.0002808688732329756,-0.0016478471225127578,-0.000235213985433802,0.0,0.15256187319755554,1.0,1.0,1.0,1.0
18.7,216.14466022282173,-0.019893445074558258,-0.0002289938274770975,-0.0005033642519265413,-0.019893445074558258,-0.0005033642519265413,-0.019893445074558258,215.1368865966797,5.1866096328012645e-05,16.11110496520996,-0.0002289938274770975,-3.11215735564474e-05,1.2822971257264726e-05,-0.0037190853618085384,-0.0016725719906389713,-0.0005012686015106738,-0.0002741512143984437,-0.0016725719906389713,-0.0002454255009070039,0.0,0.15256185829639435,1.0,1.0,1.0,1.0
18.75,216.95021510459415,-0.02034127153456211,-0.00023605367459822446,-0.0005149860517121851,-0.02034127153456211,-0.0005149860517121851,-0.02034127153456211,215.94244384765625,-0.000383665639674291,16.11110496520996,-0.00023605367459822446,-3.120857218164019e-05,1.2696308658632915e-05,-0.0038335551507771015,-0.0016979818465188146,-0.0005148014752194285,-0.00026782340137287974,-0.0016979818465188146,-0.00025594711769372225,0.0,0.15256182849407196,1.0,1.0,1.0,1.0
18.8,217.75577000570507,-0.0207990612834692,-0.00024331254826392978,-0.0005269657704047859,-0.0207990612834692,-0.0005269657704047859,-0.0207990612834692,216.7480010986328,-0.0008287824457511306,16.11110496520996,-0.00024331254826392978,-3.129760443698615e-05,1.2541884643724188e-05,-0.003951224964112043,-0.0017240609740838408,-0.0005280454643070698,-0.0002609309449326247,-0.0017240609740838408,-0.0002667290100362152,0.0,0.15256179869174957,1.0,1.0,1.0,1.0
18.85,218.56132492528164,-0.02126711793243885,-0.0002507655299268663,-0.000539313186891377,-0.02126711793243885,-0.000539313186891377,-0.02126711793243885,217.5535430908203,-0.001283778459765017,16.111106872558594,-0.0002507655299268663,-3.138867759844288e-05,1.2363027963147033e-05,-0.0040720244869589806,-0.0017507905140519142,-0.0005407715798355639,-0.0002484082360751927,-0.0017507905140519142,-0.0002777293266262859,0.0,0.15256176888942719,1.0,1.0,1.0,1.0
18.900000000000002,219.36687986237635,-0.021745752543210983,-0.0002584064204711467,-0.0005520379054360092,-0.021745752543210983,-0.0005520379054360092,-0.021745752543210983,218.35910034179688,-0.0017489556921646,16.111106872558594,-0.0002584064204711467,-3.148177347611636e-05,1.2163026440248359e-05,-0.004195841494947672,-0.0017781405476853251,-0.0005528958863578737,-0.00023723224876448512,-0.0017781405476853251,-0.00028891413239762187,0.0,0.1525617241859436,1.0,1.0,1.0,1.0
18.95,220.17243481598,-0.022235283628106117,-0.0002662278129719198,-0.0005651491228491068,-0.022235283628106117,-0.0005651491228491068,-0.022235283628106117,219.16465759277344,-0.002224623691290617,16.111106872558594,-0.0002662278129719198,-3.157688115607016e-05,1.1944911420869175e-05,-0.004322564695030451,-0.001806084532290697,-0.0005645948695018888,-0.00023377707111649215,-0.001806084532290697,-0.00030025714659132063,0.0,0.15256167948246002,1.0,1.0,1.0,1.0
19.0,220.97798978502956,-0.022736037150025368,-0.0002742231881711632,-0.0005786556866951287,-0.022736037150025368,-0.0005786556866951287,-0.022736037150025368,219.97021484375,-0.0027110991068184376,16.111108779907227,-0.0002742231881711632,-3.1674062483944e-05,1.1711663319147192e-05,-0.004452141001820564,-0.0018346176948398352,-0.0005766061367467046,-0.00024669134290888906,-0.0018346176948398352,-0.0003117394517175853,0.0,0.15256163477897644,1.0,1.0,1.0,1.0
19.05,221.78354476841486,-0.023248344659805298,-0.00028239114908501506,-0.00059256621170789,-0.023248344659805298,-0.00059256621170789,-0.023248344659805298,220.77577209472656,-0.003208705922588706,16.111108779907227,-0.00028239114908501506,-3.1773590308148414e-05,1.1466270734672435e-05,-0.004584597889333963,-0.0018637659959495068,-0.0005891189211979508,-0.0002519845438655466,-0.0018637659959495068,-0.00032334934803657234,0.0,0.15256157517433167,1.0,1.0,1.0,1.0
19.1,222.5890997649845,-0.023772545158863068,-0.00029073478071950376,-0.0006068894290365279,-0.023772545158863068,-0.0006068894290365279,-0.023772545158863068,221.58132934570312,-0.0037177754566073418,16.111108779907227,-0.00029073478071950376,-3.187570837326348e-05,1.1211320270376746e-05,-0.0047199297696352005,-0.0018935430562123656,-0.0006016962579451501,-0.0002505079028196633,-0.0018935430562123656,-0.00033508235355839133,0.0,0.15256153047084808,1.0,1.0,1.0,1.0
19.150000000000002,223.39465477355253,-0.024308986961841583,-0.00029925687704235315,-0.000621634244453162,-0.024308986961841583,-0.000621634244453162,-0.024308986961841583,222.3868865966797,-0.004238646011799574,16.11111068725586,-0.00029925687704235315,-3.1980449421098456e-05,1.0949401257676072e-05,-0.004858114290982485,-0.0019239456159994006,-0.0006141277262941003,-0.0002464980643708259,-0.0019239456159994006,-0.0003469410876277834,0.0,0.1525614708662033,1.0,1.0,1.0,1.0
19.2,224.200209792901,-0.0248580239713192,-0.00030795831116847694,-0.0006368095055222511,-0.0248580239713192,-0.0006368095055222511,-0.0248580239713192,223.1924285888672,-0.004771662410348654,16.11111068725586,-0.00030795831116847694,-3.208767157047987e-05,1.0682970241759904e-05,-0.004999129567295313,-0.001954964129254222,-0.000626319320872426,-0.00024103120085783303,-0.001954964129254222,-0.00035893532913178205,0.0,0.15256142616271973,1.0,1.0,1.0,1.0
19.25,225.00576482178047,-0.025420017540454865,-0.0003168376861140132,-0.000652424234431237,-0.025420017540454865,-0.000652424234431237,-0.025420017540454865,223.99798583984375,-0.005317178089171648,16.11111068725586,-0.0003168376861140132,-3.219717473257333e-05,1.0414101780042984e-05,-0.005142946727573872,-0.0019865843933075666,-0.0006382007268257439,-0.00023417719057761133,-0.0019865843933075666,-0.0003710819291882217,0.0,0.15256136655807495,1.0,1.0,1.0,1.0
19.3,225.81131985891057,-0.02599533647298813,-0.00032589188776910305,-0.0006684872205369174,-0.02599533647298813,-0.0006684872205369174,-0.02599533647298813,224.8035430908203,-0.005875552073121071,16.11111068725586,-0.00032589188776910305,-3.230876609450206e-05,1.014458030113019e-05,-0.005289523862302303,-0.0020187897607684135,-0.0006497192662209272,-0.00022658816305920482,-0.0020187897607684135,-0.0003833977098111063,0.0,0.15256130695343018,1.0,1.0,1.0,1.0
19.35,226.6168749029837,-0.026584357023239136,-0.0003351164632476866,-0.0006850071367807686,-0.026584357023239136,-0.0006850071367807686,-0.026584357023239136,225.60910034179688,-0.0064471508376300335,16.111112594604492,-0.0003351164632476866,-3.242228922317736e-05,9.876325748336967e-06,-0.0054388027638196945,-0.0020515609066933393,-0.0006608380936086178,-0.00021842541173100471,-0.0020515609066933393,-0.0003958515590056777,0.0,0.1525612622499466,1.0,1.0,1.0,1.0
19.400000000000002,227.4224299526693,-0.02718745730817318,-0.0003445060283411294,-0.0007019923068583012,-0.02718745730817318,-0.0007019923068583012,-0.02718745730817318,226.41465759277344,-0.007032347843050957,16.111112594604492,-0.0003445060283411294,-3.2537638617213815e-05,9.61041405389551e-06,-0.005590714514255524,-0.002084878506138921,-0.0006715959752909839,-0.0002119502314599231,-0.002084878506138921,-0.0004083935054950416,0.0,0.15256120264530182,1.0,1.0,1.0,1.0
19.45,228.2279850066175,-0.02780502662062645,-0.0003540550242178142,-0.0007194509380497038,-0.02780502662062645,-0.0007194509380497038,-0.02780502662062645,227.22021484375,-0.007631522603332996,16.111112594604492,-0.0003540550242178142,-3.2654774258844554e-05,9.347776540380437e-06,-0.005745185073465109,-0.002118724398314953,-0.0006819390109740198,-0.00020120455883443356,-0.002118724398314953,-0.00042098009726032615,0.0,0.15256114304065704,1.0,1.0,1.0,1.0
19.5,229.0335400634636,-0.028437457978725433,-0.0003637574554886669,-0.0007373907719738781,-0.028437457978725433,-0.0007373907719738781,-0.028437457978725433,228.02577209472656,-0.00824506115168333,16.111112594604492,-0.0003637574554886669,-3.277365249232389e-05,9.089039849641267e-06,-0.005902108736336231,-0.0021530729718506336,-0.0006917255814187229,-0.00019099778728559613,-0.0021530729718506336,-0.00043357431422919035,0.0,0.15256109833717346,1.0,1.0,1.0,1.0
19.55,229.8390951218306,-0.029085153713822365,-0.00037360648275353014,-0.0007558193174190819,-0.029085153713822365,-0.0007558193174190819,-0.029085153713822365,228.83132934570312,-0.008873355574905872,16.111114501953125,-0.00037360648275353014,-3.2894222385948524e-05,8.834827895043418e-06,-0.006061378866434097,-0.0021878990810364485,-0.0007010565605014563,-0.00018157760496251285,-0.0021878990810364485,-0.00044614545186050236,0.0,0.15256105363368988,1.0,1.0,1.0,1.0
19.6,230.64465018033235,-0.02974851429462433,-0.00038359430618584156,-0.0007747437921352684,-0.02974851429462433,-0.0007747437921352684,-0.02974851429462433,229.63687133789062,-0.009516805410385132,16.111114501953125,-0.00038359430618584156,-3.30164039041847e-05,8.58555176819209e-06,-0.006222798489034176,-0.0022231496404856443,-0.0007078099879436195,-6.475971167674288e-05,-0.0022231496404856443,-0.0004586686263792217,0.0,0.1525609940290451,1.0,1.0,1.0,1.0
19.650000000000002,231.45020523758066,-0.030427951365709305,-0.0003936958673875779,-0.0007941706571727991,-0.030427951365709305,-0.0007941706571727991,-0.030427951365709305,230.4424285888672,-0.010175812058150768,16.111114501953125,-0.0003936958673875779,-3.3139222068712115e-05,8.339894520759117e-06,-0.006385489832609892,-0.002258552936837077,-0.000707153812982142,7.678646215936169e-05,-0.002258552936837077,-0.0004711244546342641,0.0,0.15256094932556152,1.0,1.0,1.0,1.0
19.7,232.2557602922033,-0.031123872846364975,-0.00040384981548413634,-0.0008141041616909206,-0.031123872846364975,-0.0008141041616909206,-0.031123872846364975,231.24798583984375,-0.010850782506167889,16.111114501953125,-0.00040384981548413634,-3.3260646887356415e-05,8.096037163340952e-06,-0.006548432633280754,-0.0022937729954719543,-0.0007011217530816793,0.00015542410255875438,-0.0022937729954719543,-0.0004834971623495221,0.0,0.15256090462207794,1.0,1.0,1.0,1.0
19.75,233.06131534283878,-0.03183668106794357,-0.00041398275061510503,-0.0008345451205968857,-0.03183668106794357,-0.0008345451205968857,-0.03183668106794357,232.0535430908203,-0.011542124673724174,16.111116409301758,-0.00041398275061510503,-3.3379521482856944e-05,7.852890121284872e-06,-0.0067108687944710255,-0.0023286067880690098,-0.0006919970619492233,0.00020581326680257916,-0.0023286067880690098,-0.0004957725177519023,0.0,0.15256085991859436,1.0,1.0,1.0,1.0
19.8,233.86687038813326,-0.03256677836179733,-0.0004240318085066974,-0.0008554909145459533,-0.03256677836179733,-0.0008554909145459533,-0.03256677836179733,232.85910034179688,-0.012250242754817009,16.111116409301758,-0.0004240318085066974,-3.3495918614789844e-05,7.608593477925751e-06,-0.006872075144201517,-0.002362926723435521,-0.0006807154859416187,0.0002427810541121289,-0.002362926723435521,-0.0005079360562376678,0.0,0.15256081521511078,1.0,1.0,1.0,1.0
19.85,234.67242542675825,-0.033314552158117294,-0.000433949549915269,-0.0008769361302256584,-0.033314552158117294,-0.0008769361302256584,-0.033314552158117294,233.66465759277344,-0.01297554187476635,16.111116409301758,-0.000433949549915269,-3.361047129146755e-05,7.361904863500968e-06,-0.007031373213976622,-0.002396640134975314,-0.0006678634090349078,0.0002692023408599198,-0.002396640134975314,-0.0005199711304157972,0.0,0.1525607705116272,1.0,1.0,1.0,1.0
19.900000000000002,235.47798045742937,-0.0340803898870945,-0.00044370233081281185,-0.0008988733170554042,-0.0340803898870945,-0.0008988733170554042,-0.0340803898870945,234.47021484375,-0.013718417845666409,16.111116409301758,-0.00044370233081281185,-3.3723856176948175e-05,7.1127387855085544e-06,-0.007188186980783939,-0.0024296813644468784,-0.0006539094028994441,0.00028742558788508177,-0.0024296813644468784,-0.0005318563780747354,0.0,0.15256072580814362,1.0,1.0,1.0,1.0
19.95,236.28353547891075,-0.034864671528339386,-0.00045326745021156967,-0.0009212935692630708,-0.034864671528339386,-0.0009212935692630708,-0.034864671528339386,235.27577209472656,-0.014479262754321098,16.111116409301758,-0.00045326745021156967,-3.3836535294540226e-05,6.861931069579441e-06,-0.007342062890529633,-0.0024620043113827705,-0.0006392057402990758,0.00029962652479298413,-0.0024620043113827705,-0.0005435453495010734,0.0,0.15256068110466003,1.0,1.0,1.0,1.0
20.0,237.08909049000866,-0.035667773336172104,-0.0004626302979886532,-0.0009441872243769467,-0.035667773336172104,-0.0009441872243769467,-0.035667773336172104,236.08132934570312,-0.015258463099598885,16.11111831665039,-0.0004626302979886532,-3.394865780137479e-05,6.610758191527566e-06,-0.007492667529731989,-0.0024935787077993155,-0.0006240091752260923,0.00030744302785024047,-0.0024935787077993155,-0.0005549570196308196,0.0,0.15256063640117645,1.0,1.0,1.0,1.0
20.05,237.89464548955917,-0.036490052938461304,-0.000471781735541299,-0.0009675438050180674,-0.036490052938461304,-0.0009675438050180674,-0.036490052938461304,236.88687133789062,-0.016056392341852188,16.11111831665039,-0.000471781735541299,-3.40600818162784e-05,6.360605311783729e-06,-0.007639774587005377,-0.0025243849959224463,-0.0006085073109716177,0.00031210368615575135,-0.0025243849959224463,-0.0005660004098899662,0.0,0.15256059169769287,1.0,1.0,1.0,1.0
20.1,238.7002004764136,-0.03733186796307564,-0.00048071626224555075,-0.0009913527173921466,-0.03733186796307564,-0.0009913527173921466,-0.03733186796307564,237.6924285888672,-0.016873421147465706,16.11111831665039,-0.00048071626224555075,-3.417046173126437e-05,6.112756636866834e-06,-0.0077832480892539024,-0.002554411068558693,-0.0005928327445872128,0.0003145132213830948,-0.002554411068558693,-0.0005765759269706905,0.0,0.1525605469942093,1.0,1.0,1.0,1.0
20.150000000000002,239.50575544942447,-0.03819356486201286,-0.0004894305602647364,-0.0010156029602512717,-0.03819356486201286,-0.0010156029602512717,-0.03819356486201286,238.49798583984375,-0.01770990714430809,16.11111831665039,-0.0004894305602647364,-3.427934643696062e-05,5.868263997399481e-06,-0.007923020049929619,-0.002583651104941964,-0.0005770818097516894,0.0003152710560243577,-0.002583651104941964,-0.0005865750717930496,0.0,0.1525605022907257,1.0,1.0,1.0,1.0
20.2,240.31131040743554,-0.03907548263669014,-0.0004979224759154022,-0.0010402834741398692,-0.03907548263669014,-0.0010402834741398692,-0.03907548263669014,239.3035430908203,-0.018566198647022247,16.11111831665039,-0.0004979224759154022,-3.4386270272079855e-05,5.627821792586474e-06,-0.00805904995650053,-0.0026120964903384447,-0.0005605545011349022,0.00038095054333098233,-0.0026120964903384447,-0.0005958800902590156,0.0,0.15256045758724213,1.0,1.0,1.0,1.0
20.25,241.11686534927733,-0.039977945387363434,-0.0005061803385615349,-0.0010653829667717218,-0.039977945387363434,-0.0010653829667717218,-0.039977945387363434,240.10910034179688,-0.019442636519670486,16.11111831665039,-0.0005061803385615349,-3.449025462032296e-05,5.39074653715943e-06,-0.008190713822841644,-0.0026395434979349375,-0.0005360097857192159,0.0005931528867222369,-0.0026395434979349375,-0.0006043639732524753,0.0,0.15256042778491974,1.0,1.0,1.0,1.0
20.3,241.92242027378597,-0.04090127348899841,-0.000514145300257951,-0.0010908885160461068,-0.04090127348899841,-0.0010908885160461068,-0.04090127348899841,240.91465759277344,-0.020339548587799072,16.11111831665039,-0.000514145300257951,-3.458845822024159e-05,5.15375040777144e-06,-0.008316627703607082,-0.0026655197143554688,-0.0005026389262638986,0.0007235571392811835,-0.0026655197143554688,-0.0006118887686170638,0.0,0.15256038308143616,1.0,1.0,1.0,1.0
20.35,242.727975179813,-0.04184575751423836,-0.0005217230063863099,-0.0011167832417413592,-0.04184575751423836,-0.0011167832417413592,-0.04184575751423836,241.72021484375,-0.021257251501083374,16.111120223999023,-0.0005217230063863099,-3.4678356314543635e-05,4.915412318950985e-06,-0.008435786701738834,-0.0026896947529166937,-0.00046456066775135696,0.0007924273377284408,-0.0026896947529166937,-0.0006183034274727106,0.0,0.15256033837795258,1.0,1.0,1.0,1.0
20.400000000000002,243.5335300662162,-0.042811665683984756,-0.0005288247484713793,-0.0011430454906076193,-0.042811665683984756,-0.0011430454906076193,-0.042811665683984756,242.52577209472656,-0.02219604142010212,16.111120223999023,-0.0005288247484713793,-3.475940684438683e-05,4.673763214668725e-06,-0.008547343313694,-0.0027118909638375044,-0.0004237332905177027,0.0008366796537302434,-0.0027118909638375044,-0.0006234411266632378,0.0,0.152560293674469,1.0,1.0,1.0,1.0
20.45,244.33908493188105,-0.043799251317977905,-0.0005353837041184306,-0.0011696498841047287,-0.043799251317977905,-0.0011696498841047287,-0.043799251317977905,243.33131408691406,-0.023156195878982544,16.111120223999023,-0.0005353837041184306,-3.4832402889151126e-05,4.425603037816472e-06,-0.008650476112961769,-0.0027319970540702343,-0.00038113928167149425,0.000863963330630213,-0.0027319970540702343,-0.0006271172314882278,0.0,0.1525602489709854,1.0,1.0,1.0,1.0
20.5,245.14463977575488,-0.044808730483055115,-0.0005413545877672732,-0.001196567784063518,-0.044808730483055115,-0.001196567784063518,-0.044808730483055115,244.13687133789062,-0.02413797378540039,16.111120223999023,-0.0005413545877672732,-3.489852315397002e-05,4.169288786215475e-06,-0.008744481950998306,-0.00274994526989758,-0.00033754503238014877,0.0008775520254857838,-0.00274994526989758,-0.000629127083811909,0.0,0.15256020426750183,1.0,1.0,1.0,1.0
20.55,245.95019459686674,-0.0458403080701828,-0.0005467102164402604,-0.0012237693881615996,-0.0458403080701828,-0.0012237693881615996,-0.0458403080701828,244.9424285888672,-0.025141609832644463,16.111120223999023,-0.0005467102164402604,-3.495878627290949e-05,3.9048991311574355e-06,-0.008828828111290932,-0.002765701152384281,-0.0002935481024906039,0.0008807481499388814,-0.002765701152384281,-0.0006292949547059834,0.0,0.15256015956401825,1.0,1.0,1.0,1.0
20.6,246.7557493943268,-0.04689415544271469,-0.000551437318790704,-0.0012512232642620802,-0.04689415544271469,-0.0012512232642620802,-0.04689415544271469,245.74798583984375,-0.026167312636971474,16.111120223999023,-0.000551437318790704,-3.501381434034556e-05,3.633679398262757e-06,-0.008903160691261292,-0.002779256785288453,-0.0002495967783033848,0.000876374717336148,-0.002779256785288453,-0.0006276548956520855,0.0,0.15256011486053467,1.0,1.0,1.0,1.0
20.650000000000002,247.56130416731497,-0.04797042906284332,-0.0005555322277359664,-0.0012788980966433883,-0.04797042906284332,-0.0012788980966433883,-0.04797042906284332,246.5535430908203,-0.027215272188186646,16.111120223999023,-0.0005555322277359664,-3.506378561723977e-05,3.3573678592802025e-06,-0.008967289701104164,-0.0027906231116503477,-0.00020600033167283982,0.000866962771397084,-0.0027906231116503477,-0.0006242825766094029,0.0,0.1525600552558899,1.0,1.0,1.0,1.0
20.7,248.366858915063,-0.049069251865148544,-0.0005589980282820761,-0.001306762220337987,-0.049069251865148544,-0.001306762220337987,-0.049069251865148544,247.35910034179688,-0.028285644948482513,16.111120223999023,-0.0005589980282820761,-3.510849637677893e-05,3.078118879784597e-06,-0.009021170437335968,-0.0027998231817036867,-0.00016297571710310876,0.0008537343819625676,-0.0027998231817036867,-0.0006192282307893038,0.0,0.1525600105524063,1.0,1.0,1.0,1.0
20.75,249.17241363683652,-0.05019072815775871,-0.0005618417053483427,-0.0013347844360396266,-0.05019072815775871,-0.0013347844360396266,-0.05019072815775871,248.16465759277344,-0.02937856689095497,16.111120223999023,-0.0005618417053483427,-3.514752461342141e-05,2.797505430862657e-06,-0.009064866229891777,-0.0028068895917385817,-0.00012060251901857555,0.000847571820486337,-0.0028068895917385817,-0.0006125165382400155,0.0,0.15255995094776154,1.0,1.0,1.0,1.0
20.8,249.97796833191902,-0.051334936171770096,-0.0005640711169689894,-0.0013629336608573794,-0.051334936171770096,-0.0013629336608573794,-0.051334936171770096,248.97021484375,-0.030494149774312973,16.111122131347656,-0.0005640711169689894,-3.518027006066404e-05,2.517180519134854e-06,-0.00909842737019062,-0.0028118297923356295,-7.789761002641171e-05,0.000854556739795953,-0.0028118297923356295,-0.0006041466258466244,0.0,0.15255989134311676,1.0,1.0,1.0,1.0
20.85,250.78352299960528,-0.05250193178653717,-0.000565685739275068,-0.0013911793939769268,-0.05250193178653717,-0.0013911793939769268,-0.05250193178653717,249.7757568359375,-0.031632471829652786,16.111122131347656,-0.000565685739275068,-3.520573227433488e-05,2.237273065475165e-06,-0.009121568873524666,-0.0028145238757133484,-2.7752326786867343e-05,0.0012074256082996726,-0.0028145238757133484,-0.0005940921837463975,0.0,0.15255984663963318,1.0,1.0,1.0,1.0
20.900000000000002,251.58907763921957,-0.05369173362851143,-0.0005666249780915678,-0.0014194897376000881,-0.05369173362851143,-0.0014194897376000881,-0.05369173362851143,250.58131408691406,-0.032793596386909485,16.111122131347656,-0.0005666249780915678,-3.522018596413545e-05,1.953310402313946e-06,-0.009131965227425098,-0.0028141881339251995,4.279287895769812e-05,0.0015716368798166513,-0.0028141881339251995,-0.0005823005922138691,0.0,0.1525597870349884,1.0,1.0,1.0,1.0
20.95,252.39463225017033,-0.05490432679653168,-0.0005667225341312587,-0.001447827322408557,-0.05490432679653168,-0.001447827322408557,-0.05490432679653168,251.38687133789062,-0.03397754579782486,16.111122131347656,-0.0005667225341312587,-3.52174902218394e-05,1.6610993043286726e-06,-0.009127151221036911,-0.0028099503833800554,0.00012654022430069745,0.0017542768036946654,-0.0028099503833800554,-0.0005686886142939329,0.0,0.15255972743034363,1.0,1.0,1.0,1.0
21.0,253.20018683199172,-0.05613964423537254,-0.0005657863221131265,-0.001476145233027637,-0.05613964423537254,-0.001476145233027637,-0.05613964423537254,252.1924285888672,-0.03518430516123772,16.111122131347656,-0.0005657863221131265,-3.5194691008655354e-05,1.3336531310415012e-06,-0.009105341508984566,-0.0028013349510729313,0.00021712582383770496,0.0018586846999824047,-0.0028013349510729313,-0.0005531375063583255,0.0,0.15255966782569885,1.0,1.0,1.0,1.0
21.05,254.00574138511647,-0.05739756301045418,-0.0005636606365442276,-0.0015043877065181732,-0.05739756301045418,-0.0015043877065181732,-0.05739756301045418,252.99798583984375,-0.03641382232308388,16.111122131347656,-0.0005636606365442276,-3.515211938065477e-05,9.122941833084042e-07,-0.00906468741595745,-0.00278807757422328,0.0003117918677162379,0.0019207607256248593,-0.00278807757422328,-0.0005354885943233967,0.0,0.15255959331989288,1.0,1.0,1.0,1.0
21.1,254.81129591148581,-0.058677900582551956,-0.000560237152967602,-0.0015324923442676663,-0.058677900582551956,-0.0015324923442676663,-0.058677900582551956,253.8035430908203,-0.037665992975234985,16.111122131347656,-0.000560237152967602,-3.5092452890239656e-05,4.678696825521911e-07,-0.009004300460219383,-0.002770025050267577,0.000408589985454455,0.0019492824794724584,-0.002770025050267577,-0.0005155382677912712,0.0,0.1525595337152481,1.0,1.0,1.0,1.0
21.150000000000002,255.61685041256007,-0.05998043715953827,-0.0005554464878514409,-0.0015603926731273532,-0.05998043715953827,-0.0015603926731273532,-0.05998043715953827,254.60910034179688,-0.0389406718313694,16.111122131347656,-0.0005554464878514409,-3.501907121972181e-05,1.026712084239989e-07,-0.008922692388296127,-0.0027471003122627735,0.0005065755103714764,0.0019645853899419308,-0.0027471003122627735,-0.0004930481663905084,0.0,0.15255945920944214,1.0,1.0,1.0,1.0
21.2,256.4224048884472,-0.061304882168769836,-0.0005492547643370926,-0.001588019193150103,-0.061304882168769836,-0.001588019193150103,-0.061304882168769836,255.41465759277344,-0.04023764654994011,16.111122131347656,-0.0005492547643370926,-3.493381154839881e-05,-2.4058857661657385e-07,-0.00881883129477501,-0.0027192700654268265,0.0006045597256161273,0.0019517656182870269,-0.0027192700654268265,-0.0004679817648138851,0.0,0.15255936980247498,1.0,1.0,1.0,1.0
21.25,257.22795933868747,-0.0626508966088295,-0.0005416530766524374,-0.0016153014730662107,-0.0626508966088295,-0.0016153014730662107,-0.0626508966088295,256.22021484375,-0.04155666008591652,16.111122131347656,-0.0005416530766524374,-3.4837208659155294e-05,-5.934172691013373e-07,-0.008692240342497826,-0.0026865596882998943,0.0007018765318207443,0.0019459547474980354,-0.0026865596882998943,-0.0004404741630423814,0.0,0.1525592803955078,1.0,1.0,1.0,1.0
21.3,258.0335137627853,-0.06401810050010681,-0.0005326465470716357,-0.0016421693144366145,-0.06401810050010681,-0.0016421693144366145,-0.06401810050010681,257.0257568359375,-0.04289739578962326,16.111122131347656,-0.0005326465470716357,-3.472876051091589e-05,-9.70137421063555e-07,-0.008542691357433796,-0.0026489882729947567,0.0007988120196387172,0.0019186038989573717,-0.0026489882729947567,-0.00041061200317926705,0.0,0.15255919098854065,1.0,1.0,1.0,1.0
21.35,258.83906816047056,-0.06540603935718536,-0.0005222460022196174,-0.0016685526352375746,-0.06540603935718536,-0.0016685526352375746,-0.06540603935718536,257.8313293457031,-0.04425947740674019,16.111122131347656,-0.0005222460022196174,-3.460737207205966e-05,-1.3738766710957862e-06,-0.00837036408483982,-0.002606634283438325,0.0008926469017751515,0.0018152296543121338,-0.002606634283438325,-0.00037842459278181195,0.0,0.1525591015815735,1.0,1.0,1.0,1.0
21.400000000000002,259.6446225317758,-0.06681422144174576,-0.0005104817682877183,-0.0016943822847679257,-0.06681422144174576,-0.0016943822847679257,-0.06681422144174576,258.6368713378906,-0.04564248025417328,16.111122131347656,-0.0005104817682877183,-3.447261042310856e-05,-1.799685378500726e-06,-0.008176143281161785,-0.0025597698986530304,0.0009787732269614935,0.001645342679694295,-0.0025597698986530304,-0.0003438842832110822,0.0,0.15255899727344513,1.0,1.0,1.0,1.0
21.45,260.45017687698675,-0.06824208050966263,-0.0004974192124791443,-0.0017195915570482612,-0.06824208050966263,-0.0017195915570482612,-0.06824208050966263,259.4424133300781,-0.04704591631889343,16.111122131347656,-0.0004974192124791443,-3.432518496992998e-05,-2.2384747353498824e-06,-0.007961113937199116,-0.002508712699636817,0.0010654113721102476,0.0020712725818157196,-0.002508712699636817,-0.00030690827406942844,0.0,0.15255887806415558,1.0,1.0,1.0,1.0
21.5,261.25573119659947,-0.06968903541564941,-0.0004830584512092173,-0.0017441165400668979,-0.06968903541564941,-0.0017441165400668979,-0.06968903541564941,260.24798583984375,-0.04846924915909767,16.111122131347656,-0.0004830584512092173,-3.416091567487456e-05,-2.696713181649102e-06,-0.007721721660345793,-0.0024522438179701567,0.00120263802818954,0.0035661652218550444,-0.0024522438179701567,-0.00026736001018434763,0.0,0.15255877375602722,1.0,1.0,1.0,1.0
21.55,262.06128549162395,-0.0711544007062912,-0.00046703891712240875,-0.0017678852891549468,-0.0711544007062912,-0.0017678852891549468,-0.0711544007062912,261.05352783203125,-0.049911871552467346,16.111122131347656,-0.00046703891712240875,-3.396028114366345e-05,-3.215205651940778e-06,-0.007446905132383108,-0.0023865054827183485,0.0014422774547711015,0.0059696524403989315,-0.0023865054827183485,-0.00022504189109895378,0.0,0.15255865454673767,1.0,1.0,1.0,1.0
21.6,262.8668397643303,-0.07263734936714172,-0.00044843251816928387,-0.001790794893167913,-0.07263734936714172,-0.001790794893167913,-0.07263734936714172,261.8591003417969,-0.05137309804558754,16.111122131347656,-0.00044843251816928387,-3.3690004784148186e-05,-3.859845037368359e-06,-0.0071185980923473835,-0.0023054303601384163,0.0018195367883890867,0.0091010807082057,-0.0023054303601384163,-0.00017967332678381354,0.0,0.15255853533744812,1.0,1.0,1.0,1.0
21.650000000000002,263.6723940191145,-0.07413681596517563,-0.0004257312975823879,-0.0018126812065020204,-0.07413681596517563,-0.0018126812065020204,-0.07413681596517563,262.6646423339844,-0.052852094173431396,16.111120223999023,-0.0004257312975823879,-3.331237530801445e-05,-4.701565558207221e-06,-0.006712312810122967,-0.0022014675196260214,0.002356313169002533,0.012380254454910755,-0.0022014675196260214,-0.00013085341197438538,0.0,0.15255838632583618,1.0,1.0,1.0,1.0
21.7,264.4779482631348,-0.07565141469240189,-0.00039696329622529447,-0.0018332927720621228,-0.07565141469240189,-0.0018332927720621228,-0.07565141469240189,263.4701843261719,-0.05434783548116684,16.111120223999023,-0.00039696329622529447,-3.279382144683041e-05,-5.803225576528348e-06,-0.0061985040083527565,-0.0020663884934037924,0.0030590223614126444,0.015696054324507713,-0.0020663884934037924,-7.800776074873284e-05,0.0,0.15255820751190186,1.0,1.0,1.0,1.0
21.75,265.28350250655393,-0.07717936486005783,-0.00035989185562357306,-0.0018522720783948898,-0.07717936486005783,-0.0018522720783948898,-0.07717936486005783,264.2757568359375,-0.0558590292930603,16.111120223999023,-0.00035989185562357306,-3.211112561984919e-05,-7.212810032797279e-06,-0.005544888321310282,-0.0018921680748462677,0.003915739245712757,0.018510213121771812,-0.0018921680748462677,-2.0321413103374653e-05,0.0,0.15255799889564514,1.0,1.0,1.0,1.0
21.8,266.08905676236367,-0.07871835678815842,-0.00031223701080307364,-0.001869147876277566,-0.07871835678815842,-0.001869147876277566,-0.07871835678815842,265.081298828125,-0.057384029030799866,16.111120223999023,-0.00031223701080307364,-3.125326838926412e-05,-8.96309211384505e-06,-0.004718105308711529,-0.001671405858360231,0.0049198647029697895,0.021457163617014885,-0.001671405858360231,4.307604467612691e-05,0.0,0.15255771577358246,1.0,1.0,1.0,1.0
21.85,266.8946110459541,-0.08026556670665741,-0.000251790857873857,-0.0018833365757018328,-0.08026556670665741,-0.0018833365757018328,-0.08026556670665741,265.8868713378906,-0.05892075225710869,16.111120223999023,-0.000251790857873857,-3.02156840916723e-05,-1.1086545782745816e-05,-0.0036831595934927464,-0.0013968684943392873,0.006067855283617973,0.02495793253183365,-0.0013968684943392873,0.00011273910058662295,0.0,0.152557373046875,1.0,1.0,1.0,1.0
21.900000000000002,267.7001653747434,-0.08181747794151306,-0.00017635806580074131,-0.0018941452726721764,-0.08181747794151306,-0.0018941452726721764,-0.08181747794151306,266.6924133300781,-0.06046660244464874,16.11111831665039,-0.00017635806580074131,-2.8989161364734173e-05,-1.3634209608426318e-05,-0.0024004208389669657,-0.0010600106325000525,0.007414152380079031,0.028764542192220688,-0.0010600106325000525,0.00018959064618684351,0.0,0.15255692601203918,1.0,1.0,1.0,1.0
21.95,268.50571976826103,-0.08336987346410751,-8.347997936652973e-05,-0.001900765928439796,-0.08336987346410751,-0.001900765928439796,-0.08336987346410751,267.49798583984375,-0.06201834976673126,16.11111831665039,-8.347997936652973e-05,-2.7546382625587285e-05,-1.6697966202627867e-05,-0.0008247466757893562,-0.0006503791082650423,0.00897566694766283,0.03330677002668381,-0.0006503791082650423,0.0002751412976067513,0.0,0.1525564044713974,1.0,1.0,1.0,1.0
22.0,269.3112742486421,-0.08491761237382889,2.9636679755640216e-05,-0.0019022590713575482,-0.08491761237382889,-0.0019022590713575482,-0.08491761237382889,268.30352783203125,-0.06357204914093018,16.111116409301758,2.9636679755640216e-05,-2.5848512450465932e-05,-2.0381437934702262e-05,0.001091407728381455,-0.00015665043611079454,0.010785676538944244,0.038480039685964584,-0.00015665043611079454,0.00037159741623327136,0.0,0.15255574882030487,1.0,1.0,1.0,1.0
22.05,270.11682884116675,-0.08645454794168472,0.00016621036047581583,-0.0018975363345816731,-0.08645454794168472,-0.0018975363345816731,-0.08645454794168472,269.10906982421875,-0.06512288749217987,16.111116409301758,0.00016621036047581583,-2.3844437237130478e-05,-2.4825585569487885e-05,0.0034050075337290764,0.00043504900531843305,0.012889312580227852,0.045690033584833145,0.00043504900531843305,0.0004819771274924278,0.0,0.1525549739599228,1.0,1.0,1.0,1.0
22.1,270.92238357484666,-0.08797333389520645,0.00032994840876199305,-0.0018853354267776012,-0.08797333389520645,-0.0018853354267776012,-0.08797333389520645,269.9146423339844,-0.06666505336761475,16.111114501953125,0.00032994840876199305,-2.1476051188074052e-05,-3.0158938898239285e-05,0.006174805574119091,0.0011390203144401312,0.015256292186677456,0.04899584501981735,0.0011390203144401312,0.0006102440529502928,0.0,0.15255405008792877,1.0,1.0,1.0,1.0
22.150000000000002,271.72793848240434,-0.08946526795625687,0.000524685310665518,-0.0018642038339748979,-0.08946526795625687,-0.0018642038339748979,-0.08946526795625687,270.7201843261719,-0.06819161027669907,16.111112594604492,0.000524685310665518,-1.8699309293879196e-05,-3.648829078883864e-05,0.009455190040171146,0.0019674450159072876,0.01786966063082218,0.055438004434108734,0.0019674450159072876,0.0007614474161528051,0.0,0.15255296230316162,1.0,1.0,1.0,1.0
22.2,272.5334935995788,-0.09092015773057938,0.0007541675586253405,-0.001832499518059194,-0.09092015773057938,-0.001832499518059194,-0.09092015773057938,271.5257568359375,-0.06969433277845383,16.11111068725586,0.0007541675586253405,-1.549033186165616e-05,-4.407504093251191e-05,0.013303603045642376,0.0029323857743293047,0.02072344906628132,0.058816902339458466,0.0029323857743293047,0.0009418595000170171,0.0,0.15255171060562134,1.0,1.0,1.0,1.0
22.25,273.3390489637101,-0.09232620894908905,0.0010221193078905344,-0.0017883952241390944,-0.09232620894908905,-0.0017883952241390944,-0.09232620894908905,272.331298828125,-0.07116357237100601,16.111108779907227,0.0010221193078905344,-1.1815889592980966e-05,-5.333613808033988e-05,0.017791135236620903,0.004049475304782391,0.023987628519535065,0.07138307392597198,0.004049475304782391,0.0011591201182454824,0.0,0.15255026519298553,1.0,1.0,1.0,1.0
22.3,274.14460461326917,-0.09366977959871292,0.0013332376256585121,-0.0017298575257882476,-0.09366977959871292,-0.0017298575257882476,-0.09366977959871292,273.1368408203125,-0.07258809357881546,16.11110496520996,0.0013332376256585121,-7.5895995905739255e-06,-6.424618914024904e-05,0.023002272471785545,0.005339725408703089,0.027387792244553566,0.049843207001686096,0.005339725408703089,0.0014224150218069553,0.0,0.1525486260652542,1.0,1.0,1.0,1.0
22.35,274.9501605865227,-0.09493526816368103,0.001689346507191658,-0.0016546447295695543,-0.09493526816368103,-0.0016546447295695543,-0.09493526816368103,273.9424133300781,-0.07395487278699875,16.111103057861328,0.001689346507191658,-2.9290142720128642e-06,-7.647192251170054e-05,0.028792668133974075,0.006749177351593971,0.027653271332383156,-0.12652921676635742,0.006749177351593971,0.0017426306148990989,0.0,0.15254680812358856,1.0,1.0,1.0,1.0
22.400000000000002,275.75571689592664,-0.09610726684331894,0.0020568720065057278,-0.0015610050177201629,-0.09610726684331894,-0.0015610050177201629,-0.09610726684331894,274.7479553222656,-0.0752498134970665,16.11109733581543,0.0020568720065057278,2.5325971364509314e-07,-8.373991295229644e-05,0.03342651575803757,0.007705163676291704,0.0067688776180148125,-0.6219875812530518,0.007705163676291704,0.0021316928323358297,0.0,0.1525450050830841,1.0,1.0,1.0,1.0
22.45,276.5612734108594,-0.09718199074268341,0.0022939485497772694,-0.001451472518965602,-0.09718199074268341,-0.001451472518965602,-0.09718199074268341,275.55352783203125,-0.07646217942237854,16.111093521118164,0.0022939485497772694,-3.755468924282468e-06,-6.79262520861812e-05,0.034581948071718216,0.007404917385429144,-0.013196645304560661,-0.05430371314287186,0.007404917385429144,0.0025973725132644176,0.0,0.152544304728508,1.0,1.0,1.0,1.0
22.5,277.3668298156788,-0.09817200154066086,0.0023281187750399113,-0.0013352687237784266,-0.09817200154066086,-0.0013352687237784266,-0.09817200154066086,276.35906982421875,-0.0775885283946991,16.11109161376953,0.0023281187750399113,-1.2346188668743707e-05,-4.6691668103449047e-05,0.03525814786553383,0.006862211972475052,-0.006351773627102375,0.233827605843544,0.006862211972475052,0.0031388283241540194,0.0,0.15254464745521545,1.0,1.0,1.0,1.0
22.55,278.1723858869164,-0.0990835577249527,0.0022768413182348013,-0.001220053294673562,-0.0990835577249527,-0.001220053294673562,-0.0990835577249527,277.16461181640625,-0.0786268562078476,16.1110897064209,0.0022768413182348013,-1.636661181692034e-05,-4.0736405935604125e-05,0.03653765097260475,0.006805300712585449,0.0032302592881023884,0.13532593846321106,0.006805300712585449,0.003749893745407462,0.0,0.15254566073417664,1.0,1.0,1.0,1.0
22.6,278.9779416628581,-0.0999109148979187,0.0022519605699926615,-0.001107066753320396,-0.0999109148979187,-0.001107066753320396,-0.0999109148979187,277.9701843261719,-0.079573854804039,16.111087799072266,0.0022519605699926615,-1.3771588783129118e-05,-4.7333156544482335e-05,0.037934448570013046,0.0071322983130812645,0.009622504934668541,0.1255003809928894,0.0071322983130812645,0.004420297686010599,0.0,0.15254667401313782,1.0,1.0,1.0,1.0
22.650000000000002,279.78349734264964,-0.10064414888620377,0.002302488312125206,-0.0009936008136719465,-0.10064414888620377,-0.0009936008136719465,-0.10064414888620377,278.7757263183594,-0.08042579889297485,16.111083984375,0.002302488312125206,-6.754273272235878e-06,-5.951368802925572e-05,0.039782457053661346,0.007784396409988403,0.016399545595049858,0.11145269870758057,0.007784396409988403,0.005135194398462772,0.0,0.152547225356102,1.0,1.0,1.0,1.0
22.7,280.58905318378874,-0.10126683861017227,0.0025281114503741264,-0.000873990764375776,-0.10126683861017227,-0.000873990764375776,-0.10126683861017227,279.5812683105469,-0.0811762884259224,16.111080169677734,0.0025281114503741264,6.8553049459296744e-06,-8.700739999767393e-05,0.0450098030269146,0.008494825102388859,0.01196689810603857,0.15561543405056,0.009597866795957088,0.005877963732928038,0.0,0.1525469720363617,1.0,1.0,1.0,1.0
22.75,281.39460944951367,-0.10175460577011108,0.0028637212235480547,-0.0007395821739919484,-0.10175460577011108,-0.0007395821739919484,-0.10175460577011108,280.3868408203125,-0.08181383460760117,16.11107635498047,0.0028637212235480547,1.7463489712099545e-05,-9.977453737519681e-05,0.048798613250255585,0.009322325699031353,0.022216569632291794,0.2528689503669739,0.01084104459732771,0.0066324155777692795,0.0,0.15254603326320648,1.0,1.0,1.0,1.0
22.8,282.2001661783869,-0.10209675133228302,0.00324675883166492,-0.000587400165386498,-0.10209675133228302,-0.000587400165386498,-0.10209675133228302,281.1923828125,-0.08232905715703964,16.11107063293457,0.00324675883166492,2.428434709145222e-05,-0.00010157017095480114,0.05672065541148186,0.010868818499147892,0.03810688108205795,-0.3149006962776184,0.013178019784390926,0.007376784924417734,0.0,0.15254485607147217,1.0,1.0,1.0,1.0
22.85,283.00572356056597,-0.10224614292383194,0.004195240791887045,-0.00040565605740994215,-0.10224614292383194,-0.00040565605740994215,-0.10224614292383194,281.9979553222656,-0.08269699662923813,16.11106300354004,0.004195240791887045,5.7578559790272266e-05,-0.00024442202993668616,0.08349835872650146,0.011620661243796349,-0.012577642686665058,-0.9076969027519226,0.021137339994311333,0.00809666607528925,0.0,0.1525413691997528,1.0,1.0,1.0,1.0
22.900000000000002,283.81128234904156,-0.10207387059926987,0.0060049016028642654,-0.00015445711323991418,-0.10207387059926987,-0.00015445711323991418,-0.10207387059926987,282.8034973144531,-0.08285487443208694,16.111045837402344,0.0060049016028642654,0.00010898391337832436,-0.0004014419100712985,0.11228839308023453,0.011402805335819721,0.033726248890161514,2.7068772315979004,0.030341383069753647,0.008801642805337906,0.0,0.1525336354970932,1.0,1.0,1.0,1.0
22.95,284.61684300322133,-0.1014665961265564,0.008333963342010975,0.000201357965124771,-0.1014665961265564,0.000201357965124771,-0.1014665961265564,283.6090393066406,-0.08272993564605713,16.11102294921875,0.008333963342010975,0.00014857282803859562,-0.0005519730621017516,0.14460527896881104,0.016965746879577637,0.18098708987236023,2.3691251277923584,0.0395454466342926,0.009503950364887714,0.0,0.1525234431028366,1.0,1.0,1.0,1.0
23.0,285.4224051001612,-0.10033020377159119,0.010949722491204739,0.0006808623438701034,-0.10033020377159119,0.0006808623438701034,-0.10033020377159119,284.41461181640625,-0.08224128931760788,16.110994338989258,0.010949722491204739,0.00017388199921697378,-0.0007083638338372111,0.18519239127635956,0.02835480310022831,0.260608971118927,0.9988633990287781,0.04973749443888664,0.010218730196356773,0.0,0.15251323580741882,1.0,1.0,1.0,1.0
23.05,286.22796764493154,-0.09852311760187149,0.014490330591797829,0.0013077924959361553,-0.09852311760187149,0.0013077924959361553,-0.09852311760187149,285.22015380859375,-0.08127786964178085,16.110950469970703,0.014490330591797829,0.00023247834178619087,-0.001218969700857997,0.26173415780067444,0.040990669280290604,0.2197084128856659,-1.2650811672210693,0.07020328938961029,0.010980738326907158,0.0,0.15250229835510254,1.0,1.0,1.0,1.0
23.1,287.0335293712584,-0.095759816467762,0.019457204267382622,0.0021494808606803417,-0.095759816467762,0.0021494808606803417,-0.095759816467762,286.02569580078125,-0.07965797930955887,16.110877990722656,0.019457204267382622,0.00031998963095247746,-0.0018125451169908047,0.3406202495098114,0.05129483714699745,0.21262037754058838,1.0854476690292358,0.09189365059137344,0.011876102536916733,0.0,0.1524912565946579,1.0,1.0,1.0,1.0
23.150000000000002,287.83908767671335,-0.09178696572780609,0.025227000936865807,0.003261377103626728,-0.09178696572780609,0.003261377103626728,-0.09178696572780609,286.83123779296875,-0.07718271762132645,16.11077880859375,0.025227000936865807,0.0003907696809619665,-0.002467103535309434,0.42701730132102966,0.06433464586734772,0.32421720027923584,3.232677459716797,0.11358392983675003,0.013000850565731525,0.0,0.15248751640319824,1.0,1.0,1.0,1.0
23.2,288.64463773283376,-0.0863751694560051,0.03138459473848343,0.004672220442444086,-0.0863751694560051,0.004672220442444086,-0.0863751694560051,287.6367492675781,-0.07363726943731308,16.11064910888672,0.03138459473848343,0.000441463926108554,-0.0032704754266887903,0.5259391069412231,0.08549174666404724,0.5282354354858398,3.451639413833618,0.13782621920108795,0.014463569968938828,0.0,0.15249177813529968,1.0,1.0,1.0,1.0
23.25,289.4501718732308,-0.0791998952627182,0.039301399141550064,0.006424022372812033,-0.0791998952627182,0.006424022372812033,-0.0791998952627182,288.4422607421875,-0.06875376403331757,16.110454559326172,0.039301399141550064,0.0005624066689051688,-0.005283348727971315,0.6876477599143982,0.11293349415063858,0.5469968318939209,-0.5657570362091064,0.17899160087108612,0.01641211286187172,0.0,0.1525118499994278,1.0,1.0,1.0,1.0
23.3,290.2556776226456,-0.06969510763883591,0.04968090355396271,0.00863523781299591,-0.06969510763883591,0.00863523781299591,-0.06969510763883591,289.24774169921875,-0.06214643642306328,16.110157012939453,0.04968090355396271,0.0007326935883611441,-0.007700822316110134,0.8545766472816467,0.14058296382427216,0.5786597728729248,1.8428566455841064,0.22313345968723297,0.019084110856056213,0.0,0.1525580734014511,1.0,1.0,1.0,1.0
23.35,291.0611367151276,-0.05734245479106903,0.06153696030378342,0.011405344121158123,-0.05734245479106903,0.011405344121158123,-0.05734245479106903,290.0531921386719,-0.0533963143825531,16.1097469329834,0.06153696030378342,0.0008752407738938928,-0.01038328930735588,1.0327197313308716,0.17279142141342163,0.7207480072975159,3.5780398845672607,0.2672727704048157,0.02274090051651001,0.0,0.1526457965373993,1.0,1.0,1.0,1.0
23.400000000000002,291.86652347112397,-0.04167099669575691,0.0742047131061554,0.014789639040827751,-0.04167099669575691,0.014789639040827751,-0.04167099669575691,290.8586120605469,-0.042059384286403656,16.109210968017578,0.0742047131061554,0.0009752706973813474,-0.013504481874406338,1.228136658668518,0.2139027863740921,0.9198601245880127,3.6833057403564453,0.3132179081439972,0.027637658640742302,0.0,0.15279023349285126,1.0,1.0,1.0,1.0
23.45,292.67180231956587,-0.02215249091386795,0.088114894926548,0.018832102417945862,-0.02215249091386795,0.018832102417945862,-0.02215249091386795,291.6639099121094,-0.027640780434012413,16.108501434326172,0.088114894926548,0.0010884497314691544,-0.01819528080523014,1.4667317867279053,0.2631467580795288,1.0110456943511963,0.5127614140510559,0.37073129415512085,0.03390732407569885,0.0,0.15301169455051422,1.0,1.0,1.0,1.0
23.5,293.4769228451466,0.00190721545368433,0.10375199466943741,0.023615362122654915,0.00190721545368433,0.023615362122654915,0.00190721545368433,292.4691162109375,-0.009554002434015274,16.107559204101562,0.10375199466943741,0.0012172021670266986,-0.02358045056462288,1.7103753089904785,0.31428346037864685,1.034122347831726,0.45150327682495117,0.430337518453598,0.04155253618955612,0.0,0.15333837270736694,1.0,1.0,1.0,1.0
23.55,294.28182214555744,0.031167492270469666,0.1204320639371872,0.029208648949861526,0.031167492270469666,0.029208648949861526,0.031167492270469666,293.2741394042969,0.012811525724828243,16.10636329650879,0.1204320639371872,0.0013002909254282713,-0.02940698154270649,1.9616485834121704,0.3662671148777008,1.0315440893173218,-1.1405104398727417,0.4899274706840515,0.050422221422195435,0.0,0.1537923663854599,1.0,1.0,1.0,1.0
23.6,295.0864234672005,0.06625357270240784,0.1375129371881485,0.035648223012685776,0.06625357270240784,0.035648223012685776,0.06625357270240784,294.0789794921875,0.040080711245536804,16.10489273071289,0.1375129371881485,0.001327464240603149,-0.03527327999472618,2.2156951427459717,0.4143710434436798,0.8556628227233887,-5.556308269500732,0.5465709567070007,0.060258522629737854,0.0,0.1543959677219391,1.0,1.0,1.0,1.0
23.650000000000002,295.890644603316,0.1076350137591362,0.15214398503303528,0.042901113629341125,0.1076350137591362,0.042901113629341125,0.1076350137591362,294.8835144042969,0.07283752411603928,16.103281021118164,0.15214398503303528,0.001153607852756977,-0.03536618500947952,2.3645572662353516,0.45603346824645996,0.8387548327445984,0.1975388526916504,0.5694462060928345,0.07069627195596695,0.0,0.15513306856155396,1.0,1.0,1.0,1.0
23.7,296.69442221853575,0.15537455677986145,0.16265569627285004,0.050780296325683594,0.15537455677986145,0.050780296325683594,0.15537455677986145,295.6877136230469,0.11149141937494278,16.101655960083008,0.16265569627285004,0.0008378218044526875,-0.035414643585681915,2.521275281906128,0.4959496259689331,0.7090966105461121,-5.856585502624512,0.588611364364624,0.08118148148059845,0.0,0.15595299005508423,1.0,1.0,1.0,1.0
23.75,297.49768783989566,0.20965567231178284,0.17057190835475922,0.05911470204591751,0.20965567231178284,0.05911470204591751,0.20965567231178284,296.4914855957031,0.15642669796943665,16.099992752075195,0.17057190835475922,0.0005407088319770992,-0.0356605164706707,2.6639299392700195,0.5212860107421875,0.27018845081329346,-11.155329704284668,0.6077643632888794,0.09110607951879501,0.0,0.15685029327869415,1.0,1.0,1.0,1.0
23.8,298.3003665971303,0.27075883746147156,0.1769077479839325,0.06780651956796646,0.27075883746147156,0.06780651956796646,0.27075883746147156,297.2947998046875,0.20799726247787476,16.09830093383789,0.1769077479839325,0.00029752199770882726,-0.03402132913470268,2.762153148651123,0.5189142227172852,-0.3457556366920471,-8.920570373535156,0.6168866753578186,0.0998014286160469,0.0,0.15781599283218384,1.0,1.0,1.0,1.0
23.85,299.10240683394494,0.3387126922607422,0.17837810516357422,0.07672148197889328,0.3387126922607422,0.07672148197889328,0.3387126922607422,298.0975341796875,0.26641538739204407,16.096872329711914,0.17837810516357422,-9.94141519186087e-05,-0.02349896728992462,2.70639967918396,0.4938243627548218,-0.5402849316596985,0.40846094489097595,0.5768460035324097,0.10647143423557281,0.0,0.15874271094799042,1.0,1.0,1.0,1.0
23.900000000000002,299.90383247942003,0.41287702322006226,0.17234839498996735,0.08551880717277527,0.41287702322006226,0.08551880717277527,0.41287702322006226,298.89971923828125,0.3315650522708893,16.095945358276367,0.17234839498996735,-0.0006223625969141722,-0.013162389397621155,2.6229498386383057,0.46589142084121704,-0.6119760870933533,-3.844212055206299,0.5254762768745422,0.11008693277835846,0.0,0.1594831794500351,1.0,1.0,1.0,1.0
23.95,300.7046779111729,0.4927116632461548,0.16130739450454712,0.09388140588998795,0.4927116632461548,0.09388140588998795,0.4927116632461548,299.7012939453125,0.40322497487068176,16.09543228149414,0.16130739450454712,-0.001009542029350996,-0.0045837885700166225,2.5035698413848877,0.42790186405181885,-0.9412279725074768,-8.738740921020508,0.4741438031196594,0.10968882590532303,0.0,0.16007426381111145,1.0,1.0,1.0,1.0
24.0,301.50498207273,0.5778113603591919,0.14743903279304504,0.10161556303501129,0.5778113603591919,0.10161556303501129,0.5778113603591919,300.5022888183594,0.48110058903694153,16.095287322998047,0.14743903279304504,-0.0011875274358317256,0.002998753683641553,2.3471126556396484,0.36848753690719604,-1.4442048072814941,-11.072766304016113,0.42284607887268066,0.10464365780353546,0.0,0.16051603853702545,1.0,1.0,1.0,1.0
24.05,302.3048085136755,0.667595386505127,0.12911684811115265,0.1085682213306427,0.667595386505127,0.1085682213306427,0.667595386505127,301.3027038574219,0.5647464990615845,16.09564208984375,0.12911684811115265,-0.0013327401829883456,0.01492869108915329,2.0202341079711914,0.29140111804008484,-1.5392580032348633,1.0115628242492676,0.32771947979927063,0.09491533786058426,0.0,0.16074779629707336,1.0,1.0,1.0,1.0
24.1,303.1042946435993,0.760903000831604,0.10502921044826508,0.11445308476686478,0.760903000831604,0.11445308476686478,0.760903000831604,302.10260009765625,0.6534031629562378,16.09650993347168,0.10502921044826508,-0.0014492475893348455,0.02342073619365692,1.673514485359192,0.21524545550346375,-1.5272581577301025,-1.144844889640808,0.23180530965328217,0.08103498816490173,0.0,0.16076208651065826,1.0,1.0,1.0,1.0
24.150000000000002,303.90357258209826,0.8566617965698242,0.07743483781814575,0.11903837323188782,0.8566617965698242,0.11903837323188782,0.8566617965698242,302.902099609375,0.7462045550346375,16.097759246826172,0.07743483781814575,-0.0014011664316058159,0.02937936969101429,1.280967354774475,0.13606958091259003,-1.660307765007019,-3.6916842460632324,0.13591641187667847,0.06374526023864746,0.0,0.16069629788398743,1.0,1.0,1.0,1.0
24.2,304.70276567597574,0.9538453221321106,0.04825228452682495,0.12219936400651932,0.9538453221321106,0.12219936400651932,0.9538453221321106,303.7012939453125,0.8421822786331177,16.099266052246094,0.04825228452682495,-0.0012101511238142848,0.03242449462413788,0.8360251188278198,0.048059385269880295,-1.8570806980133057,-2.33341908454895,0.036614276468753815,0.043755415827035904,0.0,0.16050012409687042,1.0,1.0,1.0,1.0
24.25,305.5020069350985,1.0512906312942505,0.01721673086285591,0.12386218458414078,1.0512906312942505,0.12386218458414078,1.0512906312942505,304.50030517578125,0.9402212500572205,16.10089111328125,0.01721673086285591,-0.001048732316121459,0.03267041593790054,0.3029000461101532,-0.045166924595832825,-1.8328911066055298,2.208223819732666,-0.07989723235368729,0.021656256169080734,0.0,0.16022074222564697,1.0,1.0,1.0,1.0
24.3,306.3014508607032,1.147564172744751,-0.01589350961148739,0.12391757220029831,1.147564172744751,0.12391757220029831,1.147564172744751,305.2992858886719,1.0390136241912842,16.102441787719727,-0.01589350961148739,-0.000980998738668859,0.02834341488778591,-0.25479400157928467,-0.13495612144470215,-1.771414041519165,0.5353490710258484,-0.20029111206531525,-0.0021197013556957245,0.0,0.15995793044567108,1.0,1.0,1.0,1.0
24.35,307.101225288878,1.2412559986114502,-0.04978270083665848,0.12229368090629578,1.2412559986114502,0.12229368090629578,1.2412559986114502,306.09844970703125,1.1371768712997437,16.103740692138672,-0.04978270083665848,-0.000980445183813572,0.021151842549443245,-0.8227905631065369,-0.22416378557682037,-1.8116251230239868,-1.5958740711212158,-0.320734441280365,-0.02721136435866356,0.0,0.15983474254608154,1.0,1.0,1.0,1.0
24.400000000000002,307.90142935616166,1.3310166597366333,-0.08377289026975632,0.11897266656160355,1.3310166597366333,0.11897266656160355,1.3310166597366333,306.89788818359375,1.2333033084869385,16.10458755493164,-0.08377289026975632,-0.0010488060070201755,0.009234796278178692,-1.3959264755249023,-0.3175882399082184,-1.9246169328689575,-2.18088436126709,-0.4442983865737915,-0.05329032614827156,0.0,0.15987628698349,1.0,1.0,1.0,1.0
24.45,308.70214640670446,1.4154393672943115,-0.1193646714091301,0.11392640322446823,1.4154393672943115,0.11392640322446823,1.4154393672943115,307.6977844238281,1.3259469270706177,16.104698181152344,-0.1193646714091301,-0.0012580628972500563,-0.01048335712403059,-2.0234367847442627,-0.41395968198776245,-1.8816583156585693,1.6822607517242432,-0.5925978422164917,-0.08005399256944656,0.0,0.1602080911397934,1.0,1.0,1.0,1.0
24.5,309.5034459448583,1.4928559064865112,-0.15763038396835327,0.10702880471944809,1.4928559064865112,0.10702880471944809,1.4928559064865112,308.49822998046875,1.4135621786117554,16.103775024414062,-0.15763038396835327,-0.0015353740891441703,-0.03428393229842186,-2.6255691051483154,-0.5070664286613464,-1.8691504001617432,-1.5370198488235474,-0.7445755004882812,-0.10726229101419449,0.0,0.16104619204998016,1.0,1.0,1.0,1.0
24.55,310.30533495281105,1.5617344379425049,-0.19711215794086456,0.09818247705698013,1.5617344379425049,0.09818247705698013,1.5617344379425049,309.29925537109375,1.4946403503417969,16.101654052734375,-0.19711215794086456,-0.0016956515610218048,-0.06139888986945152,-3.204960823059082,-0.604266881942749,-2.043529987335205,-5.396526336669922,-0.896665096282959,-0.13462483882904053,0.0,0.16250067949295044,1.0,1.0,1.0,1.0
24.6,311.10775885755316,1.6206767559051514,-0.2367090880870819,0.08735600858926773,1.6206767559051514,0.08735600858926773,1.6206767559051514,310.1009216308594,1.5677293539047241,16.098175048828125,-0.2367090880870819,-0.0016458214959129691,-0.09148120880126953,-3.767547130584717,-0.7142050862312317,-2.3662195205688477,-7.318714141845703,-1.0505309104919434,-0.16178955137729645,0.0,0.164667546749115,1.0,1.0,1.0,1.0
24.650000000000002,311.9106034215658,1.6682802438735962,-0.27684828639030457,0.07454179972410202,1.6682802438735962,0.07454179972410202,1.6682802438735962,310.9031982421875,1.631400465965271,16.093059539794922,-0.27684828639030457,-0.00139200733974576,-0.12823176383972168,-4.348038196563721,-0.8440584540367126,-2.868915557861328,-10.970144271850586,-1.219354271888733,-0.18836340308189392,0.0,0.16768863797187805,1.0,1.0,1.0,1.0
24.7,312.7136806807746,1.703015923500061,-0.31800809502601624,0.0596943162381649,1.703015923500061,0.0596943162381649,1.703015923500061,311.7059326171875,1.6842031478881836,16.08601188659668,-0.31800809502601624,-0.0008890658500604331,-0.16747310757637024,-4.909774303436279,-0.9983914494514465,-3.2021238803863525,0.04391172155737877,-1.3901869058609009,-0.21394266188144684,0.0,0.1717594414949417,1.0,1.0,1.0,1.0
24.75,313.5167097702738,1.7234231233596802,-0.3598781228065491,0.04277060553431511,1.7234231233596802,0.04277060553431511,1.7234231233596802,312.5090026855469,1.7247202396392822,16.076828002929688,-0.3598781228065491,-4.081998122273944e-05,-0.2089054435491562,-5.456380844116211,-1.1501027345657349,-2.72238826751709,18.232080459594727,-1.561010718345642,-0.23806875944137573,0.0,0.17702452838420868,1.0,1.0,1.0,1.0
24.8,314.3193157912414,1.7281339168548584,-0.40171483159065247,0.02374548837542534,1.7281339168548584,0.02374548837542534,1.7281339168548584,313.3121032714844,1.7515761852264404,16.065336227416992,-0.40171483159065247,0.001230778289027512,-0.24276183545589447,-5.951737403869629,-1.25934636592865,-1.6706137657165527,17.993925094604492,-1.7099967002868652,-0.26022976636886597,0.0,0.18362952768802643,1.0,1.0,1.0,1.0
24.85,315.12107620296604,1.7162307500839233,-0.43722471594810486,0.0027410106267780066,1.7162307500839233,0.0027410106267780066,1.7162307500839233,314.1149597167969,1.763575553894043,16.05275535583496,-0.43722471594810486,0.0032515584025532007,-0.2290346622467041,-6.2329421043396,-1.324052333831787,-1.0764251947402954,5.731684684753418,-1.7490363121032715,-0.279773473739624,0.0,0.19121721386909485,1.0,1.0,1.0,1.0
24.900000000000002,315.9216608598856,1.6878297328948975,-0.4610494077205658,-0.019747169688344002,1.6878297328948975,-0.019747169688344002,1.6878297328948975,314.9172668457031,1.759979248046875,16.040504455566406,-0.4610494077205658,0.005936489440500736,-0.20846176147460938,-6.505838394165039,-1.369381308555603,-0.6921911239624023,11.602792739868164,-1.7639880180358887,-0.2956976294517517,0.0,0.1989680826663971,1.0,1.0,1.0,1.0
24.95,316.72076502348074,1.6428442001342773,-0.4762080907821655,-0.04320021718740463,1.6428442001342773,-0.04320021718740463,1.6428442001342773,315.7187194824219,1.7401399612426758,16.028301239013672,-0.4762080907821655,0.008725310675799847,-0.18928958475589752,-6.757553577423096,-1.3842498064041138,0.1656883805990219,21.802032470703125,-1.7789121866226196,-0.3069465756416321,0.0,0.20687735080718994,1.0,1.0,1.0,1.0
25.0,317.5180376397751,1.580863356590271,-0.4856407046318054,-0.06726035475730896,1.580863356590271,-0.06726035475730896,1.580863356590271,316.51898193359375,1.7034492492675781,16.01611328125,-0.4856407046318054,0.011378084309399128,-0.16840872168540955,-6.961991310119629,-1.3449147939682007,1.4434624910354614,29.027381896972656,-1.7933608293533325,-0.31243908405303955,0.0,0.21501481533050537,1.0,1.0,1.0,1.0
25.05,318.3131724139092,1.5017883777618408,-0.48553264141082764,-0.0916062593460083,1.5017883777618408,-0.0916062593460083,1.5017883777618408,317.31768798828125,1.6495213508605957,16.005895614624023,-0.48553264141082764,0.0141256432980299,-0.07306995242834091,-6.849462985992432,-1.2521880865097046,2.0318007469177246,2.74060320854187,-1.6404038667678833,-0.31093430519104004,0.0,0.22242844104766846,1.0,1.0,1.0,1.0
25.1,319.10617775553555,1.4068063497543335,-0.4705129861831665,-0.11557058990001678,1.4068063497543335,-0.11557058990001678,1.4068063497543335,318.1146545410156,1.5785576105117798,15.999170303344727,-0.4705129861831665,0.016874827444553375,0.003171887481585145,-6.721340179443359,-1.147538423538208,2.188032865524292,6.335256099700928,-1.4850798845291138,-0.30077192187309265,0.0,0.2278834581375122,1.0,1.0,1.0,1.0
25.150000000000002,319.8970852967238,1.2969125509262085,-0.44404682517051697,-0.1384878009557724,1.2969125509262085,-0.1384878009557724,1.2969125509262085,318.9096984863281,1.4909207820892334,15.995269775390625,-0.44404682517051697,0.019031871110200882,0.0681396871805191,-6.52992057800293,-1.0261412858963013,2.7227120399475098,14.416058540344238,-1.3301668167114258,-0.28068456053733826,0.0,0.23198185861110687,1.0,1.0,1.0,1.0
25.2,320.68592421234564,1.172899842262268,-0.4094267785549164,-0.15987256169319153,1.172899842262268,-0.15987256169319153,1.172899842262268,319.70263671875,1.3871002197265625,15.994054794311523,-0.4094267785549164,0.020342662930488586,0.1294945776462555,-6.249972820281982,-0.8680118322372437,3.725320816040039,26.804500579833984,-1.1632388830184937,-0.252251535654068,0.0,0.23480135202407837,1.0,1.0,1.0,1.0
25.25,321.47283883424194,1.0359066724777222,-0.3645747900009155,-0.17929653823375702,1.0359066724777222,-0.17929653823375702,1.0359066724777222,320.4934387207031,1.2678500413894653,15.996248245239258,-0.3645747900009155,0.020899642258882523,0.19644604623317719,-5.749815940856934,-0.6568920016288757,4.552308559417725,9.044981956481934,-0.9330969452857971,-0.2180190533399582,0.0,0.2358161211013794,1.0,1.0,1.0,1.0
25.3,322.258220183309,0.8878781199455261,-0.30796873569488525,-0.19618146121501923,0.8878781199455261,-0.19618146121501923,0.8878781199455261,321.28216552734375,1.1343814134597778,16.00177764892578,-0.30796873569488525,0.020640796050429344,0.24283568561077118,-5.150264263153076,-0.423163503408432,4.72501802444458,-0.23401029407978058,-0.6900306344032288,-0.1800428330898285,0.0,0.23546364903450012,1.0,1.0,1.0,1.0
25.35,323.0425106277618,0.7308389544487,-0.24248509109020233,-0.21000725030899048,0.7308389544487,-0.21000725030899048,0.7308389544487,322.0690002441406,0.9881927371025085,16.010202407836914,-0.24248509109020233,0.01937711052596569,0.2786395847797394,-4.4209089279174805,-0.19055019319057465,4.512907981872559,-9.118255615234375,-0.44730472564697266,-0.13993464410305023,0.0,0.23382030427455902,1.0,1.0,1.0,1.0
25.400000000000002,323.8261998846054,0.5669397711753845,-0.17006607353687286,-0.22038157284259796,0.5669397711753845,-0.22038157284259796,0.5669397711753845,322.8542175292969,0.8310867547988892,16.02111053466797,-0.17006607353687286,0.0171931404620409,0.29457348585128784,-3.536836862564087,0.016499683260917664,3.6989455223083496,-18.098962783813477,-0.21511052548885345,-0.09882915019989014,0.0,0.23060442507266998,1.0,1.0,1.0,1.0
25.45,324.60981759190963,0.39856693148612976,-0.09583580493927002,-0.2270541936159134,0.39856693148612976,-0.2270541936159134,0.39856693148612976,323.6382141113281,0.6651892066001892,16.033370971679688,-0.09583580493927002,0.014110846444964409,0.28835541009902954,-2.6320548057556152,0.18373548984527588,3.1936047077178955,-2.878302574157715,-0.03275476023554802,-0.05737336724996567,0.0,0.22617478668689728,1.0,1.0,1.0,1.0
25.5,325.3937699038925,0.22775566577911377,-0.025633735582232475,-0.23010562360286713,0.22775566577911377,-0.23010562360286713,0.22775566577911377,324.42144775390625,0.4927363693714142,16.046178817749023,-0.025633735582232475,0.010396508499979973,0.27135124802589417,-1.6000293493270874,0.3393300175666809,3.036841630935669,-2.7382020950317383,0.138811856508255,-0.01592952013015747,0.0,0.22097714245319366,1.0,1.0,1.0,1.0
25.55,326.17846332565836,0.05673903599381447,0.03854062035679817,-0.22978544235229492,0.05673903599381447,-0.22978544235229492,0.05673903599381447,325.2044372558594,0.31623244285583496,16.058687210083008,0.03854062035679817,0.0066972654312849045,0.24487356841564178,-0.46967342495918274,0.48701614141464233,2.8691699504852295,-3.2971231937408447,0.3105388581752777,0.025524195283651352,0.0,0.21543215215206146,1.0,1.0,1.0,1.0
25.6,326.964292640422,-0.11205253005027771,0.09480369091033936,-0.2264455109834671,-0.11205253005027771,-0.2264455109834671,-0.11205253005027771,325.98773193359375,0.13843457400798798,16.070110321044922,0.09480369091033936,0.0036036348901689053,0.20928506553173065,0.706178605556488,0.6264178156852722,2.704477310180664,-3.7547481060028076,0.48430007696151733,0.06733311712741852,0.0,0.2101026475429535,1.0,1.0,1.0,1.0
25.650000000000002,327.75159597672,-0.27616530656814575,0.1451643705368042,-0.22045977413654327,-0.27616530656814575,-0.22045977413654327,-0.27616530656814575,326.7719421386719,-0.03776057809591293,16.07961082458496,0.1451643705368042,0.0015824445290490985,0.16155101358890533,1.8823882341384888,0.7530741691589355,2.3356857299804688,-6.438076972961426,0.687279462814331,0.10999202728271484,0.0,0.20562395453453064,1.0,1.0,1.0,1.0
25.7,328.5406359558634,-0.43318846821784973,0.1933279037475586,-0.2120150774717331,-0.43318846821784973,-0.2120150774717331,-0.43318846821784973,327.55755615234375,-0.2094843089580536,16.086498260498047,0.1933279037475586,0.0005327610997483134,0.10660257935523987,2.8991525173187256,0.8673278093338013,2.3565337657928467,8.126358032226562,0.8926355838775635,0.15388450026512146,0.0,0.20241762697696686,1.0,1.0,1.0,1.0
25.75,329.33151837650786,-0.5811497569084167,0.24024264514446259,-0.20119522511959076,-0.5811497569084167,-0.20119522511959076,-0.5811497569084167,328.3449401855469,-0.37419629096984863,16.090421676635742,0.24024264514446259,6.91315799485892e-05,0.04589981585741043,3.789748191833496,1.0020266771316528,3.12440824508667,21.08791732788086,1.09847092628479,0.1989685446023941,0.0,0.20068727433681488,1.0,1.0,1.0,1.0
25.8,330.12427379389936,-0.718220591545105,0.2866186797618866,-0.18804723024368286,-0.718220591545105,-0.18804723024368286,-0.718220591545105,329.13433837890625,-0.5296606421470642,16.09109878540039,0.2866186797618866,-0.00011057504161726683,-0.02352713979780674,4.594662189483643,1.188652515411377,4.34954309463501,23.18876838684082,1.3123829364776611,0.2448098212480545,0.0,0.20050600171089172,1.0,1.0,1.0,1.0
25.85,330.91891182688,-0.8422830104827881,0.3370387554168701,-0.1725109964609146,-0.8422830104827881,-0.1725109964609146,-0.8422830104827881,329.9258117675781,-0.6737914681434631,16.08753776550293,0.3370387554168701,-9.05293200048618e-05,-0.12342893332242966,5.441015720367432,1.4319981336593628,5.3618550300598145,15.126302719116211,1.5827020406723022,0.2907043397426605,0.0,0.20157288014888763,1.0,1.0,1.0,1.0
25.900000000000002,331.71539417900254,-0.9506337642669678,0.39411723613739014,-0.1542823314666748,-0.9506337642669678,-0.1542823314666748,-0.9506337642669678,330.7192687988281,-0.8044795393943787,16.078767776489258,0.39411723613739014,-0.0002959496050607413,-0.230095773935318,6.178397178649902,1.7061866521835327,5.385715484619141,-10.865431785583496,1.8613203763961792,0.3357994258403778,0.0,0.20504596829414368,1.0,1.0,1.0,1.0
25.95,332.5134373292575,-1.0409458875656128,0.4541065990924835,-0.13310948014259338,-1.0409458875656128,-0.13310948014259338,-1.0409458875656128,331.5145568847656,-0.9198177456855774,16.064498901367188,0.4541065990924835,-0.0012709915172308683,-0.33661702275276184,6.830716133117676,1.9512879848480225,4.277783393859863,-30.430727005004883,2.1404876708984375,0.37892425060272217,0.0,0.21132618188858032,1.0,1.0,1.0,1.0
26.0,333.31249841201003,-1.111474871635437,0.5122225284576416,-0.10895978659391403,-1.111474871635437,-0.10895978659391403,-1.111474871635437,332.3112487792969,-1.018118977546692,16.04465103149414,0.5122225284576416,-0.0033060952555388212,-0.41937220096588135,7.3726372718811035,2.1258544921875,2.8126752376556396,-23.93387222290039,2.3865597248077393,0.41861873865127563,0.0,0.22068266570568085,1.0,1.0,1.0,1.0
26.05,334.1119019491958,-1.1612441539764404,0.561005711555481,-0.08209837973117828,-1.1612441539764404,-0.08209837973117828,-1.1612441539764404,333.10888671875,-1.0980089902877808,16.021648406982422,0.561005711555481,-0.006636114325374365,-0.4190657436847687,7.727233409881592,2.239461660385132,1.853041410446167,-14.71521282196045,2.478670835494995,0.45308804512023926,0.0,0.23247568309307098,1.0,1.0,1.0,1.0
26.1,334.9110614234998,-1.1902101039886475,0.5968918800354004,-0.053119391202926636,-1.1902101039886475,-0.053119391202926636,-1.1902101039886475,333.9070739746094,-1.1585383415222168,15.99773120880127,0.5968918800354004,-0.01098417118191719,-0.4067799746990204,8.074054718017578,2.312596321105957,1.0507230758666992,-18.99671173095703,2.537524700164795,0.48012402653694153,0.0,0.24548786878585815,1.0,1.0,1.0,1.0
26.150000000000002,335.70945685827695,-1.198238730430603,0.6218854784965515,-0.02262081205844879,-1.198238730430603,-0.02262081205844879,-1.198238730430603,334.705322265625,-1.1988698244094849,15.972562789916992,0.6218854784965515,-0.015815624967217445,-0.39058995246887207,8.35366439819336,2.3371777534484863,-0.10213436931371689,-26.1060791015625,2.596323013305664,0.49736082553863525,0.0,0.25969398021698,1.0,1.0,1.0,1.0
26.2,336.5064965945871,-1.1850188970565796,0.6376022696495056,0.00889409426599741,-1.1850188970565796,0.00889409426599741,-1.1850188970565796,335.5030517578125,-1.2183228731155396,15.946305274963379,0.6376022696495056,-0.02089986391365528,-0.3631840944290161,8.530081748962402,2.297122001647949,-1.5014774799346924,-29.647735595703125,2.6509695053100586,0.5022807717323303,0.0,0.2751612365245819,1.0,1.0,1.0,1.0
26.25,337.3015996694452,-1.1504449844360352,0.6438902020454407,0.04097352176904678,-1.1504449844360352,0.04097352176904678,-1.1504449844360352,336.2997131347656,-1.2164943218231201,15.922269821166992,0.6438902020454407,-0.02617582120001316,-0.20228298008441925,8.542579650878906,2.1878502368927,-2.7823026180267334,-22.736783981323242,2.4303956031799316,0.4924294352531433,0.0,0.2907004654407501,1.0,1.0,1.0,1.0
26.3,338.09446433933294,-1.0949467420578003,0.6390612721443176,0.07309692353010178,-1.0949467420578003,0.07309692353010178,-1.0949467420578003,337.0950012207031,-1.19333815574646,15.904337882995605,0.6390612721443176,-0.03151090443134308,-0.039181459695100784,8.49140739440918,2.0206682682037354,-3.892308235168457,-23.631023406982422,2.2071805000305176,0.466633141040802,0.0,0.3034505546092987,1.0,1.0,1.0,1.0
26.35,338.8848632104266,-1.0191229581832886,0.6231355667114258,0.10470468550920486,-1.0191229581832886,0.10470468550920486,-1.0191229581832886,337.8886413574219,-1.148992657661438,15.892155647277832,0.6231355667114258,-0.03648616746068001,0.1109616607427597,8.403210639953613,1.792454481124878,-5.2788496017456055,-32.11138153076172,1.9846582412719727,0.42740046977996826,0.0,0.3136803209781647,1.0,1.0,1.0,1.0
26.400000000000002,339.6726027505324,-0.923665463924408,0.5968612432479858,0.13525980710983276,-0.923665463924408,0.13525980710983276,-0.923665463924408,338.6803894042969,-1.0836902856826782,15.885393142700195,0.5968612432479858,-0.040699876844882965,0.26091256737709045,8.257089614868164,1.4511784315109253,-8.780909538269043,-92.1038818359375,1.7347816228866577,0.37857040762901306,0.0,0.32159876823425293,1.0,1.0,1.0,1.0
26.45,340.4577261015355,-0.8097461462020874,0.5550893545150757,0.16416975855827332,-0.8097461462020874,0.16416975855827332,-0.8097461462020874,339.4700012207031,-0.9978740811347961,15.88719654083252,0.5550893545150757,-0.04411344230175018,0.48827481269836426,7.813144207000732,0.9321305155754089,-10.640235900878906,22.262544631958008,1.33847975730896,0.32392409443855286,0.0,0.3254184126853943,1.0,1.0,1.0,1.0
26.5,341.24083994328004,-0.6799039840698242,0.4877772629261017,0.19038978219032288,-0.6799039840698242,0.19038978219032288,-0.6799039840698242,340.25762939453125,-0.8926122188568115,15.89853572845459,0.4877772629261017,-0.046594537794589996,0.6119163036346436,7.161253929138184,0.3785366415977478,-11.288202285766602,1.2802388668060303,0.9164023995399475,0.2665035128593445,0.0,0.3250270485877991,1.0,1.0,1.0,1.0
26.55,342.02267755435275,-0.5373246669769287,0.3931238651275635,0.21257033944129944,-0.5373246669769287,0.21257033944129944,-0.5373246669769287,341.0433654785156,-0.7695164084434509,15.914963722229004,0.3931238651275635,-0.0473036989569664,0.6622050404548645,6.359986305236816,-0.17198297381401062,-10.517327308654785,29.3627986907959,0.4950205385684967,0.2086845338344574,0.0,0.323128879070282,1.0,1.0,1.0,1.0
26.6,342.8039960116072,-0.3852540850639343,0.27426737546920776,0.22939848899841309,-0.3852540850639343,0.22939848899841309,-0.3852540850639343,341.827392578125,-0.6305888891220093,15.934908866882324,0.27426737546920776,-0.04547500237822533,0.6667711138725281,5.380505561828613,-0.6466911435127258,-8.405922889709473,36.422393798828125,0.10685239732265472,0.15227724611759186,0.0,0.31941550970077515,1.0,1.0,1.0,1.0
26.650000000000002,343.5855553271495,-0.2268274426460266,0.1465206742286682,0.23996879160404205,-0.2268274426460266,0.23996879160404205,-0.2268274426460266,342.6099853515625,-0.4781739115715027,15.957718849182129,0.1465206742286682,-0.04042617231607437,0.6587101221084595,4.4048333168029785,-1.032595157623291,-7.527244567871094,-8.692953109741211,-0.14108067750930786,0.09846913069486618,0.0,0.3139561712741852,1.0,1.0,1.0,1.0
26.7,344.36785142045284,-0.06425085663795471,0.025703124701976776,0.24429845809936523,-0.06425085663795471,0.24429845809936523,-0.06425085663795471,343.3916015625,-0.3147251307964325,15.982897758483887,0.025703124701976776,-0.032659340649843216,0.6197277307510376,3.075357437133789,-1.4117332696914673,-7.4423909187316895,15.525279998779297,-0.3580053746700287,0.047955650836229324,0.0,0.30650585889816284,1.0,1.0,1.0,1.0
26.75,345.1514721224524,0.09944788366556168,-0.08500532060861588,0.24282173812389374,0.09944788366556168,0.24282173812389374,0.09944788366556168,344.1728515625,-0.14344169199466705,16.009111404418945,-0.08500532060861588,-0.023729683831334114,0.5586534738540649,1.4811091423034668,-1.7535758018493652,-6.145837783813477,29.22602081298828,-0.575293779373169,0.00044591352343559265,0.0,0.2973589599132538,1.0,1.0,1.0,1.0
26.8,345.9370300913229,0.26059603691101074,-0.1806098073720932,0.23614974319934845,0.26059603691101074,0.23614974319934845,0.26059603691101074,344.9545593261719,0.03177572041749954,16.034423828125,-0.1806098073720932,-0.014954198151826859,0.47779589891433716,-0.32045403122901917,-2.0261611938476562,-4.846348762512207,22.378480911254883,-0.790962815284729,-0.04517148435115814,0.0,0.2873280644416809,1.0,1.0,1.0,1.0
26.85,346.72495836222197,0.41561776399612427,-0.25261837244033813,0.2252427339553833,0.41561776399612427,0.2252427339553833,0.41561776399612427,345.73760986328125,0.20656909048557281,16.056968688964844,-0.25261837244033813,-0.007583752740174532,0.3956366181373596,-2.0373244285583496,-2.2472031116485596,-4.125176906585693,9.821648597717285,-0.9875149726867676,-0.09055907279253006,0.0,0.2776619791984558,1.0,1.0,1.0,1.0
26.900000000000002,347.51526388380057,0.5620973110198975,-0.3025093078613281,0.21132031083106995,0.5620973110198975,0.21132031083106995,0.5620973110198975,346.522705078125,0.37671881914138794,16.075355529785156,-0.3025093078613281,-0.002137603936716914,0.3105297386646271,-3.426021099090576,-2.4469857215881348,-4.081609725952148,-14.48280143737793,-1.1826688051223755,-0.13724376261234283,0.0,0.26969510316848755,1.0,1.0,1.0,1.0
26.95,348.30762432033123,0.6986970901489258,-0.33951255679130554,0.1952488273382187,0.6986970901489258,0.1952488273382187,0.6986970901489258,347.31036376953125,0.5387054085731506,16.08890151977539,-0.33951255679130554,0.0015384794678539038,0.2239237129688263,-4.557969570159912,-2.6836869716644287,-5.533623695373535,-36.205379486083984,-1.3783318996429443,-0.18582890927791595,0.0,0.2640524208545685,1.0,1.0,1.0,1.0
27.0,349.10169712485026,0.8241562247276306,-0.3706866204738617,0.1775006204843521,0.8241562247276306,0.1775006204843521,0.8241562247276306,348.1007385253906,0.6896616220474243,16.097248077392578,-0.3706866204738617,0.0036884581204503775,0.13244794309139252,-5.49797248840332,-3.005108118057251,-7.218173980712891,-27.566450119018555,-1.5792236328125,-0.23603682219982147,0.0,0.2610172629356384,1.0,1.0,1.0,1.0
27.05,349.89735202406916,0.9364643096923828,-0.40503165125846863,0.15815472602844238,0.9364643096923828,0.15815472602844238,0.9364643096923828,348.89385986328125,0.8271557092666626,16.099769592285156,-0.40503165125846863,0.004668806679546833,0.01523712556809187,-6.34018087387085,-3.3882761001586914,-7.906790733337402,-3.596680164337158,-1.8244009017944336,-0.28693458437919617,0.0,0.2607032060623169,1.0,1.0,1.0,1.0
27.1,350.6945908386529,1.0328270196914673,-0.44659385085105896,0.13691289722919464,1.0328270196914673,0.13691289722919464,1.0328270196914673,349.6894836425781,0.9490628838539124,16.095897674560547,-0.44659385085105896,0.00528146093711257,-0.10672938823699951,-6.962457656860352,-3.780071496963501,-7.668939113616943,9.254712104797363,-2.0745797157287598,-0.3370445966720581,0.0,0.26247161626815796,1.0,1.0,1.0,1.0
27.150000000000002,351.4932623815521,1.1108622550964355,-0.492904394865036,0.11345920711755753,1.1108622550964355,0.11345920711755753,1.1108622550964355,350.4872131347656,1.0537078380584717,16.085670471191406,-0.492904394865036,0.006321547087281942,-0.22134196758270264,-7.498457908630371,-4.146376609802246,-6.904445171356201,22.190521240234375,-2.3252100944519043,-0.3842616379261017,0.0,0.26742666959762573,1.0,1.0,1.0,1.0
27.2,352.29300066645203,1.1688035726547241,-0.5391556024551392,0.08766845613718033,1.1688035726547241,0.08766845613718033,1.1688035726547241,351.2864990234375,1.1396926641464233,16.069515228271484,-0.5391556024551392,0.008166640065610409,-0.3110775053501129,-7.916800498962402,-4.458277225494385,-5.516127586364746,29.048311233520508,-2.547086477279663,-0.42607951164245605,0.0,0.2756688892841339,1.0,1.0,1.0,1.0
27.25,353.0932288925117,1.2055370807647705,-0.5781548619270325,0.059709444642066956,1.2055370807647705,0.059709444642066956,1.2055370807647705,352.08673095703125,1.2059568166732788,16.049936294555664,-0.5781548619270325,0.011186676099896431,-0.31698787212371826,-8.126448631286621,-4.701250076293945,-4.340920925140381,17.449220657348633,-2.640843391418457,-0.4596015214920044,0.0,0.2864486277103424,1.0,1.0,1.0,1.0
27.3,353.8932803960944,1.2208130359649658,-0.6054993867874146,0.03008315898478031,1.2208130359649658,0.03008315898478031,1.2208130359649658,352.88739013671875,1.2519134283065796,16.029443740844727,-0.6054993867874146,0.01530005969107151,-0.29938170313835144,-8.260890007019043,-4.897334575653076,-3.5202319622039795,17.156972885131836,-2.706258535385132,-0.48146146535873413,0.0,0.2983865439891815,1.0,1.0,1.0,1.0
27.35,354.69243095543163,1.2146401405334473,-0.6217439770698547,-0.0006332466728053987,1.2146401405334473,-0.0006332466728053987,1.2146401405334473,353.6878967285156,1.2772023677825928,16.008058547973633,-0.6217439770698547,0.02009699121117592,-0.27571821212768555,-8.340956687927246,-5.048698902130127,-2.4990811347961426,23.872379302978516,-2.771601438522339,-0.48812422156333923,0.0,0.31122446060180664,1.0,1.0,1.0,1.0
27.400000000000002,355.489952551306,1.1871869564056396,-0.628394603729248,-0.03191991150379181,1.1871869564056396,-0.03191991150379181,1.1871869564056396,354.48773193359375,1.2816054821014404,15.985899925231934,-0.628394603729248,0.025200771167874336,-0.24213957786560059,-8.387116432189941,-5.139068603515625,-1.0636361837387085,33.765296936035156,-2.8254168033599854,-0.47672736644744873,0.0,0.3249276578426361,1.0,1.0,1.0,1.0
27.45,356.2852584361626,1.1387672424316406,-0.6271044611930847,-0.06333784759044647,1.1387672424316406,-0.06333784759044647,1.1387672424316406,355.2863464355469,1.2650107145309448,15.96630573272705,-0.6271044611930847,0.030256185680627823,-0.07503947615623474,-8.415979385375977,-5.1437602043151855,0.9444560408592224,46.50170135498047,-2.572944402694702,-0.44683608412742615,0.0,0.33809328079223633,1.0,1.0,1.0,1.0
27.5,357.0781178915503,1.0697276592254639,-0.6185548901557922,-0.0945155918598175,1.0697276592254639,-0.0945155918598175,1.0697276592254639,356.0834045410156,1.227358102798462,15.953323364257812,-0.6185548901557922,0.034951020032167435,0.0944555327296257,-8.42622184753418,-5.032952308654785,3.5224034786224365,56.719242095947266,-2.311204195022583,-0.40145352482795715,0.0,0.3477539122104645,1.0,1.0,1.0,1.0
27.55,357.8684082028148,0.9804967641830444,-0.6018765568733215,-0.12507034838199615,0.9804967641830444,-0.12507034838199615,0.9804967641830444,356.8786926269531,1.1686476469039917,15.946682929992676,-0.6018765568733215,0.03902556747198105,0.2508563697338104,-8.386667251586914,-4.779921054840088,6.624618053436279,66.83602905273438,-2.050311326980591,-0.34487414360046387,0.0,0.3541768789291382,1.0,1.0,1.0,1.0
27.6,358.65606046542746,0.8717213273048401,-0.5759649276733398,-0.15457110106945038,0.8717213273048401,-0.15457110106945038,0.8717213273048401,357.6720275878906,1.0890041589736938,15.946222305297852,-0.5759649276733398,0.04226284846663475,0.41052520275115967,-8.256307601928711,-4.359875202178955,10.165632247924805,66.99254608154297,-1.761669635772705,-0.2814016342163086,0.0,0.35747379064559937,1.0,1.0,1.0,1.0
27.650000000000002,359.4412646325925,0.7446250319480896,-0.5332847833633423,-0.18242773413658142,0.7446250319480896,-0.18242773413658142,0.7446250319480896,358.46319580078125,0.9888478517532349,15.955662727355957,-0.5332847833633423,0.04478076100349426,0.6662392020225525,-7.750396251678467,-3.8675050735473633,10.081258773803711,7.622979640960693,-1.3104044198989868,-0.21486859023571014,0.0,0.35690006613731384,1.0,1.0,1.0,1.0
27.7,360.22490905623306,0.6021149158477783,-0.46044856309890747,-0.20744407176971436,0.6021149158477783,-0.20744407176971436,0.6021149158477783,359.25250244140625,0.8693800568580627,15.976519584655762,-0.46044856309890747,0.046526942402124405,0.7858994603157043,-6.974637985229492,-3.3674590587615967,9.741082191467285,-16.69446563720703,-0.8331331014633179,-0.14817750453948975,0.0,0.351140558719635,1.0,1.0,1.0,1.0
27.75,361.00797632300385,0.4479571580886841,-0.35569530725479126,-0.22802655398845673,0.4479571580886841,-0.22802655398845673,0.4479571580886841,360.0401306152344,0.7325108051300049,16.000507354736328,-0.35569530725479126,0.04657392203807831,0.7544166445732117,-5.998387336730957,-2.9075300693511963,8.587259292602539,-28.907869338989258,-0.35622352361679077,-0.08343274891376495,0.0,0.3421367108821869,1.0,1.0,1.0,1.0
27.8,361.79131162347517,0.28606081008911133,-0.22390754520893097,-0.24267545342445374,0.28606081008911133,-0.24267545342445374,0.28606081008911133,360.82623291015625,0.5806912779808044,16.025182723999023,-0.22390754520893097,0.04413960129022598,0.720495879650116,-4.791086196899414,-2.510413885116577,7.151810646057129,-32.00531005859375,0.08403445780277252,-0.022062281146645546,0.0,0.3318226635456085,1.0,1.0,1.0,1.0
27.85,362.5758269319646,0.12021743506193161,-0.08185147494077682,-0.25037840008735657,0.12021743506193161,-0.25037840008735657,0.12021743506193161,361.6112365722656,0.41682904958724976,16.05105972290039,-0.08185147494077682,0.038536082953214645,0.6545934677124023,-3.5505292415618896,-2.1870388984680176,6.195258617401123,-5.578027725219727,0.37154433131217957,0.03525221347808838,0.0,0.32006052136421204,1.0,1.0,1.0,1.0
27.900000000000002,363.3620454648571,-0.046845026314258575,0.05267224833369255,-0.2511330544948578,-0.046845026314258575,-0.2511330544948578,-0.046845026314258575,362.3956298828125,0.2440178245306015,16.07710075378418,0.05267224833369255,0.030320925638079643,0.5763617157936096,-1.960387945175171,-1.889101266860962,5.635394096374512,-18.895353317260742,0.6253467202186584,0.08838169276714325,0.0,0.3072381317615509,1.0,1.0,1.0,1.0
27.95,364.1505452921763,-0.21159972250461578,0.17457368969917297,-0.24544762074947357,-0.21159972250461578,-0.24544762074947357,-0.21159972250461578,363.1802062988281,0.06611303240060806,16.10201644897461,0.17457368969917297,0.021120648831129074,0.474887877702713,-0.06850489228963852,-1.6392886638641357,4.278791427612305,-31.329879760742188,0.8798816204071045,0.13819018006324768,0.0,0.29380467534065247,1.0,1.0,1.0,1.0
28.0,364.94184324737546,-0.36982348561286926,0.27441397309303284,-0.23415064811706543,-0.36982348561286926,-0.23415064811706543,-0.36982348561286926,363.96588134765625,-0.11226922273635864,16.123811721801758,0.27441397309303284,0.012512609362602234,0.366449236869812,1.9636975526809692,-1.4602940082550049,3.002992630004883,-21.30476951599121,1.1321996450424194,0.1864181011915207,0.0,0.2812528908252716,1.0,1.0,1.0,1.0
28.05,365.73602114950893,-0.5180236101150513,0.34396058320999146,-0.21861165761947632,-0.5180236101150513,-0.21861165761947632,-0.5180236101150513,364.7535400390625,-0.286240816116333,16.14089584350586,0.34396058320999146,0.005551824811846018,0.2632499933242798,3.6036853790283203,-1.3341296911239624,2.190253496170044,-6.00654411315918,1.355977177619934,0.23516914248466492,0.0,0.2711377441883087,1.0,1.0,1.0,1.0
28.1,366.53259162697424,-0.6545813679695129,0.39302709698677063,-0.20015020668506622,-0.6545813679695129,-0.20015020668506622,-0.6545813679695129,365.5437927246094,-0.4516339898109436,16.152103424072266,0.39302709698677063,0.0002492193307261914,0.15405254065990448,4.917751789093018,-1.2182986736297607,2.635911703109741,17.516498565673828,1.577672004699707,0.28565794229507446,0.0,0.2642345428466797,1.0,1.0,1.0,1.0
28.150000000000002,367.3309368826516,-0.7783902883529663,0.4316692054271698,-0.17952477931976318,-0.7783902883529663,-0.17952477931976318,-0.7783902883529663,366.3368225097656,-0.6050961017608643,16.1567325592041,0.4316692054271698,-0.0034743433352559805,0.045510467141866684,6.0185418128967285,-1.0649133920669556,3.4364609718322754,12.579519271850586,1.7998640537261963,0.3379506468772888,0.0,0.26094570755958557,1.0,1.0,1.0,1.0
28.2,368.1306400228228,-0.8877887725830078,0.4669056236743927,-0.1570783406496048,-0.8877887725830078,-0.1570783406496048,-0.8877887725830078,367.13262939453125,-0.7438389658927917,16.154714584350586,0.4669056236743927,-0.005994695238769054,-0.06618852913379669,6.874231338500977,-0.8834552764892578,3.6978847980499268,-0.08578841388225555,2.0197811126708984,0.3912963569164276,0.0,0.26082631945610046,1.0,1.0,1.0,1.0
28.25,368.931562680487,-0.9805905222892761,0.5031384229660034,-0.13285289704799652,-0.9805905222892761,-0.13285289704799652,-0.9805905222892761,367.930908203125,-0.8656594753265381,16.146278381347656,0.5031384229660034,-0.008036249317228794,-0.17139513790607452,7.475739479064941,-0.7010664939880371,3.5347273349761963,-6.56074857711792,2.22153377532959,0.44413384795188904,0.0,0.2626388370990753,1.0,1.0,1.0,1.0
28.3,369.73363173523876,-1.0547173023223877,0.5410926938056946,-0.10676860809326172,-1.0547173023223877,-0.10676860809326172,-1.0547173023223877,368.73126220703125,-0.968926727771759,16.1317138671875,0.5410926938056946,-0.010245858691632748,-0.27515941858291626,7.9700822830200195,-0.5356405973434448,3.0316431522369385,-14.370031356811523,2.421147108078003,0.49411702156066895,0.0,0.26744747161865234,1.0,1.0,1.0,1.0
28.35,370.5365928733504,-1.108469009399414,0.5776469111442566,-0.07880329340696335,-1.108469009399414,-0.07880329340696335,-1.108469009399414,369.53302001953125,-1.0523666143417358,16.1113338470459,0.5776469111442566,-0.01301993615925312,-0.35845863819122314,8.300129890441895,-0.4060860276222229,2.13802170753479,-18.408044815063477,2.6209845542907715,0.5383605360984802,0.0,0.27548161149024963,1.0,1.0,1.0,1.0
28.400000000000002,371.3398411304664,-1.1406304836273193,0.6076412200927734,-0.04914804920554161,-1.1406304836273193,-0.04914804920554161,-1.1406304836273193,370.33551025390625,-1.1151126623153687,16.086347579956055,0.6076412200927734,-0.016700319945812225,-0.3997829556465149,8.447322845458984,-0.32043150067329407,1.3521970510482788,-12.618494987487793,2.800553321838379,0.5734676718711853,0.0,0.2865598499774933,1.0,1.0,1.0,1.0
28.45,372.14253452008194,-1.1507976055145264,0.6271556615829468,-0.018241126090288162,-1.1507976055145264,-0.018241126090288162,-1.1507976055145264,371.1380310058594,-1.1567447185516357,16.059101104736328,0.6271556615829468,-0.02129295840859413,-0.37591612339019775,8.481209754943848,-0.26636648178100586,0.8534650206565857,-8.880308151245117,2.881596326828003,0.5955529808998108,0.0,0.29988163709640503,1.0,1.0,1.0,1.0
28.5,372.9438786657341,-1.1391818523406982,0.635954737663269,0.013374286703765392,-1.1391818523406982,0.013374286703765392,-1.1391818523406982,371.9400329589844,-1.1771373748779297,16.03154945373535,0.635954737663269,-0.026453854516148567,-0.3347635269165039,8.489531517028809,-0.23630057275295258,0.31485438346862793,-14.180926322937012,2.9433252811431885,0.6005630493164062,0.0,0.3143928647041321,1.0,1.0,1.0,1.0
28.55,373.74316167828493,-1.1061652898788452,0.6355715394020081,0.04519679769873619,-1.1061652898788452,0.04519679769873619,-1.1061652898788452,372.74090576171875,-1.1762663125991821,16.003847122192383,0.6355715394020081,-0.03172305226325989,-0.29193881154060364,8.49892520904541,-0.24331983923912048,-0.6749770045280457,-25.793800354003906,3.004896402359009,0.5854865908622742,0.0,0.32983431220054626,1.0,1.0,1.0,1.0
28.6,374.53975718476164,-1.0521601438522339,0.6280161738395691,0.07681525498628616,-1.0521601438522339,0.07681525498628616,-1.0521601438522339,373.5400695800781,-1.1541318893432617,15.976051330566406,0.6280161738395691,-0.03667960688471794,-0.24513135850429535,8.520997047424316,-0.31701359152793884,-2.396803855895996,-43.72319793701172,3.0533435344696045,0.5511050224304199,0.0,0.34620237350463867,1.0,1.0,1.0,1.0
28.650000000000002,375.33320846688264,-0.9774665236473083,0.6162257790565491,0.10793661326169968,-0.9774665236473083,0.10793661326169968,-0.9774665236473083,374.3370666503906,-1.1107088327407837,15.952367782592773,0.6162257790565491,-0.04093881696462631,-0.036016080528497696,8.591523170471191,-0.5021878480911255,-5.164803981781006,-67.69345092773438,2.6783483028411865,0.5015109777450562,0.0,0.36163389682769775,1.0,1.0,1.0,1.0
28.7,376.1234293146705,-0.882066547870636,0.6019613742828369,0.13841316103935242,-0.882066547870636,0.13841316103935242,-0.882066547870636,375.1316223144531,-1.045863151550293,15.937906265258789,0.6019613742828369,-0.04427321255207062,0.18540583550930023,8.643524169921875,-0.854739785194397,-8.990147590637207,-81.88896179199219,2.2952888011932373,0.4415542185306549,0.0,0.3722057342529297,1.0,1.0,1.0,1.0
28.75,376.910453398985,-0.7661134600639343,0.5819423198699951,0.1680556982755661,-0.7661134600639343,0.1680556982755661,-0.7661134600639343,375.9236755371094,-0.9595033526420593,15.933259963989258,0.5819423198699951,-0.046745602041482925,0.40495041012763977,8.569892883300781,-1.4084267616271973,-13.045909881591797,-78.01033020019531,1.913779616355896,0.3758563697338104,0.0,0.37771251797676086,1.0,1.0,1.0,1.0
28.8,377.6944657995671,-0.6305209398269653,0.5499061346054077,0.19643525779247284,-0.6305209398269653,0.19643525779247284,-0.6305209398269653,376.7131042480469,-0.8518376350402832,15.939003944396973,0.5499061346054077,-0.04847193881869316,0.62848961353302,8.284224510192871,-2.152512550354004,-16.17517852783203,131.74578857421875,1.510891079902649,0.30849510431289673,0.0,0.3781892955303192,1.0,1.0,1.0,1.0
28.85,378.4760410460523,-0.47736793756484985,0.4929788112640381,0.2226780354976654,-0.47736793756484985,0.2226780354976654,-0.47736793756484985,377.5001220703125,-0.7236396074295044,15.957915306091309,0.4929788112640381,-0.0496329627931118,0.8829383850097656,7.538017272949219,-2.8885583877563477,-14.475095748901367,7.928568363189697,1.0014666318893433,0.24278952181339264,0.0,0.37473031878471375,1.0,1.0,1.0,1.0
28.900000000000002,379.2563915808982,-0.31061339378356934,0.3985583186149597,0.24517221748828888,-0.31061339378356934,0.24517221748828888,-0.31061339378356934,378.2850646972656,-0.5766653418540955,15.985861778259277,0.3985583186149597,-0.04991878196597099,0.8895553350448608,6.498076438903809,-3.597978353500366,-13.83219051361084,16.366010665893555,0.47145944833755493,0.18098513782024384,0.0,0.3659718334674835,1.0,1.0,1.0,1.0
28.95,380.0366361635617,-0.13490313291549683,0.26895853877067566,0.2620599865913391,-0.13490313291549683,0.2620599865913391,-0.13490313291549683,379.0682678222656,-0.4134877026081085,16.014448165893555,0.26895853877067566,-0.04822738841176033,0.8360406160354614,5.175750255584717,-4.267397880554199,-12.830602645874023,33.278411865234375,-0.058461446315050125,0.12447022646665573,0.0,0.35588786005973816,1.0,1.0,1.0,1.0
29.0,380.81802169774613,0.04475941136479378,0.10810781270265579,0.27167677879333496,0.04475941136479378,0.27167677879333496,0.04475941136479378,379.85015869140625,-0.23740485310554504,16.04480743408203,0.10810781270265579,-0.04406505450606346,0.7476195693016052,3.481184720993042,-4.846709251403809,-10.211943626403809,49.20329666137695,-0.5414769649505615,0.07373764365911484,0.0,0.34471648931503296,1.0,1.0,1.0,1.0
29.05,381.6017537928175,0.22342638671398163,-0.05784434825181961,0.27294209599494934,0.22342638671398163,0.27294209599494934,0.22342638671398163,380.6315612792969,-0.05240175500512123,16.074459075927734,-0.05784434825181961,-0.03657291829586029,0.6639568209648132,1.9570022821426392,-5.309889793395996,-8.857409477233887,10.024103164672852,-0.8150509595870972,0.02831071801483631,0.0,0.3330187499523163,1.0,1.0,1.0,1.0
29.1,382.38818430539874,0.3984842896461487,-0.20282505452632904,0.26640382409095764,0.3984842896461487,0.26640382409095764,0.3984842896461487,381.4132385253906,0.1377135068178177,16.103504180908203,-0.20282505452632904,-0.02638518624007702,0.5642938017845154,0.09121719747781754,-5.736344814300537,-8.187789916992188,11.834487915039062,-1.0438307523727417,-0.012578371912240982,0.0,0.32039931416511536,1.0,1.0,1.0,1.0
29.150000000000002,383.1775458352276,0.5666361451148987,-0.31590455770492554,0.25331464409828186,0.5666361451148987,0.25331464409828186,0.5666361451148987,382.19622802734375,0.3284338116645813,16.12986183166504,-0.31590455770492554,-0.01601993292570114,0.4492794871330261,-2.0805559158325195,-6.148253917694092,-8.753266334533691,-24.1897029876709,-1.2734618186950684,-0.0506221204996109,0.0,0.307613343000412,1.0,1.0,1.0,1.0
29.2,383.96989253170335,0.7243733406066895,-0.387485146522522,0.23562297224998474,0.7243733406066895,0.23562297224998474,0.7243733406066895,382.98150634765625,0.514585554599762,16.151046752929688,-0.387485146522522,-0.007464605383574963,0.32430848479270935,-3.854910135269165,-6.5993804931640625,-9.026805877685547,2.191516637802124,-1.504326581954956,-0.08834677189588547,0.0,0.2965767979621887,1.0,1.0,1.0,1.0
29.25,384.76475794652873,0.8698891997337341,-0.43500417470932007,0.21501967310905457,0.8698891997337341,0.21501967310905457,0.8698891997337341,383.7698059082031,0.6916447281837463,16.16493797302246,-0.43500417470932007,-0.000898628612048924,0.18861554563045502,-5.230161666870117,-7.060788631439209,-9.677922248840332,-27.751405715942383,-1.7421680688858032,-0.12738919258117676,0.0,0.28911009430885315,1.0,1.0,1.0,1.0
29.3,385.5614995519503,1.0020418167114258,-0.47141632437705994,0.19234485924243927,1.0020418167114258,0.19234485924243927,1.0020418167114258,384.56134033203125,0.8560758233070374,16.170835494995117,-0.47141632437705994,0.003878542920574546,0.062471456825733185,-6.3545660972595215,-7.587493896484375,-11.447402954101562,-38.35260772705078,-1.980941891670227,-0.16795329749584198,0.0,0.28587833046913147,1.0,1.0,1.0,1.0
29.35,386.3596527447885,1.1192412376403809,-0.5027608275413513,0.1680002063512802,1.1192412376403809,0.1680002063512802,1.1192412376403809,385.35601806640625,1.005020260810852,16.168987274169922,-0.5027608275413513,0.0072862328961491585,-0.057826150208711624,-7.200855731964111,-8.202912330627441,-12.939963340759277,-18.261459350585938,-2.2201406955718994,-0.2093004286289215,0.0,0.28603890538215637,1.0,1.0,1.0,1.0
29.400000000000002,387.15908677171655,1.2194650173187256,-0.5356153845787048,0.14207425713539124,1.2194650173187256,0.14207425713539124,1.2194650173187256,386.1535339355469,1.136243462562561,16.15985107421875,-0.5356153845787048,0.009944615885615349,-0.18121866881847382,-7.8817596435546875,-8.861326217651367,-13.085763931274414,14.137454986572266,-2.4563302993774414,-0.24983921647071838,0.0,0.288555771112442,1.0,1.0,1.0,1.0
29.45,387.95987175266384,1.3007220029830933,-0.5708969235420227,0.1144276112318039,1.3007220029830933,0.1144276112318039,1.3007220029830933,386.953369140625,1.2479842901229858,16.14328384399414,-0.5708969235420227,0.012518871575593948,-0.3029839098453522,-8.377079010009766,-9.491144180297852,-12.002998352050781,29.07293128967285,-2.672914743423462,-0.28726497292518616,0.0,0.2947828471660614,1.0,1.0,1.0,1.0
29.5,388.7618159382322,1.3613789081573486,-0.6024528741836548,0.08507668226957321,1.3613789081573486,0.08507668226957321,1.3613789081573486,387.7547912597656,1.3389889001846313,16.120481491088867,-0.6024528741836548,0.015697836875915527,-0.3812694847583771,-8.556057929992676,-10.056917190551758,-10.823073387145996,10.655081748962402,-2.886258602142334,-0.3186532258987427,0.0,0.3047458231449127,1.0,1.0,1.0,1.0
29.55,389.5641952131881,1.40045166015625,-0.6224814057350159,0.05440428853034973,1.40045166015625,0.05440428853034973,1.40045166015625,388.55712890625,1.408730387687683,16.09358024597168,-0.6224814057350159,0.020007219165563583,-0.40517449378967285,-8.460505485534668,-10.265054702758789,0.0,0.0,-3.0997235774993896,-0.34035661816596985,0.0,0.31770244240760803,1.0,1.0,1.0,1.0
29.6,390.3659968767085,1.4180673360824585,-0.6283890604972839,0.023081667721271515,1.4180673360824585,0.023081667721271515,1.4180673360824585,389.3595886230469,1.4573200941085815,16.064502716064453,-0.6283890604972839,0.02528824284672737,-0.39062610268592834,-8.29603099822998,-10.26490592956543,0.0,0.0,-3.286695718765259,-0.34812256693840027,0.0,0.3327065110206604,1.0,1.0,1.0,1.0
29.650000000000002,391.1663596505234,1.4146701097488403,-0.6245952844619751,-0.008272978477180004,1.4146701097488403,-0.008272978477180004,1.4146701097488403,390.1615905761719,1.4850552082061768,16.034982681274414,-0.6245952844619751,0.03080965019762516,-0.3282947540283203,-8.25560188293457,-10.26490592956543,0.0,0.0,-3.3162856101989746,-0.33781906962394714,0.0,0.3489605784416199,1.0,1.0,1.0,1.0
29.7,391.9647307331381,1.390579342842102,-0.6155259609222412,-0.039298612624406815,1.390579342842102,-0.039298612624406815,1.390579342842102,390.9625549316406,1.492033839225769,16.006576538085938,-0.6155259609222412,0.03590841591358185,-0.2645513117313385,-8.296995162963867,-10.26490592956543,0.0,0.0,-3.317476749420166,-0.30704933404922485,0.0,0.36563992500305176,1.0,1.0,1.0,1.0
29.75,392.7606688163276,1.346004843711853,-0.6026207208633423,-0.06977237015962601,1.346004843711853,-0.06977237015962601,1.346004843711853,391.7620544433594,1.4781923294067383,15.979142189025879,-0.6026207208633423,0.04023262858390808,-0.20720675587654114,-8.36700439453125,-10.26490592956543,0.0,0.0,-3.318664073944092,-0.2577744424343109,0.0,0.3826208710670471,1.0,1.0,1.0,1.0
29.8,393.5537592192849,1.2811529636383057,-0.5868507027626038,-0.09952699393033981,1.2811529636383057,-0.09952699393033981,1.2811529636383057,392.5596008300781,1.4434155225753784,15.95279312133789,-0.5868507027626038,0.043578676879405975,-0.14222438633441925,-8.435726165771484,-10.26490592956543,0.0,0.0,-3.29429030418396,-0.19428065419197083,0.0,0.39983227849006653,1.0,1.0,1.0,1.0
29.85,394.343739939393,1.1961708068847656,-0.5696417689323425,-0.12844926118850708,1.1961708068847656,-0.12844926118850708,1.1961708068847656,393.3547058105469,1.3875887393951416,15.933448791503906,-0.5696417689323425,0.045844439417123795,0.14025188982486725,-8.505322456359863,-10.26490592956543,0.0,0.0,-2.7418105602264404,-0.12124881148338318,0.0,0.41408175230026245,1.0,1.0,1.0,1.0
29.900000000000002,395.1308273639787,1.090965747833252,-0.5512556433677673,-0.15649336576461792,1.090965747833252,-0.15649336576461792,1.090965747833252,394.1474609375,1.310550332069397,15.928726196289062,-0.5512556433677673,0.04698256775736809,0.4603278338909149,-8.53461742401123,-10.26490592956543,0.0,0.0,-2.1614503860473633,-0.04312436655163765,0.0,0.4199267029762268,1.0,1.0,1.0,1.0
29.95,395.9154215274829,0.9658278822898865,-0.5231631994247437,-0.1834479719400406,0.9658278822898865,-0.1834479719400406,0.9658278822898865,394.9380187988281,1.2122706174850464,15.938873291015625,-0.5231631994247437,0.04737221449613571,0.6496044993400574,-8.218086242675781,-10.26490592956543,0.0,0.0,-1.5829352140426636,0.03606651723384857,0.0,0.2558329403400421,1.0,1.0,1.0,1.0
30.0,396.6976654224984,0.8234322667121887,-0.46435976028442383,-0.20832179486751556,0.8234322667121887,-0.20832179486751556,0.8234322667121887,395.72625732421875,1.093674659729004,15.938417434692383,-0.46435976028442383,0.04774095118045807,-0.21565333008766174,-7.241359233856201,-10.26490592956543,0.0,0.0,-1.0205559730529785,0.11323274672031403,0.0,0.00505793234333396,1.0,1.0,1.0,1.0
30.05,397.476266076433,0.6692302227020264,-0.3785984218120575,-0.22951439023017883,0.6692302227020264,-0.22951439023017883,0.6692302227020264,396.5104675292969,0.9574214816093445,15.902750968933105,-0.3785984218120575,0.047809798270463943,-0.19708816707134247,-6.226504325866699,-10.26490592956543,0.0,0.0,-0.5292370915412903,0.1865929663181305,0.0,0.0,1.0,1.0,1.0,1.0
30.1,398.25208496307073,0.5069725513458252,-0.2696818709373474,-0.24588137865066528,0.5069725513458252,-0.24588137865066528,0.5069725513458252,397.2904968261719,0.8062130808830261,15.880967140197754,-0.2696818709373474,0.046214811503887177,-0.1490957885980606,-5.106899738311768,-10.26490592956543,0.0,0.0,-0.054247647523880005,0.25496628880500793,0.0,0.0,1.0,1.0,1.0,1.0
30.150000000000002,399.0266830311531,0.33994701504707336,-0.13442111015319824,-0.2561699151992798,0.33994701504707336,-0.2561699151992798,0.33994701504707336,398.0671081542969,0.6428303122520447,15.864080429077148,-0.13442111015319824,0.04261929541826248,-0.15069548785686493,-3.5329015254974365,-10.26490592956543,0.0,0.0,0.4199771583080292,0.3175624907016754,0.0,0.0,1.0,1.0,1.0,1.0
30.2,399.8016061831424,0.17315375804901123,0.02620481699705124,-0.25902360677719116,0.17315375804901123,-0.25902360677719116,0.17315375804901123,398.84112548828125,0.47110244631767273,15.850054740905762,0.02620481699705124,0.03717488795518875,-0.2065608650445938,-1.6638470888137817,-10.26490592956543,0.0,0.0,0.8519853353500366,0.37472718954086304,0.0,0.0,1.0,1.0,1.0,1.0
30.25,400.57799803514433,0.011521570384502411,0.18230941891670227,-0.2537802457809448,0.011521570384502411,-0.2537802457809448,0.011521570384502411,399.6135559082031,0.2954167127609253,15.83702564239502,0.18230941891670227,0.02894458919763565,-0.24549460411071777,-0.14999379217624664,-10.26490592956543,0.0,0.0,1.071469783782959,0.4276546835899353,0.0,0.0,1.0,1.0,1.0,1.0
30.3,401.3558924513394,-0.14297327399253845,0.30381762981414795,-0.24151158332824707,-0.14297327399253845,-0.24151158332824707,-0.14297327399253845,400.3853454589844,0.11957910656929016,15.832106590270996,0.30381762981414795,0.01880544424057007,0.531322181224823,1.7924400568008423,-10.26490592956543,0.0,0.0,1.2377407550811768,0.4774230420589447,0.0,0.0,1.0,1.0,1.0,1.0
30.35,402.13569929392526,-0.28809770941734314,0.37617430090904236,-0.22435791790485382,-0.28809770941734314,-0.22435791790485382,-0.28809770941734314,401.15802001953125,-0.052125293761491776,15.820539474487305,0.37617430090904236,0.009788591414690018,-0.410144567489624,3.4630582332611084,-10.26490592956543,0.0,0.0,1.4044239521026611,0.5260215401649475,0.0,0.08165643364191055,1.0,1.0,1.0,1.0
30.400000000000002,402.9161246491863,-0.421908438205719,0.41886356472969055,-0.20442461967468262,-0.421908438205719,-0.20442461967468262,-0.421908438205719,401.9316101074219,-0.2153124064207077,15.80632495880127,0.41886356472969055,0.0028412772808223963,-0.2422228753566742,4.766412734985352,-10.26490592956543,0.0,0.0,1.5711795091629028,0.5750955939292908,0.0,0.15557369589805603,1.0,1.0,1.0,1.0
30.45,403.69731412845493,-0.5434256196022034,0.4480385184288025,-0.18273021280765533,-0.5434256196022034,-0.18273021280765533,-0.5434256196022034,402.7070007324219,-0.36677086353302,15.795811653137207,0.4480385184288025,-0.002142850775271654,-0.1948712021112442,5.8116912841796875,-10.26490592956543,0.0,0.0,1.7358453273773193,0.6249443292617798,0.0,0.20393253862857819,1.0,1.0,1.0,1.0
30.5,404.4792844678473,-0.6512991786003113,0.4722006916999817,-0.1597309410572052,-0.6512991786003113,-0.1597309410572052,-0.6512991786003113,403.4845275878906,-0.5039218068122864,15.785032272338867,0.4722006916999817,-0.005477630067616701,-0.19870144128799438,6.625348091125488,-10.26490592956543,0.0,0.0,1.9003549814224243,0.6748453378677368,0.0,0.23810352385044098,1.0,1.0,1.0,1.0
30.55,405.2621301901885,-0.7435659170150757,0.4974230229854584,-0.13551603257656097,-0.7435659170150757,-0.13551603257656097,-0.7435659170150757,404.2641296386719,-0.6246986985206604,15.771233558654785,0.4974230229854584,-0.00773900980129838,-0.2936067283153534,7.248726844787598,-10.26490592956543,0.0,0.0,2.0650484561920166,0.7232509255409241,0.0,0.2279534786939621,1.0,1.0,1.0,1.0
30.6,406.04581003034434,-0.8181241154670715,0.5260633826255798,-0.109953872859478,-0.8181241154670715,-0.109953872859478,-0.8181241154670715,405.04547119140625,-0.7274749875068665,15.750541687011719,0.5260633826255798,-0.009615270420908928,-0.4042554497718811,7.707704544067383,-10.26490592956543,0.0,0.0,2.227262020111084,0.7678651809692383,0.0,0.22517713904380798,1.0,1.0,1.0,1.0
30.650000000000002,406.8300068345616,-0.873195469379425,0.5541369915008545,-0.08294770121574402,-0.873195469379425,-0.08294770121574402,-0.873195469379425,405.8279113769531,-0.8110796809196472,15.725534439086914,0.5541369915008545,-0.0118270767852664,-0.43283191323280334,7.919384956359863,-10.26490592956543,0.0,0.0,2.310917615890503,0.8057364225387573,0.0,0.23446699976921082,1.0,1.0,1.0,1.0
30.7,407.61421296774444,-0.907800018787384,0.5772427916526794,-0.05465063825249672,-0.907800018787384,-0.05465063825249672,-0.907800018787384,406.61090087890625,-0.8748815059661865,15.698989868164062,0.5772427916526794,-0.014727563597261906,-0.42729809880256653,8.059260368347168,-10.26490592956543,0.0,0.0,2.376347780227661,0.8332804441452026,0.0,0.2510397434234619,1.0,1.0,1.0,1.0
30.75,408.3977846857201,-0.9213935732841492,0.5945085287094116,-0.025341637432575226,-0.9213935732841492,-0.025341637432575226,-0.9213935732841492,407.3939514160156,-0.9184859395027161,15.671703338623047,0.5945085287094116,-0.01814386062324047,-0.4077507257461548,8.179819107055664,-10.26490592956543,0.0,0.0,2.4417262077331543,0.8465942144393921,0.0,0.2724122405052185,1.0,1.0,1.0,1.0
30.8,409.1800221554173,-0.9136980772018433,0.6063702702522278,0.004695862997323275,-0.9136980772018433,0.004695862997323275,-0.9136980772018433,408.1764831542969,-0.941569983959198,15.64401912689209,0.6063702702522278,-0.021841999143362045,-0.37463319301605225,8.288818359375,-10.26490592956543,0.0,0.0,2.48913836479187,0.8419723510742188,0.0,0.2972566485404968,1.0,1.0,1.0,1.0
30.85,409.96029214695596,-0.8847405910491943,0.6122585535049438,0.035188134759664536,-0.8847405910491943,0.035188134759664536,-0.8847405910491943,408.9580078125,-0.9438816905021667,15.617836952209473,0.6122585535049438,-0.02567054145038128,-0.2676312327384949,8.333523750305176,-10.26490592956543,0.0,0.0,2.383004665374756,0.8172889351844788,0.0,0.3240615725517273,1.0,1.0,1.0,1.0
30.900000000000002,410.738218406333,-0.8349824547767639,0.6100242137908936,0.06578228622674942,-0.8349824547767639,0.06578228622674942,-0.8349824547767639,409.73809814453125,-0.9253318309783936,15.596661567687988,0.6100242137908936,-0.029497498646378517,-0.12906721234321594,8.335886001586914,-10.26490592956543,0.0,0.0,2.2121193408966064,0.7745869755744934,0.0,0.34929022192955017,1.0,1.0,1.0,1.0
30.95,411.5135869846104,-0.7650271654129028,0.5991784334182739,0.09605325758457184,-0.7650271654129028,0.09605325758457184,-0.7650271654129028,410.5165100097656,-0.8859526515007019,15.58072566986084,0.5991784334182739,-0.03299575299024582,0.000713006651494652,8.310022354125977,-10.26490592956543,0.0,0.0,2.041795253753662,0.7180776596069336,0.0,0.37209364771842957,1.0,1.0,1.0,1.0
31.0,412.28621117163925,-0.6754303574562073,0.5799043774604797,0.12557494640350342,-0.6754303574562073,0.12557494640350342,-0.6754303574562073,411.2929382324219,-0.8258476257324219,15.5698823928833,0.5799043774604797,-0.03585892170667648,0.12751851975917816,8.231619834899902,-10.26490592956543,0.0,0.0,1.8613585233688354,0.652281641960144,0.0,0.3924349248409271,1.0,1.0,1.0,1.0
31.05,413.05603114366266,-0.5669900178909302,0.5488561987876892,0.15388992428779602,-0.5669900178909302,0.15388992428779602,-0.5669900178909302,412.0671081542969,-0.7452858686447144,15.56636905670166,0.5488561987876892,-0.03808850422501564,0.348323255777359,7.849341869354248,-10.26490592956543,0.0,0.0,1.505206823348999,0.5813402533531189,0.0,0.4088302552700043,1.0,1.0,1.0,1.0
31.1,413.8235974622667,-0.4421039819717407,0.4922991096973419,0.18006524443626404,-0.4421039819717407,0.18006524443626404,-0.4421039819717407,412.839111328125,-0.6452279686927795,15.573888778686523,0.4922991096973419,-0.0399806909263134,0.5094093680381775,7.18433141708374,-10.26490592956543,0.0,0.0,1.0839171409606934,0.5084865093231201,0.0,0.41809961199760437,1.0,1.0,1.0,1.0
31.150000000000002,414.58973819629585,-0.3041369915008545,0.40795445442199707,0.20272554457187653,-0.3041369915008545,0.20272554457187653,-0.3041369915008545,413.60919189453125,-0.527309000492096,15.588481903076172,0.40795445442199707,-0.04068133980035782,0.6053820252418518,6.39001989364624,-10.26490592956543,0.0,0.0,0.6634185314178467,0.43610602617263794,0.0,0.42350566387176514,1.0,1.0,1.0,1.0
31.2,415.3552579708527,-0.15625257790088654,0.2988697290420532,0.22054380178451538,-0.15625257790088654,0.22054380178451538,-0.15625257790088654,414.3775329589844,-0.39350125193595886,15.608623504638672,0.2988697290420532,-0.039381470531225204,0.6620362997055054,5.3686041831970215,-10.26490592956543,0.0,0.0,0.2433633953332901,0.3660315275192261,0.0,0.42589396238327026,1.0,1.0,1.0,1.0
31.25,416.1210682133629,-0.0018870608182623982,0.17442378401756287,0.23245568573474884,-0.0018870608182623982,0.23245568573474884,-0.0018870608182623982,415.1445617675781,-0.24624307453632355,15.633454322814941,0.17442378401756287,-0.03560983017086983,0.6830601692199707,4.28076171875,-10.26490592956543,0.0,0.0,-0.07216531038284302,0.29935649037361145,0.0,0.425666868686676,1.0,1.0,1.0,1.0
31.3,416.88790248069193,0.15606246888637543,0.04856055602431297,0.23809227347373962,0.15606246888637543,0.23809227347373962,0.15606246888637543,415.91082763671875,-0.08825583755970001,15.661561012268066,0.04856055602431297,-0.02950654923915863,0.6685123443603516,2.8405535221099854,-10.26490592956543,0.0,0.0,-0.3604467511177063,0.2365555763244629,0.0,0.4237821698188782,1.0,1.0,1.0,1.0
31.35,417.6565341391795,0.3140040636062622,-0.07451120018959045,0.23748132586479187,0.3140040636062622,0.23748132586479187,0.3140040636062622,416.6770324707031,0.07700704783201218,15.69136905670166,-0.07451120018959045,-0.02221621759235859,0.6245531439781189,1.1328543424606323,-10.26490592956543,0.0,0.0,-0.6493978500366211,0.17714473605155945,0.0,0.4196891188621521,1.0,1.0,1.0,1.0
31.400000000000002,418.4277149105796,0.46772125363349915,-0.18779680132865906,0.23091773688793182,0.46772125363349915,0.23091773688793182,0.46772125363349915,417.444091796875,0.24537701904773712,15.72068977355957,-0.18779680132865906,-0.014814588241279125,0.5539548397064209,-0.8040151000022888,-10.26490592956543,0.0,0.0,-0.939302384853363,0.11978669464588165,0.0,0.41432684659957886,1.0,1.0,1.0,1.0
31.45,419.20186411384935,0.6133367419242859,-0.2748308777809143,0.21923941373825073,0.6133367419242859,0.21923941373825073,0.6133367419242859,418.21295166015625,0.4122391939163208,15.747845649719238,-0.2748308777809143,-0.008217160589993,0.4927060604095459,-2.4773097038269043,-10.26490592956543,0.0,0.0,-1.1395004987716675,0.06256095319986343,0.0,0.40882137417793274,1.0,1.0,1.0,1.0
31.5,419.97874158579646,0.7491720914840698,-0.3300575613975525,0.20404280722141266,0.7491720914840698,0.20404280722141266,0.7491720914840698,418.9842834472656,0.5734332799911499,15.771763801574707,-0.3300575613975525,-0.0029545039869844913,0.4241192638874054,-3.823805809020996,-10.26490592956543,0.0,0.0,-1.3214271068572998,0.003882455173879862,0.0,0.4043409526348114,1.0,1.0,1.0,1.0
31.55,420.7578564468093,0.8744860887527466,-0.3671150803565979,0.18658103048801422,0.8744860887527466,0.18658103048801422,0.8744860887527466,419.75860595703125,0.725538432598114,15.791380882263184,-0.3671150803565979,0.00066768639953807,0.3461928069591522,-4.929951190948486,-10.26490592956543,0.0,0.0,-1.5038800239562988,-0.056865837424993515,0.0,0.40201637148857117,1.0,1.0,1.0,1.0
31.6,421.53883474197625,0.9881542325019836,-0.3967786133289337,0.16748598217964172,0.9881542325019836,0.16748598217964172,0.9881542325019836,420.5360107421875,0.8657421469688416,15.80622673034668,-0.3967786133289337,0.0027537657879292965,0.264758437871933,-5.831808090209961,-10.26490592956543,0.0,0.0,-1.6873209476470947,-0.11939483135938644,0.0,0.4019627273082733,1.0,1.0,1.0,1.0
31.650000000000002,422.3215828339876,1.0882242918014526,-0.42775601148605347,0.14690765738487244,1.0882242918014526,0.14690765738487244,1.0882242918014526,421.3164978027344,0.991723895072937,15.815937042236328,-0.42775601148605347,0.0037563438527286053,0.1620284765958786,-6.563292026519775,-10.26490592956543,0.0,0.0,-1.891452670097351,-0.1826668232679367,0.0,0.40366408228874207,1.0,1.0,1.0,1.0
31.7,423.10613711440254,1.172156572341919,-0.4642077386379242,0.12464868277311325,1.172156572341919,0.12464868277311325,1.172156572341919,422.0997314453125,1.101595401763916,15.820067405700684,-0.4642077386379242,0.0044626398012042046,0.05708653852343559,-7.095873832702637,-10.26490592956543,0.0,0.0,-2.099578857421875,-0.24496102333068848,0.0,0.40828314423561096,1.0,1.0,1.0,1.0
31.75,423.8923661573484,1.2377597093582153,-0.5041309595108032,0.10046758502721786,1.2377597093582153,0.10046758502721786,1.2377597093582153,422.88531494140625,1.1939067840576172,15.818832397460938,-0.5041309595108032,0.00555375125259161,-0.03709171339869499,-7.541226387023926,-10.26490592956543,0.0,0.0,-2.3081507682800293,-0.3039095997810364,0.0,0.41598761081695557,1.0,1.0,1.0,1.0
31.8,424.6798924966034,1.2833635807037354,-0.5437171459197998,0.07427889853715897,1.2833635807037354,0.07427889853715897,1.2833635807037354,423.6726989746094,1.2674793004989624,15.812627792358398,-0.5437171459197998,0.007393719162791967,-0.11133500188589096,-7.871583461761475,-10.26490592956543,0.0,0.0,-2.497666358947754,-0.3567160964012146,0.0,0.42673325538635254,1.0,1.0,1.0,1.0
31.85,425.468093612591,1.3079344034194946,-0.5767088532447815,0.04624507203698158,1.3079344034194946,0.04624507203698158,1.3079344034194946,424.46124267578125,1.3214442729949951,15.80359935760498,-0.5767088532447815,0.010262221097946167,-0.11215840280056,-8.047677040100098,-10.26490592956543,0.0,0.0,-2.5741817951202393,-0.40016970038414,0.0,0.4397539794445038,1.0,1.0,1.0,1.0
31.900000000000002,426.2562922370009,1.311295986175537,-0.5995393991470337,0.016808075830340385,1.311295986175537,0.016808075830340385,1.311295986175537,425.2504577636719,1.3552939891815186,15.793749809265137,-0.5995393991470337,0.014025592245161533,-0.09823928773403168,-8.177379608154297,-10.26490592956543,0.0,0.0,-2.6214351654052734,-0.4306533634662628,0.0,0.4536975622177124,1.0,1.0,1.0,1.0
31.95,427.0437867481217,1.2935059070587158,-0.612882673740387,-0.013532289303839207,1.2935059070587158,-0.013532289303839207,1.2935059070587158,426.0397644042969,1.3686778545379639,15.782896995544434,-0.612882673740387,0.018281174823641777,-0.08318918198347092,-8.275175094604492,-10.26490592956543,0.0,0.0,-2.668647289276123,-0.4445328712463379,0.0,0.46842142939567566,1.0,1.0,1.0,1.0
32.0,427.8298763056352,1.254684567451477,-0.6182174682617188,-0.044337883591651917,1.254684567451477,-0.044337883591651917,1.254684567451477,426.82855224609375,1.3613371849060059,15.771190643310547,-0.6182174682617188,0.022692065685987473,-0.04267706722021103,-8.339276313781738,-10.26490592956543,0.0,0.0,-2.666747570037842,-0.43927520513534546,0.0,0.4839533269405365,1.0,1.0,1.0,1.0
32.05,428.6140119066322,1.1950881481170654,-0.6160992980003357,-0.07523012906312943,1.1950881481170654,-0.07523012906312943,1.1950881481170654,427.6163635253906,1.333120584487915,15.76224422454834,-0.6160992980003357,0.02702770195901394,0.10926338285207748,-8.345736503601074,-10.26490592956543,0.0,0.0,-2.437882661819458,-0.41598713397979736,0.0,0.4983576834201813,1.0,1.0,1.0,1.0
32.1,429.3959978186661,1.115216851234436,-0.6050214171409607,-0.10580528527498245,1.115216851234436,-0.10580528527498245,1.115216851234436,428.4028625488281,1.2840232849121094,15.75998592376709,-0.6050214171409607,0.031096773222088814,0.27156078815460205,-8.290207862854004,-10.26490592956543,0.0,0.0,-2.1621031761169434,-0.3783554434776306,0.0,0.5082677006721497,1.0,1.0,1.0,1.0
32.15,430.1757756551707,1.0158195495605469,-0.5830292105674744,-0.1355668306350708,1.0158195495605469,-0.1355668306350708,1.0158195495605469,429.1878356933594,1.2142032384872437,15.764019012451172,-0.5830292105674744,0.03463796153664589,0.4175339639186859,-8.151568412780762,-10.26490592956543,0.0,0.0,-1.8871018886566162,-0.3305470943450928,0.0,0.5141478776931763,1.0,1.0,1.0,1.0
32.2,430.9533713249066,0.8979467749595642,-0.5484094023704529,-0.16392770409584045,0.8979467749595642,-0.16392770409584045,0.8979467749595642,429.9710998535156,1.1240235567092896,15.774113655090332,-0.5484094023704529,0.03738417848944664,0.5570708513259888,-7.88664436340332,-10.26490592956543,0.0,0.0,-1.5921669006347656,-0.2764526307582855,0.0,0.5161888599395752,1.0,1.0,1.0,1.0
32.25,431.72908887931385,0.7632730007171631,-0.4945739507675171,-0.19013814628124237,0.7632730007171631,-0.19013814628124237,0.7632730007171631,430.7525329589844,1.0142019987106323,15.792539596557617,-0.4945739507675171,0.03930414840579033,0.7405553460121155,-7.288936614990234,-10.26490592956543,0.0,0.0,-1.1731375455856323,-0.21944350004196167,0.0,0.5147009491920471,1.0,1.0,1.0,1.0
32.3,432.5037404217976,0.6148129105567932,-0.41373345255851746,-0.21299774944782257,0.6148129105567932,-0.21299774944782257,0.6148129105567932,431.5323486328125,0.8861640095710754,15.817646026611328,-0.41373345255851746,0.040127284824848175,0.7924951314926147,-6.504324436187744,-10.265110969543457,0.0886436179280281,26.32736587524414,-0.7452307939529419,-0.1620573103427887,0.0,0.5089369416236877,1.0,1.0,1.0,1.0
32.35,433.2781538624271,0.4559292197227478,-0.3078401982784271,-0.23118512332439423,0.4559292197227478,-0.23118512332439423,0.4559292197227478,432.3106689453125,0.7418651580810547,15.846010208129883,-0.3078401982784271,0.03905847668647766,0.8054196238517761,-5.512940883636475,-10.242898941040039,1.6718313694000244,54.59968948364258,-0.31746476888656616,-0.10617183893918991,0.0,0.5001385807991028,1.0,1.0,1.0,1.0
32.4,434.05326169417145,0.2902189791202545,-0.1826731115579605,-0.24357479810714722,0.2902189791202545,-0.24357479810714722,0.2902189791202545,433.08782958984375,0.5837506055831909,15.877631187438965,-0.1826731115579605,0.035759929567575455,0.8091182112693787,-4.231821060180664,-10.101195335388184,3.608670711517334,8.225685119628906,0.08210616558790207,-0.05296560749411583,0.0,0.48851874470710754,1.0,1.0,1.0,1.0
32.45,434.8299528234573,0.12110602855682373,-0.056592196226119995,-0.24956917762756348,0.12110602855682373,-0.24956917762756348,0.12110602855682373,433.8643798828125,0.41472506523132324,15.910904884338379,-0.056592196226119995,0.0298047736287117,0.7697533369064331,-3.102116346359253,-9.875227928161621,5.53402042388916,36.49159240722656,0.30037474632263184,-0.0028664423152804375,0.0,0.4745147228240967,1.0,1.0,1.0,1.0
32.5,435.6086021936261,-0.049282196909189224,0.057606399059295654,-0.24954770505428314,-0.049282196909189224,-0.24954770505428314,-0.049282196909189224,434.640869140625,0.23773804306983948,15.94504165649414,0.057606399059295654,0.022055653855204582,0.7166455984115601,-1.5935362577438354,-9.565022468566895,6.619015693664551,9.538818359375,0.519191324710846,0.04406719282269478,0.0,0.45874080061912537,1.0,1.0,1.0,1.0
32.55,436.3897248485685,-0.21782444417476654,0.15647421777248383,-0.24416910111904144,-0.21782444417476654,-0.24416910111904144,-0.21782444417476654,435.4181213378906,0.05644983798265457,15.978443145751953,0.15647421777248383,0.014122333377599716,0.6450445055961609,0.16500921547412872,-9.22842788696289,6.768065452575684,0.041702087968587875,0.7386999726295471,0.08864058554172516,0.0,0.44196030497550964,1.0,1.0,1.0,1.0
32.6,437.17378081164844,-0.38087788224220276,0.23352354764938354,-0.23435640335083008,-0.38087788224220276,-0.23435640335083008,-0.38087788224220276,436.197021484375,-0.12487529963254929,16.009252548217773,0.23352354764938354,0.00743767200037837,0.5622419714927673,1.9460182189941406,-8.89089298248291,6.712224006652832,-3.1919126510620117,0.9595242738723755,0.13234564661979675,0.0,0.42568305134773254,1.0,1.0,1.0,1.0
32.65,437.9608891429313,-0.5354459285736084,0.2900932729244232,-0.22123034298419952,-0.5354459285736084,-0.22123034298419952,-0.5354459285736084,436.9783935546875,-0.30189770460128784,16.035837173461914,0.2900932729244232,0.002631305018439889,0.4700789749622345,3.408865213394165,-8.55791187286377,6.7454423904418945,11.90934944152832,1.1831878423690796,0.17673051357269287,0.0,0.41161665320396423,1.0,1.0,1.0,1.0
32.7,438.75077916102185,-0.6797124147415161,0.33510348200798035,-0.20558784902095795,-0.6797124147415161,-0.20558784902095795,-0.6797124147415161,437.7627258300781,-0.47091588377952576,16.05716896057129,0.33510348200798035,-0.0005591892404481769,0.36884260177612305,4.599232196807861,-8.193743705749512,7.95422887802124,30.242202758789062,1.4076579809188843,0.22245921194553375,0.0,0.4004731774330139,1.0,1.0,1.0,1.0
32.75,439.54307795653966,-0.8121932148933411,0.3748517632484436,-0.18785002827644348,-0.8121932148933411,-0.18785002827644348,-0.8121932148933411,438.5503234863281,-0.6288994550704956,16.07256507873535,0.3748517632484436,-0.0024511399678885937,0.25911206007003784,5.594234466552734,-7.76045036315918,9.260116577148438,19.379878997802734,1.6328145265579224,0.2692539095878601,0.0,0.39263972640037537,1.0,1.0,1.0,1.0
32.8,440.33758156724303,-0.9309296607971191,0.4150707423686981,-0.16812996566295624,-0.9309296607971191,-0.16812996566295624,-0.9309296607971191,439.34112548828125,-0.773305356502533,16.08180809020996,0.4150707423686981,-0.0035518635995686054,0.14707015454769135,6.390603542327881,-7.278939247131348,9.936744689941406,21.510318756103516,1.849043607711792,0.31611868739128113,0.0,0.38813719153404236,1.0,1.0,1.0,1.0
32.85,441.1342289073484,-1.0336377620697021,0.45689526200294495,-0.14635823667049408,-1.0336377620697021,-0.14635823667049408,-1.0336377620697021,440.13494873046875,-0.902083158493042,16.08516502380371,0.45689526200294495,-0.004599584266543388,0.03965670242905617,6.965337753295898,-6.756824493408203,10.811305046081543,15.137150764465332,2.045914649963379,0.3613567054271698,0.0,0.3867644965648651,1.0,1.0,1.0,1.0
32.9,441.932866375908,-1.1182821989059448,0.4991888403892517,-0.1224735677242279,-1.1182821989059448,-0.1224735677242279,-1.1182821989059448,440.9313659667969,-1.0136772394180298,16.082822799682617,0.4991888403892517,-0.006148509681224823,-0.059351857751607895,7.428732872009277,-6.209112644195557,10.909782409667969,-12.764699935913086,2.241584539413452,0.4025871753692627,0.0,0.38747796416282654,1.0,1.0,1.0,1.0
32.95,442.733099127409,-1.1832361221313477,0.5396220088005066,-0.09651284664869308,-1.1832361221313477,-0.09651284664869308,-1.1832361221313477,441.72991943359375,-1.106828212738037,16.074954986572266,0.5396220088005066,-0.008414005860686302,-0.15327291190624237,7.831993103027344,-5.722383499145508,8.37934398651123,-39.0330924987793,2.437647581100464,0.4369555413722992,0.0,0.39069482684135437,1.0,1.0,1.0,1.0
33.0,443.53432841764055,-1.2273043394088745,0.5753642916679382,-0.06862404197454453,-1.2273043394088745,-0.06862404197454453,-1.2273043394088745,442.52996826171875,-1.1804758310317993,16.06204605102539,0.5753642916679382,-0.011505925096571445,-0.19995906949043274,8.100897789001465,-5.336418628692627,7.147369861602783,-20.779285430908203,2.5671143531799316,0.46125999093055725,0.0,0.39702656865119934,1.0,1.0,1.0,1.0
33.05,444.3358649521939,-1.2500015497207642,0.6011639833450317,-0.039176326245069504,-1.2500015497207642,-0.039176326245069504,-1.2500015497207642,443.3309326171875,-1.2339060306549072,16.047666549682617,0.6011639833450317,-0.015517719089984894,-0.1660275012254715,8.24258041381836,-5.0002055168151855,6.373227596282959,-13.855913162231445,2.5493977069854736,0.47193679213523865,0.0,0.405172735452652,1.0,1.0,1.0,1.0
33.1,445.13707423129455,-1.2514209747314453,0.6162717342376709,-0.008706810884177685,-1.2514209747314453,-0.008706810884177685,-1.2514209747314453,444.13226318359375,-1.266716718673706,16.033100128173828,0.6162717342376709,-0.020107904449105263,-0.13474151492118835,8.358444213867188,-4.7025227546691895,5.46760892868042,-23.7750301361084,2.5316882133483887,0.46548551321029663,0.0,0.4140534996986389,1.0,1.0,1.0,1.0
33.15,445.9372981673127,-1.23163640499115,0.6225442886352539,0.022292792797088623,-1.23163640499115,0.022292792797088623,-1.23163640499115,444.9334411621094,-1.2786060571670532,16.01805877685547,0.6225442886352539,-0.024863768368959427,-0.10300601273775101,8.444497108459473,-4.465976715087891,3.8984243869781494,-39.10488510131836,2.514000177383423,0.4399498701095581,0.0,0.4236859977245331,1.0,1.0,1.0,1.0
33.2,446.73589328904166,-1.1907461881637573,0.621708869934082,0.05342851206660271,-1.1907461881637573,0.05342851206660271,-1.1907461881637573,445.7339172363281,-1.2693581581115723,16.003286361694336,0.621708869934082,-0.029496008530259132,-0.009487624280154705,8.47722339630127,-4.3266377449035645,1.637650728225708,-45.33538818359375,2.366455078125,0.39684873819351196,0.0,0.433877170085907,1.0,1.0,1.0,1.0
33.25,447.5324889572727,-1.1291993856430054,0.6107460260391235,0.08430105447769165,-1.1291993856430054,0.08430105447769165,-1.1291993856430054,446.5332336425781,-1.2389401197433472,15.99496078491211,0.6107460260391235,-0.03399185463786125,0.19796572625637054,8.334345817565918,-4.295678615570068,-0.21644487977027893,-27.8707275390625,2.0046021938323975,0.33986982703208923,0.0,0.4407438635826111,1.0,1.0,1.0,1.0
33.3,448.3271340736521,-1.048272728919983,0.5835707783699036,0.11425071209669113,-1.048272728919983,0.11425071209669113,-1.048272728919983,447.3313293457031,-1.1877082586288452,15.994858741760254,0.5835707783699036,-0.03820575028657913,0.3731054961681366,8.045222282409668,-4.333714962005615,-1.1435952186584473,-11.257463455200195,1.6436365842819214,0.2730053961277008,0.0,0.4427255094051361,1.0,1.0,1.0,1.0
33.35,449.1200223583912,-0.9498247504234314,0.536529541015625,0.1423628181219101,-0.9498247504234314,0.1423628181219101,-0.9498247504234314,448.1280212402344,-1.1163904666900635,16.00188636779785,0.536529541015625,-0.041692398488521576,0.5109655857086182,7.615496635437012,-4.399796485900879,-1.3921575546264648,1.236133098602295,1.2834713459014893,0.19982396066188812,0.0,0.44204068183898926,1.0,1.0,1.0,1.0
33.4,449.9114718912812,-0.8360482454299927,0.46846577525138855,0.16760817170143127,-0.8360482454299927,0.16760817170143127,-0.8360482454299927,448.9233093261719,-1.0260558128356934,16.014116287231445,0.46846577525138855,-0.043822042644023895,0.5876873731613159,7.0781989097595215,-4.463654518127441,-1.1349042654037476,5.849505424499512,0.93376624584198,0.1233820840716362,0.0,0.43924376368522644,1.0,1.0,1.0,1.0
33.45,450.70186109823845,-0.7092251181602478,0.3808945417404175,0.18896234035491943,-0.7092251181602478,0.18896234035491943,-0.7092251181602478,449.7170715332031,-0.9180471897125244,16.030349731445312,0.3808945417404175,-0.04389876872301102,0.640762984752655,6.414186954498291,-4.511600017547607,-0.7604364156723022,9.668441772460938,0.5959717035293579,0.04626575857400894,0.0,0.43432337045669556,1.0,1.0,1.0,1.0
33.5,451.49171103136996,-0.5718517899513245,0.27665358781814575,0.20551489293575287,-0.5718517899513245,0.20551489293575287,-0.5718517899513245,450.50946044921875,-0.7940278053283691,16.05044937133789,0.27665358781814575,-0.041560422629117966,0.6648961305618286,5.525215148925781,-4.533566951751709,-0.08396463841199875,15.252416610717773,0.258662611246109,-0.02948523312807083,0.0,0.42721685767173767,1.0,1.0,1.0,1.0
33.55,452.2817246361296,-0.4270551800727844,0.16022829711437225,0.21653544902801514,-0.4270551800727844,0.21653544902801514,-0.4270551800727844,451.3006591796875,-0.6562051773071289,16.074466705322266,0.16022829711437225,-0.0369514524936676,0.6735318899154663,4.2955474853515625,-4.514842987060547,0.9712687730789185,33.363525390625,-0.07870941609144211,-0.10260946303606033,0.0,0.4176952838897705,1.0,1.0,1.0,1.0
33.6,453.07276145060445,-0.2786721885204315,0.03901352733373642,0.22155538201332092,-0.2786721885204315,0.22155538201332092,-0.2786721885204315,452.0911865234375,-0.5075493454933167,16.101062774658203,0.03901352733373642,-0.03050093725323677,0.6340674757957458,2.9563112258911133,-4.422547340393066,2.418961763381958,17.808439254760742,-0.33365920186042786,-0.172835573554039,0.0,0.4058617949485779,1.0,1.0,1.0,1.0
33.65,453.86533431577186,-0.1296338140964508,-0.06954079866409302,0.22077485918998718,-0.1296338140964508,0.22077485918998718,-0.1296338140964508,452.88165283203125,-0.3512874245643616,16.128650665283203,-0.06954079866409302,-0.02231256477534771,0.5899253487586975,1.5909802913665771,-4.292835712432861,2.6563308238983154,1.3940629959106445,-0.5080621838569641,-0.2404020130634308,0.0,0.39231494069099426,1.0,1.0,1.0,1.0
33.7,454.65971816109203,0.01769685186445713,-0.15902329981327057,0.21501505374908447,0.01769685186445713,0.21501505374908447,0.01769685186445713,453.67266845703125,-0.19082245230674744,16.15587615966797,-0.15902329981327057,-0.013866295106709003,0.5272358059883118,-0.051684942096471786,-4.1569719314575195,2.8090715408325195,4.845325469970703,-0.6828623414039612,-0.305918425321579,0.0,0.37758538126945496,1.0,1.0,1.0,1.0
33.75,455.4562012443818,0.1602989137172699,-0.22446750104427338,0.2053564488887787,0.1602989137172699,0.2053564488887787,0.1602989137172699,454.4649658203125,-0.0301490668207407,16.18094825744629,-0.22446750104427338,-0.006783265620470047,0.4561804234981537,-1.7093969583511353,-4.009371280670166,3.097613573074341,5.495803356170654,-0.8581234812736511,-0.3706696331501007,0.0,0.36275985836982727,1.0,1.0,1.0,1.0
33.8,456.2548562987006,0.2955559194087982,-0.27088499069213867,0.19294793903827667,0.2955559194087982,0.19294793903827667,0.2955559194087982,455.2592468261719,0.1266539990901947,16.20222282409668,-0.27088499069213867,-0.0017948341555893421,0.36898043751716614,-3.1299641132354736,-3.8489959239959717,3.2651171684265137,0.6693490147590637,-1.064798355102539,-0.4359816014766693,0.0,0.3494437336921692,1.0,1.0,1.0,1.0
33.85,457.05552104363426,0.42145898938179016,-0.3106118142604828,0.17841392755508423,0.42145898938179016,0.17841392755508423,0.42145898938179016,456.055908203125,0.27599233388900757,16.21843147277832,-0.3106118142604828,0.001243851613253355,0.2720862030982971,-4.321640491485596,-3.6895973682403564,3.0537660121917725,-6.361708641052246,-1.296237826347351,-0.502414882183075,0.0,0.33878815174102783,1.0,1.0,1.0,1.0
33.9,457.8579407280878,0.5361654162406921,-0.3484634459018707,0.1619577556848526,0.5361654162406921,0.1619577556848526,0.5361654162406921,456.85516357421875,0.4148472547531128,16.228952407836914,-0.3484634459018707,0.0028729892801493406,0.16556726396083832,-5.308030605316162,-3.543128252029419,2.8637149333953857,0.24539338052272797,-1.5281860828399658,-0.5696896910667419,0.0,0.3312099575996399,1.0,1.0,1.0,1.0
33.95,458.6619275408158,0.6375836730003357,-0.38890334963798523,0.14355987310409546,0.6375836730003357,0.14355987310409546,0.6375836730003357,457.65692138671875,0.5407031774520874,16.233524322509766,-0.38890334963798523,0.003684517927467823,0.052847471088171005,-6.129785537719727,-3.395724296569824,3.101296901702881,9.220300674438477,-1.7592378854751587,-0.6368134021759033,0.0,0.3268938362598419,1.0,1.0,1.0,1.0
34.0,459.467363495558,0.7233277559280396,-0.43237704038619995,0.12305212765932083,0.7233277559280396,0.12305212765932083,0.7233277559280396,458.46099853515625,0.6514735817909241,16.232410430908203,-0.43237704038619995,0.0044324807822704315,-0.0359048992395401,-6.69187068939209,-3.2260818481445312,3.659268617630005,8.602176666259766,-1.9384756088256836,-0.7021569609642029,0.0,0.3260551393032074,1.0,1.0,1.0,1.0
34.05,460.2740702688401,0.7916397452354431,-0.4738291800022125,0.10040537267923355,0.7916397452354431,0.10040537267923355,0.7916397452354431,459.2669982910156,0.7456572651863098,16.22711753845215,-0.4738291800022125,0.005857492797076702,-0.11061274260282516,-7.132943153381348,-3.0330755710601807,4.0653815269470215,10.072422981262207,-2.081735610961914,-0.7633455395698547,0.0,0.32658499479293823,1.0,1.0,1.0,1.0
34.1,461.0817317300548,0.8412243127822876,-0.5122266411781311,0.07575947791337967,0.8412243127822876,0.07575947791337967,0.8412243127822876,460.07452392578125,0.8220886588096619,16.217409133911133,-0.5122266411781311,0.007937057875096798,-0.1827024668455124,-7.540682315826416,-2.8121957778930664,4.843448638916016,20.543529510498047,-2.2251667976379395,-0.8174828886985779,0.0,0.32846543192863464,1.0,1.0,1.0,1.0
34.15,461.8898564781729,0.8708094954490662,-0.5466381311416626,0.049285128712654114,0.8708094954490662,0.049285128712654114,0.8708094954490662,460.88299560546875,0.879718005657196,16.203407287597656,-0.5466381311416626,0.010701321996748447,-0.24460110068321228,-7.856372833251953,-2.540977954864502,6.024789810180664,25.914936065673828,-2.3686821460723877,-0.8613489270210266,0.0,0.33266115188598633,1.0,1.0,1.0,1.0
34.2,462.6977613918138,0.879511833190918,-0.5742751359939575,0.02123502641916275,0.879511833190918,0.02123502641916275,0.879511833190918,461.69183349609375,0.9177321791648865,16.186416625976562,-0.5742751359939575,0.014226248487830162,-0.23313206434249878,-8.019256591796875,-2.2076303958892822,7.227142333984375,19.937990188598633,-2.3826394081115723,-0.8913618922233582,0.0,0.33900266885757446,1.0,1.0,1.0,1.0
34.25,463.5048082299885,0.8673343062400818,-0.5909085869789124,-0.007932593114674091,0.8673343062400818,-0.007932593114674091,0.8673343062400818,462.5005187988281,0.9356900453567505,16.16967010498047,-0.5909085869789124,0.018484553322196007,-0.18638816475868225,-8.10393238067627,-1.8238662481307983,8.080452919006348,16.581750869750977,-2.328413486480713,-0.9039537906646729,0.0,0.34597525000572205,1.0,1.0,1.0,1.0
34.300000000000004,464.3104321418893,0.8345958590507507,-0.5975680351257324,-0.03767743334174156,0.8345958590507507,-0.03767743334174156,0.8345958590507507,463.30859375,0.9333651065826416,16.153284072875977,-0.5975680351257324,0.02301158756017685,-0.14429889619350433,-8.181840896606445,-1.3885120153427124,9.697134017944336,54.40909194946289,-2.274282217025757,-0.8976320624351501,0.0,0.3531588315963745,1.0,1.0,1.0,1.0
34.35,465.1140673771621,0.7814727425575256,-0.5968389511108398,-0.06756372004747391,0.7814727425575256,-0.06756372004747391,0.7814727425575256,464.1155090332031,0.9105682969093323,16.137014389038086,-0.5968389511108398,0.027399085462093353,-0.10104228556156158,-8.249326705932617,-0.8256505131721497,12.91780948638916,72.82837677001953,-2.2114205360412598,-0.8750935196876526,0.0,0.3606942892074585,1.0,1.0,1.0,1.0
34.4,465.9152162316616,0.7081583738327026,-0.5890716314315796,-0.09725365787744522,0.7081583738327026,-0.09725365787744522,0.7081583738327026,464.9208068847656,0.8671795129776001,16.122499465942383,-0.5890716314315796,0.03148185834288597,0.017029481008648872,-8.18717098236084,-0.22436408698558807,11.794508934020996,5.247105598449707,-2.0049798488616943,-0.840097188949585,0.0,0.3679468035697937,1.0,1.0,1.0,1.0
34.45,466.713714204625,0.6154904961585999,-0.5686642527580261,-0.12626901268959045,0.6154904961585999,-0.12626901268959045,0.6154904961585999,465.7241516113281,0.8033872842788696,16.113826751708984,-0.5686642527580261,0.035323359072208405,0.16162623465061188,-7.978037357330322,0.37408992648124695,12.261175155639648,13.501648902893066,-1.718777060508728,-0.7962238192558289,0.0,0.3717235028743744,1.0,1.0,1.0,1.0
34.5,467.50968494277555,0.5049839019775391,-0.5327359437942505,-0.15388739109039307,0.5049839019775391,-0.15388739109039307,0.5049839019775391,466.525390625,0.7197341322898865,16.110797882080078,-0.5327359437942505,0.038516078144311905,0.27958574891090393,-7.6831278800964355,1.0040547847747803,12.92318058013916,13.104668617248535,-1.4334814548492432,-0.7466309070587158,0.0,0.3722725808620453,1.0,1.0,1.0,1.0
34.550000000000004,468.3033386831966,0.3782508373260498,-0.481313556432724,-0.17932894825935364,0.3782508373260498,-0.17932894825935364,0.3782508373260498,467.3243713378906,0.6169788241386414,16.11235237121582,-0.481313556432724,0.0405706986784935,0.36166906356811523,-7.294755458831787,1.6657276153564453,13.505746841430664,10.033482551574707,-1.1490179300308228,-0.694119393825531,0.0,0.3715195655822754,1.0,1.0,1.0,1.0
34.6,469.09496101853034,0.2369995415210724,-0.4148390591144562,-0.20182426273822784,0.2369995415210724,-0.20182426273822784,0.2369995415210724,468.1210021972656,0.4961128532886505,16.11782455444336,-0.4148390591144562,0.041019320487976074,0.4210616648197174,-6.811317443847656,2.3529775142669678,13.972606658935547,9.042614936828613,-0.8750805854797363,-0.6410865783691406,0.0,0.3691016733646393,1.0,1.0,1.0,1.0
34.65,469.8849416966788,0.08305773138999939,-0.3355419337749481,-0.2206714004278183,0.08305773138999939,-0.2206714004278183,0.08305773138999939,468.9152526855469,0.3583647608757019,16.1270694732666,-0.3355419337749481,0.03951331228017807,0.46222350001335144,-6.182061672210693,3.0624020099639893,14.3733491897583,6.364304542541504,-0.6054913997650146,-0.5895016193389893,0.0,0.3644833266735077,1.0,1.0,1.0,1.0
34.7,470.6738096095635,-0.08143262565135956,-0.24668003618717194,-0.23530282080173492,-0.08143262565135956,-0.23530282080173492,-0.08143262565135956,469.7072448730469,0.20530591905117035,16.139965057373047,-0.24668003618717194,0.036033619195222855,0.4832002818584442,-5.35194730758667,3.7867841720581055,14.54019546508789,-0.5454620122909546,-0.33628594875335693,-0.5407842397689819,0.0,0.35746151208877563,1.0,1.0,1.0,1.0
34.75,471.4622162811864,-0.2538706958293915,-0.15250302851200104,-0.2453424483537674,-0.2538706958293915,-0.2453424483537674,-0.2538706958293915,470.4973449707031,0.038983386009931564,16.156431198120117,-0.15250302851200104,0.030907874926924706,0.4928653836250305,-4.268435955047607,4.508617401123047,14.23158073425293,-14.123379707336426,-0.06724285334348679,-0.4956676661968231,0.0,0.3478628098964691,1.0,1.0,1.0,1.0
34.800000000000004,472.25088061194805,-0.43138372898101807,-0.06081053614616394,-0.25067830085754395,-0.43138372898101807,-0.25067830085754395,-0.43138372898101807,471.2860107421875,-0.13805067539215088,16.175315856933594,-0.06081053614616394,0.024468913674354553,0.46845272183418274,-3.2260637283325195,5.2077717781066895,13.934955596923828,6.915857315063477,0.10096262395381927,-0.45417195558547974,0.0,0.3358822464942932,1.0,1.0,1.0,1.0
34.85,473.04017226082954,-0.6120340824127197,0.017996447160840034,-0.251730352640152,-0.6120340824127197,-0.251730352640152,-0.6120340824127197,472.0738220214844,-0.3231983184814453,16.195274353027344,0.017996447160840034,0.01709922030568123,0.43855372071266174,-2.060276985168457,5.919339656829834,14.554518699645996,12.920531272888184,0.23359321057796478,-0.41606080532073975,0.0,0.3222289979457855,1.0,1.0,1.0,1.0
34.9,473.8303979383375,-0.793857753276825,0.08199912309646606,-0.24919642508029938,-0.793857753276825,-0.24919642508029938,-0.793857753276825,472.86138916015625,-0.5136221647262573,16.215200424194336,0.08199912309646606,0.010034316219389439,0.39712366461753845,-0.7474552392959595,6.660925388336182,15.041481018066406,6.369814872741699,0.3663795590400696,-0.3807295560836792,0.0,0.3074672520160675,1.0,1.0,1.0,1.0
34.95,474.6219215502427,-0.97444748878479,0.12965497374534607,-0.2438616156578064,-0.97444748878479,-0.2438616156578064,-0.97444748878479,473.6494445800781,-0.7061359286308289,16.233827590942383,0.12965497374534607,0.00432165153324604,0.3480120003223419,0.5776083469390869,7.417138576507568,15.091316223144531,-6.049339294433594,0.4976711869239807,-0.3471589684486389,0.0,0.2923992872238159,1.0,1.0,1.0,1.0
35.0,475.4150079234448,-1.1516004800796509,0.16258029639720917,-0.23651880025863647,-1.1516004800796509,-0.23651880025863647,-1.1516004800796509,474.4386901855469,-0.8975381851196289,16.250160217285156,0.16258029639720917,0.00041746097849681973,0.2994171380996704,1.6612519025802612,8.16272258758545,14.752229690551758,-3.790038824081421,0.6080582737922668,-0.3143214285373688,0.0,0.2780829668045044,1.0,1.0,1.0,1.0
35.050000000000004,476.209706421146,-1.3239392042160034,0.1857142597436905,-0.22779640555381775,-1.3239392042160034,-0.22779640555381775,-1.3239392042160034,475.2296142578125,-1.0851229429244995,16.263813018798828,0.1857142597436905,-0.0018733707256615162,0.24803566932678223,2.5241894721984863,8.899392127990723,14.779650688171387,3.749438762664795,0.7086995244026184,-0.28179022669792175,0.0,0.2648933529853821,1.0,1.0,1.0,1.0
35.1,477.00603127072185,-1.4903457164764404,0.20495131611824036,-0.2180318832397461,-1.4903457164764404,-0.2180318832397461,-1.4903457164764404,476.0225524902344,-1.2667335271835327,16.274538040161133,0.20495131611824036,-0.0028145047836005688,0.19386383891105652,3.2171874046325684,9.644185066223145,15.018265724182129,5.333008766174316,0.8095466494560242,-0.24983978271484375,0.0,0.2529660165309906,1.0,1.0,1.0,1.0
35.15,477.80409159667596,-1.6494934558868408,0.2237815260887146,-0.2073269486427307,-1.6494934558868408,-0.2073269486427307,-1.6494934558868408,476.8177185058594,-1.4406310319900513,16.282276153564453,0.2237815260887146,-0.002809785306453705,0.1329881101846695,3.7842719554901123,10.216203689575195,0.0,0.0,0.9104529619216919,-0.21928977966308594,0.0,0.24231067299842834,1.0,1.0,1.0,1.0
35.2,478.6040604327912,-1.7999448776245117,0.24521048367023468,-0.1956203132867813,-1.7999448776245117,-0.1956203132867813,-1.7999448776245117,477.6151123046875,-1.6053801774978638,16.28706169128418,0.24521048367023468,-0.0022267743479460478,0.07756427675485611,4.213596343994141,10.212653160095215,0.0,0.0,1.0029650926589966,-0.19139058887958527,0.0,0.2330031543970108,1.0,1.0,1.0,1.0
35.25,479.40611880869045,-1.940032720565796,0.267975389957428,-0.18280768394470215,-1.940032720565796,-0.18280768394470215,-1.940032720565796,478.41473388671875,-1.7598741054534912,16.289413452148438,0.267975389957428,-0.0016828803345561028,0.031298547983169556,4.509949207305908,10.209144592285156,0.0,0.0,1.0927016735076904,-0.16780337691307068,0.0,0.22483298182487488,1.0,1.0,1.0,1.0
35.300000000000004,480.2102552470603,-2.068368911743164,0.2921490967273712,-0.16882289946079254,-2.068368911743164,-0.16882289946079254,-2.068368911743164,479.21649169921875,-1.9033076763153076,16.28961944580078,0.2921490967273712,-0.0014478352386504412,-0.012671959586441517,4.774301528930664,10.205732345581055,0.0,0.0,1.182671070098877,-0.15058402717113495,0.0,0.21771271526813507,1.0,1.0,1.0,1.0
35.35,481.016346061485,-2.1837775707244873,0.31757354736328125,-0.15359605848789215,-2.1837775707244873,-0.15359605848789215,-2.1837775707244873,480.0202331542969,-2.0349626541137695,16.28763771057129,0.31757354736328125,-0.0016326295444741845,-0.05538933724164963,5.043178081512451,10.202463150024414,0.0,0.0,1.2728456258773804,-0.14195068180561066,0.0,0.21177883446216583,1.0,1.0,1.0,1.0
35.4,481.82416834381127,-2.2854137420654297,0.3407934606075287,-0.13712354004383087,-2.2854137420654297,-0.13712354004383087,-2.2854137420654297,480.82574462890625,-2.1541714668273926,16.283952713012695,0.3407934606075287,-0.002396766562014818,-0.0727311447262764,5.1849045753479,10.199380874633789,0.0,0.0,1.296776294708252,-0.14393244683742523,0.0,0.20687387883663177,1.0,1.0,1.0,1.0
35.45,482.63340221125304,-2.373230218887329,0.35696738958358765,-0.1196589395403862,-2.373230218887329,-0.1196589395403862,-2.373230218887329,481.6328430175781,-2.260507583618164,16.279329299926758,0.35696738958358765,-0.0037617774214595556,-0.08457110077142715,5.316863059997559,10.196508407592773,0.0,0.0,1.300795316696167,-0.1564883142709732,0.0,0.20254957675933838,1.0,1.0,1.0,1.0
35.5,483.4437319731456,-2.4472672939300537,0.36718085408210754,-0.10153955221176147,-2.4472672939300537,-0.10153955221176147,-2.4472672939300537,482.4413146972656,-2.3536136150360107,16.27371597290039,0.36718085408210754,-0.005331351887434721,-0.09580757468938828,5.460643768310547,10.193862915039062,0.0,0.0,1.3048198223114014,-0.1781730204820633,0.0,0.19898881018161774,1.0,1.0,1.0,1.0
35.550000000000004,484.2548669691014,-2.507354736328125,0.3731764853000641,-0.08301855623722076,-2.507354736328125,-0.08301855623722076,-2.507354736328125,483.2509460449219,-2.4331061840057373,16.267131805419922,0.3731764853000641,-0.006863893009722233,-0.10415046662092209,5.584257125854492,10.191462516784668,0.0,0.0,1.3047282695770264,-0.20742183923721313,0.0,0.19624492526054382,1.0,1.0,1.0,1.0
35.6,485.06652769662634,-2.5534133911132812,0.374023973941803,-0.06430429965257645,-2.5534133911132812,-0.06430429965257645,-2.5534133911132812,484.0614929199219,-2.4986791610717773,16.260108947753906,0.374023973941803,-0.008369164541363716,-0.09171321243047714,5.567037582397461,10.189319610595703,0.0,0.0,1.2488539218902588,-0.24268756806850433,0.0,0.194039985537529,1.0,1.0,1.0,1.0
35.65,485.87846270154347,-2.5860424041748047,0.3661119341850281,-0.045764222741127014,-2.5860424041748047,-0.045764222741127014,-2.5860424041748047,484.8726806640625,-2.550340414047241,16.253562927246094,0.3661119341850281,-0.009872600436210632,-0.07516657561063766,5.504077911376953,10.187424659729004,0.0,0.0,1.1711562871932983,-0.2826482355594635,0.0,0.19177348911762238,1.0,1.0,1.0,1.0
35.7,486.6904738336677,-2.605886936187744,0.35164061188697815,-0.027791140601038933,-2.605886936187744,-0.027791140601038933,-2.605886936187744,485.6842956542969,-2.5882527828216553,16.247468948364258,0.35164061188697815,-0.011025587096810341,-0.06031334027647972,5.409556865692139,10.185760498046875,0.0,0.0,1.093450903892517,-0.3260926306247711,0.0,0.18955768644809723,1.0,1.0,1.0,1.0
35.75,487.5024079720257,-2.6133949756622314,0.3328951895236969,-0.010654701851308346,-2.6133949756622314,-0.010654701851308346,-2.6133949756622314,486.49615478515625,-2.612647771835327,16.24190330505371,0.3328951895236969,-0.011690987274050713,-0.04653479903936386,5.266873836517334,10.184309959411621,0.0,0.0,1.0157527923583984,-0.3718835711479187,0.0,0.18733474612236023,1.0,1.0,1.0,1.0
35.800000000000004,488.31414707531064,-2.6090943813323975,0.31050217151641846,0.005459950305521488,-2.6090943813323975,0.005459950305521488,-2.6090943813323975,487.30804443359375,-2.6238949298858643,16.23713493347168,0.31050217151641846,-0.01190259587019682,-0.027341078966856003,5.026900291442871,10.183052062988281,0.0,0.0,0.9144536256790161,-0.4190349876880646,0.0,0.18499352037906647,1.0,1.0,1.0,1.0
35.85,489.12561134239616,-2.5938241481781006,0.28390586376190186,0.020348889753222466,-2.5938241481781006,0.020348889753222466,-2.5938241481781006,488.11981201171875,-2.6225802898406982,16.23347282409668,0.28390586376190186,-0.011710835620760918,-0.00914940144866705,4.735288619995117,10.181958198547363,0.0,0.0,0.8072919845581055,-0.4667746126651764,0.0,0.18235860764980316,1.0,1.0,1.0,1.0
35.9,489.9367512822649,-2.5685064792633057,0.2542150616645813,0.03382722660899162,-2.5685064792633057,0.03382722660899162,-2.5685064792633057,488.9313049316406,-2.6094377040863037,16.230924606323242,0.2542150616645813,-0.011071225628256798,0.006435284856706858,4.39478063583374,10.180996894836426,0.0,0.0,0.7001731395721436,-0.5144879221916199,0.0,0.17934444546699524,1.0,1.0,1.0,1.0
35.95,490.74754039397436,-2.5340864658355713,0.22245676815509796,0.04576641321182251,-2.5340864658355713,0.04576641321182251,-2.5340864658355713,489.7424621582031,-2.585322618484497,16.22945785522461,0.22245676815509796,-0.010017668828368187,0.018772218376398087,4.002793312072754,10.18013858795166,0.0,0.0,0.5949079394340515,-0.5617032051086426,0.0,0.17590020596981049,1.0,1.0,1.0,1.0
36.0,491.5579729947879,-2.491562843322754,0.1903505176305771,0.05609682574868202,-2.491562843322754,0.05609682574868202,-2.491562843322754,490.5531921386719,-2.551208734512329,16.22889518737793,0.1903505176305771,-0.00859136413782835,0.024879949167370796,3.60010027885437,10.179354667663574,0.0,0.0,0.5075164437294006,-0.6080957651138306,0.0,0.17202827334403992,1.0,1.0,1.0,1.0
36.050000000000004,492.36804403711494,-2.4418091773986816,0.16013020277023315,0.06486611068248749,-2.4418091773986816,0.06486611068248749,-2.4418091773986816,491.3634948730469,-2.5081114768981934,16.228973388671875,0.16013020277023315,-0.006884638220071793,0.027386346831917763,3.157240629196167,10.17862319946289,0.0,0.0,0.4267575144767761,-0.6534241437911987,0.0,0.16780005395412445,1.0,1.0,1.0,1.0
36.1,493.1777623356486,-2.385788917541504,0.13169723749160767,0.07216928899288177,-2.385788917541504,0.07216928899288177,-2.385788917541504,492.17333984375,-2.457132577896118,16.22952651977539,0.13169723749160767,-0.005139312706887722,0.027202939614653587,2.6786086559295654,10.17792797088623,0.0,0.0,0.34603381156921387,-0.6975609064102173,0.0,0.16327166557312012,1.0,1.0,1.0,1.0
36.15,493.98716204315843,-2.3246102333068848,0.1047687977552414,0.07808877527713776,-2.3246102333068848,0.07808877527713776,-2.3246102333068848,492.9827880859375,-2.3994665145874023,16.2303409576416,0.1047687977552414,-0.003518609330058098,0.0243632011115551,2.1830732822418213,10.177257537841797,0.0,0.0,0.26534196734428406,-0.7404859662055969,0.0,0.15853050351142883,1.0,1.0,1.0,1.0
36.2,494.79628597808664,-2.259333610534668,0.08089853078126907,0.08272074908018112,-2.259333610534668,0.08272074908018112,-2.259333610534668,493.7918701171875,-2.3363194465637207,16.231143951416016,0.08089853078126907,-0.0020275407005101442,0.017127245664596558,1.7684166431427002,10.176605224609375,0.0,0.0,0.2125568389892578,-0.7822105288505554,0.0,0.15369459986686707,1.0,1.0,1.0,1.0
36.25,495.6051484135761,-2.1906447410583496,0.06198287382721901,0.08628369867801666,-2.1906447410583496,0.08628369867801666,-2.1906447410583496,494.6006164550781,-2.2687530517578125,16.231708526611328,0.06198287382721901,-0.0007248780457302928,0.008691421709954739,1.3657907247543335,10.175971984863281,0.0,0.0,0.1653420329093933,-0.8226503133773804,0.0,0.14890435338020325,1.0,1.0,1.0,1.0
36.300000000000004,496.4137704590879,-2.1192474365234375,0.04671308025717735,0.08899643272161484,-2.1192474365234375,0.08899643272161484,-2.1192474365234375,495.4090881347656,-2.197770118713379,16.231918334960938,0.04671308025717735,0.00021546382049564272,-0.0004279645800124854,0.9898301362991333,10.175362586975098,0.0,0.0,0.1181412860751152,-0.8616847395896912,0.0,0.14428386092185974,1.0,1.0,1.0,1.0
36.35,497.2221862715576,-2.0459036827087402,0.03359164297580719,0.09100405871868134,-2.0459036827087402,0.09100405871868134,-2.0459036827087402,496.2173767089844,-2.1243088245391846,16.231691360473633,0.03359164297580719,0.0007593158516101539,-0.010018196888267994,0.6575994491577148,10.174783706665039,0.0,0.0,0.07186275720596313,-0.8991345167160034,0.0,0.13991163671016693,1.0,1.0,1.0,1.0
36.4,498.0304295218301,-1.9713131189346313,0.022012868896126747,0.09239335358142853,-1.9713131189346313,0.09239335358142853,-1.9713131189346313,497.02545166015625,-2.049197196960449,16.230981826782227,0.022012868896126747,0.0009845619788393378,-0.019789928570389748,0.3865804374217987,10.17424488067627,0.0,0.0,0.03260485455393791,-0.934719443321228,0.0,0.13583484292030334,1.0,1.0,1.0,1.0
36.45,498.8385210122131,-1.8960293531417847,0.011768294498324394,0.09323897212743759,-1.8960293531417847,0.09323897212743759,-1.8960293531417847,497.8334045410156,-1.9731202125549316,16.229766845703125,0.011768294498324394,0.0009798421524465084,-0.02965279296040535,0.15139079093933105,10.17375659942627,0.0,0.0,-0.0041594114154577255,-0.9680646657943726,0.0,0.13208171725273132,1.0,1.0,1.0,1.0
36.5,499.6464830079767,-1.8205902576446533,0.0020538275130093098,0.0935886800289154,-1.8205902576446533,0.0935886800289154,-1.8205902576446533,498.6412353515625,-1.8966647386550903,16.22804832458496,0.0020538275130093098,0.0007929051644168794,-0.03926415741443634,-0.053106844425201416,10.173328399658203,0.0,0.0,-0.040917765349149704,-0.998794436454773,0.0,0.12866920232772827,1.0,1.0,1.0,1.0
36.550000000000004,500.4543444521599,-1.7455440759658813,-0.007740422151982784,0.09345259517431259,-1.7455440759658813,0.09345259517431259,-1.7455440759658813,499.448974609375,-1.82034432888031,16.225849151611328,-0.007740422151982784,0.000498246168717742,-0.04854673892259598,-0.2335238754749298,10.172969818115234,0.0,0.0,-0.07767151296138763,-1.0266451835632324,0.0,0.12560580670833588,1.0,1.0,1.0,1.0
36.6,501.26213402504175,-1.6713929176330566,-0.017397865653038025,0.09282603114843369,-1.6713929176330566,0.09282603114843369,-1.6713929176330566,500.25665283203125,-1.744604468345642,16.22319984436035,-0.017397865653038025,0.00019687846361193806,-0.057153116911649704,-0.37563464045524597,10.172689437866211,0.0,0.0,-0.10721928626298904,-1.0515137910842896,0.0,0.12288612127304077,1.0,1.0,1.0,1.0
36.65,502.0698704264917,-1.5985078811645508,-0.026469804346561432,0.09173201024532318,-1.5985078811645508,0.09173201024532318,-1.5985078811645508,501.0643005371094,-1.6698098182678223,16.22014045715332,-0.026469804346561432,-5.901442273170687e-05,-0.06508151441812515,-0.509692370891571,10.172494888305664,0.0,0.0,-0.13560254871845245,-1.0733939409255981,0.0,0.12049467861652374,1.0,1.0,1.0,1.0
36.7,502.87757076683,-1.52725088596344,-0.035236842930316925,0.09019314497709274,-1.52725088596344,0.09019314497709274,-1.52725088596344,501.87188720703125,-1.5962958335876465,16.216711044311523,-0.035236842930316925,-0.00027588283410295844,-0.072263203561306,-0.6377162337303162,10.172390937805176,0.0,0.0,-0.1639845222234726,-1.0923813581466675,0.0,0.1184287890791893,1.0,1.0,1.0,1.0
36.75,503.68525070676225,-1.4579832553863525,-0.04389503598213196,0.08821866661310196,-1.4579832553863525,0.08821866661310196,-1.4579832553863525,502.6794128417969,-1.5243844985961914,16.21294593811035,-0.04389503598213196,-0.00044809497194364667,-0.07871660590171814,-0.7611530423164368,10.172375679016113,0.0,0.0,-0.19155146181583405,-1.1086772680282593,0.0,0.11668357998132706,1.0,1.0,1.0,1.0
36.800000000000004,504.4929204179281,-1.3910235166549683,-0.0520072840154171,0.08582115173339844,-1.3910235166549683,0.08582115173339844,-1.3910235166549683,503.4869384765625,-1.4543803930282593,16.208894729614258,-0.0520072840154171,-0.000550034106709063,-0.08412022143602371,-0.864919126033783,10.172375679016113,0.0,0.0,-0.2132728546857834,-1.1225560903549194,0.0,0.11524126678705215,1.0,1.0,1.0,1.0
36.85,505.3003739861592,-1.3252893686294556,0.00017488164303358644,0.08344326913356781,-1.3252893686294556,0.08344326913356781,-1.3252893686294556,504.2943115234375,-1.3860582113265991,16.19093132019043,0.00017488164303358644,0.0030914556700736284,-1.7809410095214844,4.333802700042725,10.160856246948242,-1.919862151145935,-174.5329132080078,10.160856246948242,-1.1339761018753052,0.0,0.11588703095912933,1.0,1.0,1.0,1.0
36.9,506.1015870043275,-1.2372642755508423,0.22868923842906952,0.0891566202044487,-1.2372642755508423,0.0891566202044487,-1.2372642755508423,505.09747314453125,-1.3104329109191895,16.07318687438965,0.22868923842906952,0.011690427549183369,-2.719853639602661,4.772434234619141,9.842333793640137,-10.64650821685791,-174.5329132080078,9.842333793640137,-1.1357518434524536,0.0,0.16099880635738373,1.0,1.0,1.0,1.0
36.95,506.89258903975065,-1.1235556602478027,0.40113508701324463,0.10508624464273453,-1.1235556602478027,0.10508624464273453,-1.1235556602478027,505.89288330078125,-1.223410725593567,15.934661865234375,0.40113508701324463,0.011466863565146923,-2.893233299255371,5.448454856872559,9.087478637695312,-19.373153686523438,-174.5329132080078,9.087478637695312,-1.1242307424545288,0.0,0.23565292358398438,1.0,1.0,1.0,1.0
37.0,507.6733063503386,-0.9905819296836853,0.5177302360534668,0.1281992495059967,-0.9905819296836853,0.1281992495059967,-0.9905819296836853,506.6796569824219,-1.123610496520996,15.792387962341309,0.5177302360534668,0.006808113772422075,-2.8419997692108154,6.33125114440918,7.9133381843566895,-26.1799373626709,-3.907985046680551e-10,7.9133381843566895,-1.097588300704956,0.0,0.32676008343696594,1.0,1.0,1.0,1.0
37.050000000000004,508.4436911571341,-0.8405696749687195,0.5952412486076355,0.15610472857952118,-0.8405696749687195,0.15610472857952118,-0.8405696749687195,507.45745849609375,-1.0090581178665161,15.660235404968262,0.5952412486076355,0.00033946099574677646,-2.437183380126953,7.237713813781738,6.60434103012085,-26.1799373626709,3.907985046680551e-10,6.60434103012085,-1.0534727573394775,0.0,0.42377880215644836,1.0,1.0,1.0,1.0
37.1,509.2042181922129,-0.6727927327156067,0.6534953117370605,0.18734486401081085,-0.6727927327156067,0.18734486401081085,-0.6727927327156067,508.2264404296875,-0.8775880932807922,15.553146362304688,0.6534953117370605,-0.006308760028332472,-1.7548850774765015,8.211812019348145,5.295344352722168,-26.1799373626709,-3.907985046680551e-10,5.295344352722168,-0.9895510673522949,0.0,0.5091283321380615,1.0,1.0,1.0,1.0
37.15,509.9563059235722,-0.48555788397789,0.7004242539405823,0.22123154997825623,-0.48555788397789,0.22123154997825623,-0.48555788397789,508.9873046875,-0.726823627948761,15.481831550598145,0.7004242539405823,-0.012479286640882492,-0.9111927151679993,9.050864219665527,3.986347198486328,-26.1799373626709,0.0,3.986347198486328,-0.9035012722015381,0.0,0.5700470209121704,1.0,1.0,1.0,1.0
37.2,510.7018552573248,-0.27778327465057373,0.723929226398468,0.2569466829299927,-0.27778327465057373,0.2569466829299927,-0.27778327465057373,509.7410888671875,-0.5547683835029602,15.452939987182617,0.723929226398468,-0.018730659037828445,0.012114801444113255,9.26691722869873,2.6773502826690674,-26.1799373626709,-5.3290705182007514e-11,2.6773502826690674,-0.7933413982391357,0.0,0.5986047387123108,1.0,1.0,1.0,1.0
37.25,511.44214054320827,-0.04985355585813522,0.6894012689590454,0.29270631074905396,-0.04985355585813522,0.29270631074905396,-0.04985355585813522,510.48931884765625,-0.3610602617263794,15.470686912536621,0.6894012689590454,-0.027295595034956932,1.0134150981903076,7.301112651824951,1.3683534860610962,-26.1799373626709,5.3290705182007514e-11,1.3683534860610962,-0.6583806872367859,0.0,0.5974655747413635,1.0,1.0,1.0,1.0
37.300000000000004,512.1808363196483,0.1889912337064743,0.5444839000701904,0.3240731358528137,0.1889912337064743,0.3240731358528137,0.1889912337064743,511.234619140625,-0.14943432807922363,15.51815128326416,0.5444839000701904,-0.03915886953473091,1.0888080596923828,4.700706481933594,0.08013227581977844,-23.65404510498047,134.02748107910156,0.08013227581977844,-0.5014602541923523,0.0,0.5790199041366577,1.0,1.0,1.0,1.0
37.35,512.9221383803226,0.42670127749443054,0.3092265725135803,0.34581124782562256,0.42670127749443054,0.34581124782562256,0.42670127749443054,511.9787292480469,0.07414373755455017,15.559175491333008,0.3092265725135803,-0.049221646040678024,0.867604672908783,2.5240488052368164,-0.8841360807418823,-15.441479682922363,121.02964782714844,-0.8841360807418823,-0.3274758458137512,0.0,0.5589148998260498,1.0,1.0,1.0,1.0
37.4,513.6686320637205,0.6560783386230469,0.0336591862142086,0.3545905351638794,0.6560783386230469,0.3545905351638794,0.6560783386230469,512.7227783203125,0.30446675419807434,15.594061851501465,0.0336591862142086,-0.05205729976296425,0.6947050094604492,0.9389827251434326,-1.5139909982681274,-10.0226411819458,103.10701751708984,-1.5139909982681274,-0.14096112549304962,0.0,0.5424083471298218,1.0,1.0,1.0,1.0
37.45,514.4207640902376,0.8743797540664673,-0.23358604311943054,0.34958305954933167,0.8743797540664673,0.34958305954933167,0.8743797540664673,513.4676513671875,0.5375716686248779,15.624876976013184,-0.23358604311943054,-0.04625895246863365,0.5515726208686829,-0.7985765337944031,-1.8851317167282104,-4.945891857147217,100.04338073730469,-1.8851317167282104,0.05425438657402992,0.0,0.5261074304580688,1.0,1.0,1.0,1.0
37.5,515.1778321458594,1.080042839050293,-0.44090691208839417,0.33245575428009033,1.080042839050293,0.33245575428009033,1.080042839050293,514.2144775390625,0.7693672180175781,15.653729438781738,-0.44090691208839417,-0.03416496887803078,0.48049432039260864,-2.842160940170288,-2.0109026432037354,-0.3570282757282257,78.61517333984375,-2.0109026432037354,0.2535970211029053,0.0,0.5073392987251282,1.0,1.0,1.0,1.0
37.550000000000004,515.9390302090504,1.271847128868103,-0.5429297089576721,0.30748313665390015,1.271847128868103,0.30748313665390015,1.271847128868103,514.9646606445312,0.9951545000076294,15.681845664978027,-0.5429297089576721,-0.020780567079782486,0.4434245824813843,-4.524659156799316,-1.9560102224349976,1.4644526243209839,-14.454946517944336,-1.9560102224349976,0.45117422938346863,0.0,0.48426058888435364,1.0,1.0,1.0,1.0
37.6,516.7034181820629,1.4503182172775269,-0.5734076499938965,0.279405802488327,1.4503182172775269,0.279405802488327,1.4503182172775269,515.71923828125,1.2107391357421875,15.706122398376465,-0.5734076499938965,-0.008624443784356117,0.3741614818572998,-5.5458221435546875,-1.9076842069625854,0.4873717725276947,-18.081220626831055,-1.9076842069625854,0.6414451599121094,0.0,0.4587728679180145,1.0,1.0,1.0,1.0
37.65,517.4702109715927,1.6164393424987793,-0.5737496018409729,0.25065046548843384,1.6164393424987793,0.25065046548843384,1.6164393424987793,516.4784545898438,1.4133168458938599,15.723917007446289,-0.5737496018409729,0.001128947944380343,0.29344239830970764,-6.411252498626709,-1.900208592414856,-0.03088260255753994,-0.7348588705062866,-1.900208592414856,0.8209403157234192,0.0,0.434343546628952,1.0,1.0,1.0,1.0
37.7,518.2393092644046,1.7696223258972168,-0.5636383295059204,0.2221914380788803,1.7696223258972168,0.2221914380788803,1.7696223258972168,517.2423095703125,1.6006356477737427,15.73498821258545,-0.5636383295059204,0.008236483670771122,0.21622715890407562,-6.99670934677124,-1.89474618434906,0.35803866386413574,13.674834251403809,-1.89474618434906,0.9871093034744263,0.0,0.4121292233467102,1.0,1.0,1.0,1.0
37.75,519.010919857801,1.9086207151412964,-0.551199734210968,0.19430871307849884,1.9086207151412964,0.19430871307849884,1.9086207151412964,518.010498046875,1.7711058855056763,15.740517616271973,-0.551199734210968,0.013407022692263126,0.16433021426200867,-7.28874397277832,-1.857796311378479,1.106452226638794,14.540260314941406,-1.857796311378479,1.1382200717926025,0.0,0.3910599648952484,1.0,1.0,1.0,1.0
37.800000000000004,519.78521819282,2.032440662384033,-0.5374849438667297,0.1670789122581482,2.032440662384033,0.1670789122581482,2.032440662384033,518.7826538085938,1.9238264560699463,15.74223518371582,-0.5374849438667297,0.017226247116923332,0.1258898228406906,-7.4433722496032715,-1.7839463949203491,1.8314111232757568,13.99950885772705,-1.7839463949203491,1.2732822895050049,0.0,0.3695831894874573,1.0,1.0,1.0,1.0
37.85,520.5622715507344,2.1402857303619385,-0.5204487442970276,0.14059960842132568,2.1402857303619385,0.14059960842132568,2.1402857303619385,519.5581665039062,2.0583343505859375,15.741483688354492,-0.5204487442970276,0.020105239003896713,0.111111581325531,-7.41179084777832,-1.6769596338272095,2.3827719688415527,7.785723686218262,-1.6769596338272095,1.391733169555664,0.0,0.34729576110839844,1.0,1.0,1.0,1.0
37.9,521.3418270986155,2.231689214706421,-0.49726635217666626,0.11511790752410889,2.231689214706421,0.11511790752410889,2.231689214706421,520.3365478515625,2.1745972633361816,15.739622116088867,-0.49726635217666626,0.022273069247603416,0.10869748145341873,-7.246074676513672,-1.550394058227539,2.632502555847168,2.6933484077453613,-1.550394058227539,1.4933871030807495,0.0,0.32329949736595154,1.0,1.0,1.0,1.0
37.95,522.1233977540894,2.3067212104797363,-0.46781325340270996,0.09095187485218048,2.3067212104797363,0.09095187485218048,2.3067212104797363,521.1173095703125,2.272918462753296,15.737129211425781,-0.46781325340270996,0.023744387552142143,0.10277058929204941,-6.997354507446289,-1.4169224500656128,2.6800920963287354,-0.35755205154418945,-1.4169224500656128,1.5783796310424805,0.0,0.29694968461990356,1.0,1.0,1.0,1.0
37.980000000000004,522.5930792932033,2.3441126346588135,-0.44761380553245544,0.07720624655485153,2.3441126346588135,0.07720624655485153,2.3441126346588135,521.586669921875,2.323512077331543,15.735306739807129,-0.44761380553245544,0.024256177246570587,0.09417843073606491,-6.827829360961914,-1.3368333578109741,2.6560306549072266,-1.150265097618103,-1.3368333578109741,1.6215300559997559,0.0,0.28037896752357483,1.0,1.0,1.0,1.0
