Time,Vhcl.sRoad,Vhcl.tRoad,Vhcl.YawRate,Car.Road.Path.DevAng,Car.Road.Path.DevDist,Car.Road.Route.DevAng,Car.Road.Route.DevDist,Car.tx,Car.ty,Car.v,Car.YawRate,Car.SideSlipAngle,Car.ax,Car.ay,DM.Steer.Ang,DM.Steer.AngVel,DM.Steer.AngAcc,Steer.WhlAng,Driver.Lat.dy,DM.Brake,DM.Gas,Car.muRoadFL,Car.muRoadFR,Car.muRoadRL,Car.muRoadRR
0.0,8.399996983999952,-1.2396972337569423e-11,1.682833039584608e-11,0.0,-1.2396972337569423e-11,0.0,-1.2396972337569423e-11,7.408852577209473,0.019406098872423172,0.0,1.682833039584608e-11,0.0,7.643018034286797e-05,-1.2088652511010878e-05,0.0,0.0,0.0,0.0,0.001293887384235859,0.0,0.0,1.0,1.0,1.0,1.0
0.1,8.39999688203928,-1.1646935860198937e-07,-2.8439756079023937e-06,-1.090135057779662e-07,-1.1646935860198937e-07,-1.090135057779662e-07,-1.1646935860198937e-07,7.408852577209473,0.019406309351325035,9.5015011538635e-06,-2.8439756079023937e-06,0.0,3.962702066928614e-06,2.76991595455911e-05,2.5484736188214653e-14,4.687565982076924e-13,-1.693814793285453e-12,2.5484736188214653e-14,0.0012941118329763412,1.0789204196726132e-08,0.0,1.0,1.0,1.0,1.0
0.2,8.399996379951506,-3.2582235576228413e-07,-4.141901172260987e-06,-4.792873937731201e-07,-3.2582235576228413e-07,-4.792873937731201e-07,-3.2582235576228413e-07,7.408852577209473,0.019406838342547417,1.2931272067362443e-05,-4.141901172260987e-06,0.0,-5.495634809449257e-07,-9.652016160544008e-06,5.999224690156693e-14,2.1607565183715677e-13,-2.3624600539728924e-12,5.999224690156693e-14,0.0012947256909683347,0.0,0.0,1.0,1.0,1.0,1.0
0.3,8.399996811772365,-5.003817591386905e-07,-2.7970354494755156e-06,-8.778009146226395e-07,-5.003817591386905e-07,-8.778009146226395e-07,-5.003817591386905e-07,7.408852577209473,0.019407298415899277,8.066273949225433e-06,-2.7970354494755156e-06,0.0,-6.863967428216711e-05,-9.146077354671434e-05,7.076356509224876e-14,1.185651647391331e-13,-2.1342864975348874e-11,7.076356509224876e-14,0.001295285765081644,0.0,0.02393207512795925,1.0,1.0,1.0,1.0
0.4,8.400004203843919,-2.246619459356225e-07,2.3494061807127764e-08,-1.0291548733221134e-06,-2.246619459356225e-07,-1.0291548733221134e-06,-2.246619459356225e-07,7.408851623535156,0.01940767839550972,2.196025161538273e-05,2.3494061807127764e-08,0.0,-0.00013699469855055213,-8.614239959570114e-06,8.051559093925909e-14,2.3760187610813444e-13,1.9623035835136804e-12,8.051559093925909e-14,0.0012957106810063124,0.0,0.06787516176700592,1.0,1.0,1.0,1.0
0.5,8.400021354561908,2.0876483119991462e-07,2.0831628262385493e-06,-9.237834888153884e-07,2.0876483119991462e-07,-9.237834888153884e-07,2.0876483119991462e-07,7.408849716186523,0.019407982006669044,6.867152114864439e-05,2.0831628262385493e-06,0.0,-0.00016394125123042613,-1.7050562746590003e-05,1.1249286685542995e-13,4.2486259193945386e-13,3.7608974094716086e-12,1.1249286685542995e-13,0.0012959896121174097,0.0,0.11369038373231888,1.0,1.0,1.0,1.0
0.6,8.400045055175214,5.701712098016287e-07,4.32479919254547e-06,-5.497039978763496e-07,5.701712098016287e-07,-5.497039978763496e-07,5.701712098016287e-07,7.408845901489258,0.019408132880926132,0.00012377550592646003,4.32479919254547e-06,0.0,-0.00014466849097516388,-6.209525508893421e-06,1.6817687379429985e-13,3.6628800036478393e-13,1.4178851235474577e-12,1.6817687379429985e-13,0.001296031172387302,0.0,0.15427622199058533,1.0,1.0,1.0,1.0
0.7000000000000001,8.400069184468146,9.579233619660954e-07,3.562754045560723e-06,-1.527447750504507e-07,9.579233619660954e-07,-1.527447750504507e-07,9.579233619660954e-07,7.408841133117676,0.0194082148373127,0.0001614502107258886,3.562754045560723e-06,0.0,-5.564780076383613e-05,-3.4993938697880367e-06,1.9141943076190354e-13,1.3531485502406293e-13,-1.4112625998374817e-12,1.9141943076190354e-13,0.001296000904403627,0.0,0.18602354824543,1.0,1.0,1.0,1.0
0.8,8.40008827070714,1.2759269338857848e-06,2.8238412141945446e-06,1.6578536587985582e-07,1.2759269338857848e-06,1.6578536587985582e-07,1.2759269338857848e-06,7.408835411071777,0.019408268854022026,0.0001648078759899363,2.8238412141945446e-06,0.0,2.3403834347845986e-05,-1.2459310028134496e-06,1.996901179569105e-13,4.517442192888965e-14,-5.353562645277199e-13,1.996901179569105e-13,0.0012959635350853205,0.0,0.20716644823551178,1.0,1.0,1.0,1.0
0.9,8.400099888810251,1.54113013195456e-06,2.1834889594174456e-06,4.1335886180604575e-07,1.54113013195456e-06,4.1335886180604575e-07,1.54113013195456e-06,7.408830165863037,0.01940830796957016,0.0001358811859972775,2.1834889594174456e-06,0.0,7.065878889989108e-05,3.190593997715041e-05,2.0223263981402478e-13,1.6410646713066468e-14,-6.332652501342406e-13,2.0223263981402478e-13,0.0012959338491782546,0.0,0.2168833315372467,1.0,1.0,1.0,1.0
1.0,8.40010314134074,1.7602179696041276e-06,1.8922778508567717e-06,6.156604968055035e-07,1.7602179696041276e-06,6.156604968055035e-07,1.7602179696041276e-06,7.408825874328613,0.019408337771892548,8.658993465360254e-05,1.8922778508567717e-06,0.0,0.00010607632430037484,0.00015008206537459046,2.0301329248326866e-13,1.012191073551617e-14,4.5000553847499014e-13,2.0301329248326866e-13,0.0012959077721461654,0.0,0.21252869069576263,1.0,1.0,1.0,1.0
1.1,8.400096048279682,1.9482845345919486e-06,1.0666699381545186e-06,7.491132691939129e-07,1.9482845345919486e-06,7.491132691939129e-07,1.9482845345919486e-06,7.408822536468506,0.01940837875008583,2.8374350222293288e-05,1.0666699381545186e-06,0.0,0.00014421511150430888,-7.494910823879763e-05,2.0317914831060463e-13,-1.0488457599525789e-16,-2.1084680225727515e-13,2.0317914831060463e-13,0.0012959117302671075,0.0,0.19224104285240173,1.0,1.0,1.0,1.0
1.2,8.400078415745082,2.0887821392534534e-06,6.271192773965595e-07,8.357487786270212e-07,2.0887821392534534e-06,8.357487786270212e-07,2.0887821392534534e-06,7.408820152282715,0.019408389925956726,9.427531767869368e-05,6.271192773965595e-07,0.0,0.000214852174394764,-2.734870031417813e-05,2.0320675480842154e-13,9.713657372082069e-17,-3.6067031353420164e-15,2.0320675480842154e-13,0.0012959011364728212,0.0,0.16020847856998444,1.0,1.0,1.0,1.0
1.3,8.400051362973166,1.822143076424254e-06,1.1317260941723362e-06,8.106400173346628e-07,1.822143076424254e-06,8.106400173346628e-07,1.822143076424254e-06,7.408820629119873,0.019408173859119415,0.00018051598453894258,1.1317260941723362e-06,0.0,0.0002764244272839278,2.3271984900929965e-05,2.0319938223364864e-13,2.1895730548990984e-17,-2.012136507081484e-15,2.0319938223364864e-13,0.0012956921709701419,0.0,0.12174293398857117,1.0,1.0,1.0,1.0
1.4000000000000001,8.401227421755934,9.291758942708839e-06,6.62124584778212e-05,7.16483054929995e-06,9.291758942708839e-06,7.16483054929995e-06,9.291758942708839e-06,7.409715175628662,0.019406089559197426,0.029461698606610298,6.62124584778212e-05,0.0,0.4360223114490509,-0.0010368743678554893,1.1518173567703904e-13,3.946447335589909e-12,1.610650779415579e-10,1.1518173567703904e-13,0.0012920786393806338,0.0,0.11949855834245682,1.0,1.0,1.0,1.0
1.5,8.406862479440651,1.1020638339687139e-05,6.249619036680087e-05,1.1673092558339704e-05,1.1020638339687139e-05,1.1673092558339704e-05,1.1020638339687139e-05,7.4145588874816895,0.019400719553232193,0.07569044083356857,6.249619036680087e-05,0.0,0.9385037422180176,-0.0011399886570870876,6.350478411361327e-14,-2.422033493904019e-12,-1.3956649421234535e-12,6.350478411361327e-14,0.0012854230590164661,0.0,0.2324734926223755,1.0,1.0,1.0,1.0
1.6,8.421864201226619,1.1793788871727884e-05,5.074404543847777e-05,1.734165743982885e-05,1.1793788871727884e-05,1.734165743982885e-05,1.1793788871727884e-05,7.42793607711792,0.01939094066619873,0.1977096050977707,5.074404543847777e-05,0.0,1.4281325340270996,2.38299817283405e-05,-6.908911842629095e-08,-3.671593503895565e-06,-0.00012176822929177433,-6.908911842629095e-08,0.0012740339152514935,0.0,0.3085425794124603,1.0,1.0,1.0,1.0
1.7,8.451468638494923,8.551768587494735e-06,5.1964518206659704e-05,2.2245916625251994e-05,8.551768587494735e-06,2.2245916625251994e-05,8.551768587494735e-06,7.455559253692627,0.01938217505812645,0.3580178916454315,5.1964518206659704e-05,0.0,1.7254383563995361,0.001561689656227827,1.3599654948848183e-06,4.916229590889998e-05,-0.002168025355786085,1.3599654948848183e-06,0.0012631546705961227,0.0,0.35031479597091675,1.0,1.0,1.0,1.0
1.8,8.497986748126662,5.873351710761199e-06,6.092787589295767e-05,2.7896499886992387e-05,5.873351710761199e-06,2.7896499886992387e-05,5.873351710761199e-06,7.500357151031494,0.019387539476156235,0.5388411283493042,6.092787589295767e-05,0.0,1.8773411512374878,0.0004650308983400464,-1.7593305528862402e-05,-0.000428277300670743,-0.0034439300652593374,-1.7593305528862402e-05,0.0012650734279304743,0.0,0.3714848458766937,1.0,1.0,1.0,1.0
1.9000000000000001,8.56275399335492,6.382087121892255e-06,8.073254866758361e-05,3.4863838664023206e-05,6.382087121892255e-06,3.4863838664023206e-05,6.382087121892255e-06,7.563839435577393,0.019399084150791168,0.7302246689796448,8.073254866758361e-05,0.0,1.943671464920044,-0.0008920325781218708,-6.500504969153553e-05,-0.00039880446274764836,0.0035005100071430206,-6.500504969153553e-05,0.0012722909450531006,0.0,0.38139599561691284,1.0,1.0,1.0,1.0
2.0,8.646550916183926,1.242865346284816e-05,0.00011079693649662659,4.438059841049835e-05,1.242865346284816e-05,4.438059841049835e-05,1.242865346284816e-05,7.646728515625,0.019403239712119102,0.9263391494750977,0.00011079693649662659,0.0,1.9757659435272217,-0.0009391650091856718,-8.669554517837241e-05,-8.820705261314288e-05,0.0004891164135187864,-8.669554517837241e-05,0.0012714782496914268,0.0,0.3859822452068329,1.0,1.0,1.0,1.0
2.1,8.749849042965781,2.3958997189765796e-05,0.00013954057067167014,5.6975000916281715e-05,2.3958997189765796e-05,5.6975000916281715e-05,2.3958997189765796e-05,7.749364376068115,0.019398681819438934,1.1247689723968506,0.00013954057067167014,-0.0001147590228356421,1.9910510778427124,-4.832241393160075e-05,-0.00013580694212578237,-0.001376556814648211,-0.023735083639621735,-0.00013580694212578237,0.0012610555859282613,0.0,0.3879255950450897,1.0,1.0,1.0,1.0
2.2,8.872904377316292,3.854116948787123e-05,0.0001559153024572879,7.184777496149763e-05,3.854116948787123e-05,7.184777496149763e-05,3.854116948787123e-05,7.871907711029053,0.01939312368631363,1.3242683410644531,0.0001559153024572879,-9.932275861501694e-05,1.9973735809326172,0.00053496501641348,-0.00039695462328381836,-0.00378322321921587,-0.02114109881222248,-0.00039695462328381836,0.0012484956532716751,0.0,0.38861697912216187,1.0,1.0,1.0,1.0
2.3000000000000003,9.01583040613942,5.2935862186132e-05,0.00014666869537904859,8.744090882828459e-05,5.2935862186132e-05,8.744090882828459e-05,5.2935862186132e-05,8.014426231384277,0.019392021000385284,1.5241413116455078,0.00014666869537904859,-8.441854879492894e-05,1.998726487159729,7.337538932006282e-07,-0.0011894901981577277,-0.013689178973436356,-0.06020975857973099,-0.0011894901981577277,0.0012394154909998178,0.0,0.38882774114608765,1.0,1.0,1.0,1.0
2.4,9.17866608372049,5.807404886581935e-05,9.991680417442694e-05,9.981181210605428e-05,5.807404886581935e-05,9.981181210605428e-05,5.807404886581935e-05,8.176934242248535,0.019391240552067757,1.7239934206008911,9.991680417442694e-05,-0.00011912548507098109,1.9972435235977173,-0.0008300637709908187,-0.002536540850996971,-0.011296437121927738,0.05797654762864113,-0.002536540850996971,0.0012308100704103708,0.0,0.388990581035614,1.0,1.0,1.0,1.0
2.5,9.361416255464501,5.1640636229421943e-05,6.573800783371553e-05,0.00010797168943099678,5.1640636229421943e-05,0.00010797168943099678,5.1640636229421943e-05,8.359416007995605,0.01938350684940815,1.9236032962799072,6.573800783371553e-05,-0.0001733556855469942,1.9941484928131104,-0.0011653676629066467,-0.0033956412225961685,-0.00658688647672534,0.02901032567024231,-0.0033956412225961685,0.0012159327743574977,0.0,0.38934794068336487,1.0,1.0,1.0,1.0
2.6,9.564063337370468,3.634695531218313e-05,3.7665380659746006e-05,0.00011319463374093175,3.634695531218313e-05,0.00011319463374093175,3.634695531218313e-05,8.561837196350098,0.019365675747394562,2.122687816619873,3.7665380659746006e-05,-0.00022127886768430471,1.9861279726028442,-0.0011558345286175609,-0.003990942612290382,-0.005824800115078688,-0.004858400207012892,-0.003990942612290382,0.001191454939544201,0.0,0.39014527201652527,1.0,1.0,1.0,1.0
2.7,9.78654604459313,1.1132673535030335e-05,2.5997367174568353e-06,0.00011528223694767803,1.1132673535030335e-05,0.00011528223694767803,1.1132673535030335e-05,8.784125328063965,0.01933782547712326,2.320974111557007,2.5997367174568353e-06,-0.0002551624202169478,1.9794296026229858,-0.001047702506184578,-0.0045635150745511055,-0.0055570960976183414,0.005950998980551958,-0.0045635150745511055,0.001157442107796669,0.0,0.3917124569416046,1.0,1.0,1.0,1.0
2.8000000000000003,10.028798639477149,-2.6047528081107885e-05,-3.168686089338735e-05,0.00011365301179466769,-2.6047528081107885e-05,0.00011365301179466769,-2.6047528081107885e-05,9.026201248168945,0.019301075488328934,2.5181891918182373,-3.168686089338735e-05,-0.00027360543026588857,1.956282138824463,-0.000545685994438827,-0.004853032995015383,0.005772173870354891,0.2076157182455063,-0.004853032995015383,0.0011150483042001724,0.0,0.39418119192123413,1.0,1.0,1.0,1.0
2.9,10.290611039814387,-6.523854244733229e-05,4.401323167257942e-06,0.00011219872976653278,-6.523854244733229e-05,0.00011219872976653278,-6.523854244733229e-05,9.287871360778809,0.019260544329881668,2.713075637817383,4.401323167257942e-06,-0.0002596113772597164,1.9427498579025269,2.3973554561962374e-05,-0.004292746540158987,0.002297460101544857,-0.06935356557369232,-0.004292746540158987,0.0010683168657124043,0.0,0.3989003598690033,1.0,1.0,1.0,1.0
3.0,10.571848287507418,-0.00010114054020959884,1.0888928045460489e-05,0.00011316386371618137,-0.00010114054020959884,0.00011316386371618137,-0.00010114054020959884,9.568976402282715,0.019221244379878044,2.9069671630859375,1.0888928045460489e-05,-0.0002465971920173615,1.9363341331481934,-7.999444642337039e-05,-0.004239963833242655,6.377090176101774e-05,0.006675067823380232,-0.004239963833242655,0.0010215950896963477,0.0,0.4047999978065491,1.0,1.0,1.0,1.0
3.1,10.872468010500366,-0.0001386769872624427,1.3782222595182247e-05,0.00011431991879362613,-0.0001386769872624427,0.00011431991879362613,-0.0001386769872624427,9.8694486618042,0.019182678312063217,3.100520372390747,1.3782222595182247e-05,-0.00023843903909437358,1.9348732233047485,-0.00016384122136514634,-0.004189627710729837,0.0009550524409860373,0.007799024693667889,-0.004189627710729837,0.0009749227901920676,0.0,0.41116297245025635,1.0,1.0,1.0,1.0
3.2,11.192353294805933,-0.00017647202184889466,1.683820300968364e-05,0.00011582244769670069,-0.00017647202184889466,0.00011582244769670069,-0.00017647202184889466,10.189193725585938,0.01914440654218197,3.290919542312622,1.683820300968364e-05,-0.0002302723441971466,1.8921695947647095,-0.00046088473754934967,-0.004077561665326357,-0.007078347261995077,-0.0395648330450058,-0.004077561665326357,0.0009278760408051312,0.0,0.4198233187198639,1.0,1.0,1.0,1.0
3.3000000000000003,11.5308717594871,-0.00021396661759354174,1.4708059097756632e-05,0.00011723470379365608,-0.00021396661759354174,0.00011723470379365608,-0.00021396661759354174,10.527665138244629,0.019106078892946243,3.4749388694763184,1.4708059097756632e-05,-0.0002278196334373206,1.8034993410110474,-0.00023743337078485638,-0.003974427469074726,0.0013417848385870457,0.11897316575050354,-0.003974427469074726,0.0008803124073892832,0.0,0.43445712327957153,1.0,1.0,1.0,1.0
3.4,11.887466776096623,-0.0002497972163837403,3.0527327908203006e-05,0.0001192551790154539,-0.0002497972163837403,0.0001192551790154539,-0.0002497972163837403,10.884265899658203,0.019067220389842987,3.655576467514038,3.0527327908203006e-05,-0.0002264792419737205,1.8204679489135742,-0.00015575972793158144,-0.0038261697627604008,0.0012615672312676907,-0.03094063512980938,-0.0038261697627604008,0.0008316217572428286,0.0,0.4535825252532959,1.0,1.0,1.0,1.0
3.5,12.262409102309453,-0.00028326318715699017,4.8676374717615545e-05,0.00012334977509453893,-0.00028326318715699017,0.00012334977509453893,-0.00028326318715699017,11.259099006652832,0.019028225913643837,3.840127468109131,4.8676374717615545e-05,-0.00022403865295927972,1.9212960004806519,-0.00020601054711733013,-0.003793885000050068,-0.00034146857797168195,0.03718876093626022,-0.003793885000050068,0.0007817125297151506,0.0,0.46983224153518677,1.0,1.0,1.0,1.0
3.6,12.656631849155472,-0.0003155414015054703,6.237340858206153e-05,0.00012960913591086864,-0.0003155414015054703,0.00012960913591086864,-0.0003155414015054703,11.652985572814941,0.018989605829119682,4.03297758102417,6.237340858206153e-05,-0.00022099677880760282,1.8970826864242554,-0.000297984981443733,-0.0038805115036666393,-0.005774152930825949,0.41151779890060425,-0.0038805115036666393,0.0007309560896828771,0.0,0.4777505695819855,1.0,1.0,1.0,1.0
3.7,13.069891969755185,-0.0003498440491966903,5.5031126976246014e-05,0.00013487589603755623,-0.0003498440491966903,0.00013487589603755623,-0.0003498440491966903,12.065937042236328,0.01895255036652088,4.224848747253418,5.5031126976246014e-05,-0.000223418086534366,1.9390501976013184,-0.0002753795706667006,-0.003890102030709386,0.0014767056563869119,0.0207887701690197,-0.003890102030709386,0.0006813791114836931,0.0,0.48647958040237427,1.0,1.0,1.0,1.0
3.8000000000000003,13.502546869482615,-0.00038117621443234384,7.817379082553089e-05,0.0001415515289409086,-0.00038117621443234384,0.0001415515289409086,-0.00038117621443234384,12.498270034790039,0.018915075808763504,4.420355319976807,7.817379082553089e-05,-0.0002261925837956369,1.9689902067184448,-0.00014764699153602123,-0.003799709491431713,0.00034213814069516957,-0.014535877853631973,-0.003799709491431713,0.0006305135320872068,0.0,0.4916335642337799,1.0,1.0,1.0,1.0
3.9,13.954883516946692,-0.000408558058552444,8.663118205731735e-05,0.0001499407080700621,-0.000408558058552444,0.0001499407080700621,-0.000408558058552444,12.950278282165527,0.018878260627388954,4.618086338043213,8.663118205731735e-05,-0.0002281657507410273,1.9841392040252686,-5.341933501767926e-05,-0.0038223699666559696,-0.0006254591280594468,-0.0033190897665917873,-0.0038223699666559696,0.0005792966694571078,0.0,0.4943062961101532,1.0,1.0,1.0,1.0
4.0,14.42703420633616,-0.00043453412945382297,8.33787998999469e-05,0.0001584789133630693,-0.00043453412945382297,0.0001584789133630693,-0.00043453412945382297,13.422124862670898,0.01884310692548752,4.8170084953308105,8.33787998999469e-05,-0.00022957238252274692,1.993178367614746,-4.5195429265731946e-05,-0.003888166742399335,-0.000586122740060091,0.003322885138913989,-0.003888166742399335,0.0005290621193125844,0.0,0.4956267178058624,1.0,1.0,1.0,1.0
4.1,14.919083303511114,-0.00045964043238200247,8.006081770872697e-05,0.00016662954294588417,-0.00045964043238200247,0.00016662954294588417,-0.00045964043238200247,13.913902282714844,0.018809886649250984,5.016634464263916,8.006081770872697e-05,-0.00023099886311683804,1.9985147714614868,-5.822952152811922e-05,-0.003932726103812456,-0.0003275038907304406,0.0018611956620588899,-0.003932726103812456,0.0004802116600330919,0.0,0.49614953994750977,1.0,1.0,1.0,1.0
4.2,15.431091644149078,-0.0004831124097108841,7.909883424872532e-05,0.00017457615467719734,-0.0004831124097108841,0.00017457615467719734,-0.0004831124097108841,14.425664901733398,0.01877865009009838,5.216679573059082,7.909883424872532e-05,-0.00023257467546500266,2.001722574234009,-5.8252197050023824e-05,-0.0039597973227500916,-0.00024589785607531667,-1.3857595149602275e-05,-0.0039597973227500916,0.00043275413918308914,0.0,0.4961951971054077,1.0,1.0,1.0,1.0
4.3,15.963100811797073,-0.0005043921410106122,7.836250733816996e-05,0.00018245594401378185,-0.0005043921410106122,0.00018245594401378185,-0.0005043921410106122,14.957447052001953,0.018749555572867393,5.416978359222412,7.836250733816996e-05,-0.00023413944290950894,2.003676414489746,-4.972171882400289e-05,-0.003985710442066193,-0.0002782930969260633,-0.00040381483267992735,-0.003985710442066193,0.0003868031199090183,0.0,0.4959520995616913,1.0,1.0,1.0,1.0
4.4,16.515137404299992,-0.0005233505507931113,7.66072771511972e-05,0.00019021400657948107,-0.0005233505507931113,0.00019021400657948107,-0.0005233505507931113,15.509265899658203,0.01872285082936287,5.617430210113525,7.66072771511972e-05,-0.00023558664543088526,2.004854917526245,-4.5288434193935245e-05,-0.004015030339360237,-0.0003010776126757264,-2.0019857402076013e-05,-0.004015030339360237,0.0003426012408453971,0.0,0.4955337643623352,1.0,1.0,1.0,1.0
4.5,17.08721760300816,-0.0005399547517299652,7.412883132928982e-05,0.0001977552310563624,-0.0005399547517299652,0.0001977552310563624,-0.0005399547517299652,16.08113670349121,0.01869875192642212,5.817972660064697,7.412883132928982e-05,-0.00023694067203905433,2.005537748336792,-4.7981200623326004e-05,-0.004044636618345976,-0.00028699205722659826,0.00023670557129662484,-0.004044636618345976,0.00030037068063393235,0.0,0.49501100182533264,1.0,1.0,1.0,1.0
4.6000000000000005,17.679350910880782,-0.0005540918209590018,7.149347948143259e-05,0.0002050376933766529,-0.0005540918209590018,0.0002050376933766529,-0.0005540918209590018,16.673063278198242,0.018677406013011932,6.018566131591797,7.149347948143259e-05,-0.00023825367679819465,2.0059030055999756,-5.3606450819643214e-05,-0.0040721287950873375,-0.0002640197053551674,0.00018902360170613974,-0.0040721287950873375,0.0002602492750156671,0.0,0.49442869424819946,1.0,1.0,1.0,1.0
4.7,18.291542683443232,-0.0005656140274368227,6.883728929096833e-05,0.00021205621305853128,-0.0005656140274368227,0.00021205621305853128,-0.0005656140274368227,17.285051345825195,0.018658915534615517,6.2191853523254395,6.883728929096833e-05,-0.0002395339251961559,2.006068706512451,-5.877197327208705e-05,-0.004097814206033945,-0.00025193800684064627,6.145871157059446e-05,-0.004097814206033945,0.00022232611081562936,0.0,0.4938153028488159,1.0,1.0,1.0,1.0
4.8,18.92379591497999,-0.0005744178779423237,6.612065772060305e-05,0.0002188035869039595,-0.0005744178779423237,0.0002188035869039595,-0.0005744178779423237,17.91710090637207,0.018643373623490334,6.419827461242676,6.612065772060305e-05,-0.0002407650026725605,2.0068788528442383,-6.714893970638514e-05,-0.004123307298868895,-0.0002772741427179426,-0.00013101553486194462,-0.004123307298868895,0.0001866826496552676,0.0,0.49318209290504456,1.0,1.0,1.0,1.0
4.9,19.576121792528582,-0.0005804476095363498,6.353361095534638e-05,0.00022528924455400556,-0.0005804476095363498,0.00022528924455400556,-0.0005804476095363498,18.569223403930664,0.018630843609571457,6.620622634887695,6.353361095534638e-05,-0.00024199092877097428,2.0085766315460205,-7.166370050981641e-05,-0.0041490537114441395,-0.00025705990265123546,-0.0001628570316825062,-0.0041490537114441395,0.0001533650647616014,0.0,0.4924185872077942,1.0,1.0,1.0,1.0
5.0,20.24854558266638,-0.0005836702766828239,6.129383837105706e-05,0.00023153053189162165,-0.0005836702766828239,0.00023153053189162165,-0.0005836702766828239,19.241437911987305,0.018621381372213364,6.821742534637451,6.129383837105706e-05,-0.00024324307742062956,2.0133087635040283,-8.610476652393118e-05,-0.004177713301032782,-0.0002637526486068964,-4.070378781761974e-05,-0.004177713301032782,0.000122405297588557,0.0,0.4913748800754547,1.0,1.0,1.0,1.0
5.1000000000000005,20.941109480917426,-0.0005840856465511024,5.86183559789788e-05,0.00023753551067784429,-0.0005840856465511024,0.00023753551067784429,-0.0005840856465511024,19.933786392211914,0.018615009263157845,7.023254871368408,5.86183559789788e-05,-0.0002444522106088698,2.0162980556488037,-9.258065983885899e-05,-0.0042052981443703175,-0.0002781915827654302,0.00012596471060533077,-0.0042052981443703175,9.380930714542046e-05,0.0,0.48993146419525146,1.0,1.0,1.0,1.0
5.2,21.653838513081904,-0.0005817269557155669,5.510598566615954e-05,0.00024322772515006363,-0.0005817269557155669,0.00024322772515006363,-0.0005817269557155669,20.646297454833984,0.018611781299114227,7.2249908447265625,5.510598566615954e-05,-0.00024560646852478385,2.0178475379943848,-0.00010774536349344999,-0.004231974016875029,-0.0002511718776077032,0.00036786688724532723,-0.004231974016875029,6.76333365845494e-05,0.0,0.4882372319698334,1.0,1.0,1.0,1.0
5.3,22.38674402280202,-0.0005766110261902213,5.141023575561121e-05,0.0002485549484845251,-0.0005766110261902213,0.0002485549484845251,-0.0005766110261902213,21.37898826599121,0.018611663952469826,7.4268317222595215,5.141023575561121e-05,-0.0002467155863996595,2.0184712409973145,-0.00012341156252659857,-0.004255350213497877,-0.0002187633654102683,0.00024727199343033135,-0.004255350213497877,4.384880230645649e-05,0.0,0.4864172339439392,1.0,1.0,1.0,1.0
5.4,23.13983147926363,-0.0005687389639206231,4.776528658112511e-05,0.00025351555086672306,-0.0005687389639206231,0.00025351555086672306,-0.0005687389639206231,22.131866455078125,0.01861460506916046,7.628706932067871,4.776528658112511e-05,-0.0002477358211763203,2.018580913543701,-0.00013558141654357314,-0.004276266321539879,-0.00020214455435052514,0.00010625931463437155,-0.004276266321539879,2.2391534002963454e-05,0.0,0.4845496416091919,1.0,1.0,1.0,1.0
5.5,23.91310309608669,-0.0005581669392995536,4.40591829828918e-05,0.0002581093867775053,-0.0005581669392995536,0.0002581093867775053,-0.0005581669392995536,22.904932022094727,0.018620576709508896,7.830578804016113,4.40591829828918e-05,-0.0002486253797542304,2.0184261798858643,-0.00014784875384066254,-0.0042960005812346935,-0.0001919448986882344,0.00013823177141603082,-0.0042960005812346935,3.2146540434041526e-06,0.0,0.48267778754234314,1.0,1.0,1.0,1.0
5.6000000000000005,24.7065585861422,-0.0005449928576126695,4.0280465327668935e-05,0.0002623284235596657,-0.0005449928576126695,0.0002623284235596657,-0.0005449928576126695,23.698183059692383,0.018629543483257294,8.032423973083496,4.0280465327668935e-05,-0.0002493776846677065,2.0180437564849854,-0.00016201216203626245,-0.004314436111599207,-0.0001780621096258983,0.00014904116687830538,-0.004314436111599207,-1.3729467355005909e-05,0.0,0.48082783818244934,1.0,1.0,1.0,1.0
5.7,25.520195058748413,-0.0005293082213029265,3.659665890154429e-05,0.00026617234107106924,-0.0005293082213029265,0.00026617234107106924,-0.0005293082213029265,24.51161766052246,0.01864144764840603,8.234227180480957,3.659665890154429e-05,-0.00025002568145282567,2.017629623413086,-0.0001806824147934094,-0.004331251140683889,-0.00015748594887554646,0.00022078052279539406,-0.004331251140683889,-2.851596218533814e-05,0.0,0.47901639342308044,1.0,1.0,1.0,1.0
5.8,26.35401012169006,-0.0005111750215291977,3.341793853905983e-05,0.0002696668670978397,-0.0005111750215291977,0.0002696668670978397,-0.0005111750215291977,25.345230102539062,0.018656181171536446,8.436026573181152,3.341793853905983e-05,-0.0002506328164599836,2.018207550048828,-0.0002039561077253893,-0.00434693181887269,-0.00014624951290898025,0.0011751566780731082,-0.00434693181887269,-4.1271130612585694e-05,0.0,0.4774464964866638,1.0,1.0,1.0,1.0
5.9,27.208007881631055,-0.0004906562971882522,3.0218383471947163e-05,0.0002728569961618632,-0.0004906562971882522,0.0002728569961618632,-0.0004906562971882522,26.199026107788086,0.018673615530133247,8.637825965881348,3.0218383471947163e-05,-0.0002511788625270128,2.01658296585083,-0.00021155098511371762,-0.004358990583568811,-9.349478932563215e-05,0.00036403845297172666,-0.004358990583568811,-5.215085911913775e-05,0.0,0.47568896412849426,1.0,1.0,1.0,1.0
6.0,28.082169767711612,-0.0004678367986343801,2.6489267838769592e-05,0.0002756918838713318,-0.0004678367986343801,0.0002756918838713318,-0.0004678367986343801,27.072988510131836,0.01869368925690651,8.839363098144531,2.6489267838769592e-05,-0.00025157531490549445,2.0138416290283203,-0.00023278252047020942,-0.004369084257632494,-9.229857823811471e-05,0.00048557177069596946,-0.004369084257632494,-6.12084986642003e-05,0.0,0.47418126463890076,1.0,1.0,1.0,1.0
6.1000000000000005,28.97646292708733,-0.000442836491856724,2.270544064231217e-05,0.00027815086650662124,-0.000442836491856724,0.00027815086650662124,-0.000442836491856724,27.967086791992188,0.01871628314256668,9.040535926818848,2.270544064231217e-05,-0.0002518374240025878,2.0094785690307617,-0.000245083385379985,-0.004374704323709011,-6.283643597271293e-05,-4.006631934316829e-05,-0.004374704323709011,-6.856735853943974e-05,0.0,0.47304391860961914,1.0,1.0,1.0,1.0
6.2,29.890849471243758,-0.00041575237992219627,1.960655026778113e-05,0.000280261185253039,-0.00041575237992219627,0.000280261185253039,-0.00041575237992219627,28.881284713745117,0.01874127797782421,9.241360664367676,1.960655026778113e-05,-0.00025200052186846733,2.006828546524048,-0.00026360127958469093,-0.004379944410175085,-4.567373252939433e-05,-4.704001185018569e-06,-0.004379944410175085,-7.435701263602823e-05,0.0,0.47225457429885864,1.0,1.0,1.0,1.0
6.3,30.825306795699483,-0.0003866985789500177,1.7217733329744078e-05,0.0002820993831846863,-0.0003866985789500177,0.0002820993831846863,-0.0003866985789500177,29.815553665161133,0.018768535926938057,9.441977500915527,1.7217733329744078e-05,-0.00025210052262991667,2.0052473545074463,-0.00027932971715927124,-0.0043846555054187775,-4.837966480408795e-05,-1.2055947991029825e-05,-0.0043846555054187775,-7.874618313508108e-05,0.0,0.4716586768627167,1.0,1.0,1.0,1.0
6.4,31.77982149115392,-0.0003557688614819199,1.5216688552754931e-05,0.00028371941880322993,-0.0003557688614819199,0.00028371941880322993,-0.0003557688614819199,30.76987648010254,0.018797939643263817,9.642471313476562,1.5216688552754931e-05,-0.00025218751397915184,2.0043087005615234,-0.00029731375980190933,-0.004389418289065361,-4.566423376672901e-05,5.846824933541939e-05,-0.004389418289065361,-8.187514322344214e-05,0.0,0.4711771011352539,1.0,1.0,1.0,1.0
6.5,32.75436960183296,-0.00032307388028129935,1.1679434464895166e-05,0.0002850889868568629,-0.00032307388028129935,0.0002850889868568629,-0.00032307388028129935,31.744234085083008,0.018829384818673134,9.842521667480469,1.1679434464895166e-05,-0.0002521066926419735,1.995644450187683,-0.0002917265228461474,-0.004386611748486757,2.283372486999724e-05,-0.0009569952380843461,-0.004386611748486757,-8.384037209907547e-05,0.0,0.47107768058776855,1.0,1.0,1.0,1.0
6.6000000000000005,33.74886547231084,-0.0002886984730139375,7.36031597625697e-06,0.0002860538079403341,-0.0002886984730139375,0.0002860538079403341,-0.0002886984730139375,32.73855209350586,0.018862836062908173,10.041651725769043,7.36031597625697e-06,-0.0002518229593988508,1.984912395477295,-0.000304738205159083,-0.0043804519809782505,0.00016254675574600697,1.6479558325954713e-05,-0.0043804519809782505,-8.462922414764762e-05,0.0,0.47176602482795715,1.0,1.0,1.0,1.0
6.7,34.76320077567153,-0.0002527974429540336,3.430440528973122e-06,0.00028657689108513296,-0.0002527974429540336,0.00028657689108513296,-0.0002527974429540336,33.752723693847656,0.01889815367758274,10.239630699157715,3.430440528973122e-06,-0.00025124059175141156,1.9751721620559692,-0.00032770499819889665,-0.004369175992906094,9.774885984370485e-05,0.0002887446607928723,-0.004369175992906094,-8.437067299382761e-05,0.0,0.4735710322856903,1.0,1.0,1.0,1.0
6.8,35.79728810395046,-0.00021549846860580146,1.6917407492655911e-06,0.0002868152514565736,-0.00021549846860580146,0.0002868152514565736,-0.00021549846860580146,34.786651611328125,0.018935145810246468,10.436888694763184,1.6917407492655911e-06,-0.0002506373857613653,1.970194697380066,-0.0003440708969719708,-0.00435927789658308,8.21323919808492e-05,-0.00041598259122110903,-0.00435927789658308,-8.329455886268988e-05,0.0,0.47618141770362854,1.0,1.0,1.0,1.0
6.9,36.851087861887805,-0.00017690470849629492,1.4568552160199033e-06,0.00028696598019450903,-0.00017690470849629492,0.00028696598019450903,-0.00017690470849629492,35.84028625488281,0.01897364854812622,10.633798599243164,1.4568552160199033e-06,-0.0002500961709301919,1.9679367542266846,-0.00035984301939606667,-0.004352912772446871,4.821922266273759e-05,-0.0002452886838000268,-0.004352912772446871,-8.162456651916727e-05,0.0,0.479203462600708,1.0,1.0,1.0,1.0
7.0,37.92458015367053,-0.0001370505488011986,1.5384772495963261e-06,0.0002871211909223348,-0.0001370505488011986,0.0002871211909223348,-0.0001370505488011986,36.91360092163086,0.019013522192835808,10.830533981323242,1.5384772495963261e-06,-0.00024972675601020455,1.9654024839401245,-0.0003724740236066282,-0.004348249174654484,8.975940727395937e-05,0.001982144545763731,-0.004348249174654484,-7.951389852678403e-05,0.0,0.4824235439300537,1.0,1.0,1.0,1.0
7.1000000000000005,39.01601919193032,-0.00010107792331837118,-0.0004401878104545176,0.0002786210970953107,-0.00010107792331837118,0.0002786210970953107,-0.00010107792331837118,38.0053596496582,0.01905915141105652,10.96270751953125,-0.0004401878104545176,-0.00021698634373024106,-0.572948157787323,0.011709390208125114,-0.002596486359834671,0.058074429631233215,0.8090031147003174,-0.002596486359834671,-7.06009377609007e-05,0.0,0.03363324701786041,1.0,1.0,1.0,1.0
7.2,40.10525571548254,-4.483772863750346e-05,-0.000738705915864557,0.00020595417299773544,-4.483772863750346e-05,0.00020595417299773544,-4.483772863750346e-05,39.09862518310547,0.019158923998475075,10.920308113098145,-0.000738705915864557,-0.00012284632248338312,-0.1306704878807068,-0.005299943964928389,-0.002725025173276663,0.012444642372429371,0.8616153597831726,-0.002725025173276663,1.133529167418601e-05,0.0,0.0,1.0,1.0,1.0,1.0
7.3,41.193247522154756,-3.8178955037437845e-06,-0.0004714987298939377,0.000143702287459746,-3.8178955037437845e-06,0.000143702287459746,-3.8178955037437845e-06,40.18999099731445,0.0192370917648077,10.907127380371094,-0.0004714987298939377,-7.038391777314246e-05,-0.13363413512706757,0.001571804634295404,-0.0014398745261132717,0.0005969577468931675,-0.16863322257995605,-0.0014398745261132717,6.915964331710711e-05,0.0,0.0,1.0,1.0,1.0,1.0
7.4,42.28159828454234,2.5697832825244404e-05,-0.0003156954189762473,0.00010522196680540219,2.5697832825244404e-05,0.00010522196680540219,2.5697832825244404e-05,41.280025482177734,0.01932610012590885,10.895462036132812,-0.0003156954189762473,-1.6764428437454626e-05,0.578204870223999,-0.00341684534214437,-0.0017096857773140073,-0.005583472549915314,-1.129110336303711,-0.0017096857773140073,0.0001287378545384854,0.0,0.0,1.0,1.0,1.0,1.0
7.5,43.38152497344342,5.287302701617591e-05,-1.1313609320495743e-05,0.0001187037123600021,5.287302701617591e-05,0.0001187037123600021,5.287302701617591e-05,42.37816619873047,0.019383640959858894,11.021005630493164,-1.1313609320495743e-05,-6.696074706269428e-05,0.6114706993103027,0.004796208348125219,-0.0014120328705757856,-0.005503594875335693,-2.911519765853882,-0.0014120328705757856,0.00014166567416395992,0.0,0.31790217757225037,1.0,1.0,1.0,1.0
7.6000000000000005,44.490625472466306,9.32011244003661e-05,0.0002574981772340834,0.00013303165906108916,9.32011244003661e-05,0.00013303165906108916,9.32011244003661e-05,43.48541259765625,0.019429059699177742,11.138151168823242,0.0002574981772340834,-0.00011817531776614487,1.5518152713775635,-0.005956864915788174,-0.003206856083124876,0.005992934573441744,0.10982899367809296,-0.003206856083124876,0.00014288787497207522,0.0,0.6407588720321655,1.0,1.0,1.0,1.0
7.7,45.61494388829718,0.00013173131446819752,0.00036352698225528,0.00016624810814391822,0.00013173131446819752,0.00016624810814391822,0.00013173131446819752,44.607391357421875,0.01942741498351097,11.2992582321167,0.00036352698225528,-0.00017597022815607488,1.5834569931030273,-0.0005376171902753413,-0.002805175492540002,-0.00035709323128685355,-0.12955012917518616,-0.002805175492540002,9.224420500686392e-05,0.0,0.636856198310852,1.0,1.0,1.0,1.0
7.8,46.7544803216485,0.00017771798593457788,0.0002881821128539741,0.00019971565052401274,0.00017771798593457788,0.00019971565052401274,0.00017771798593457788,45.745338439941406,0.019418001174926758,11.458658218383789,0.0002881821128539741,-0.0002053930948022753,1.6154930591583252,0.0008624795591458678,-0.0030895306263118982,-0.00308376457542181,0.006955262739211321,-0.0030895306263118982,3.3448832255089656e-05,0.0,0.6490057706832886,1.0,1.0,1.0,1.0
7.9,47.909457190089825,0.00021975711570121348,0.00018709182040765882,0.0002233187115052715,0.00021975711570121348,0.0002233187115052715,0.00021975711570121348,46.89946746826172,0.01941792666912079,11.6233491897583,0.00018709182040765882,-0.00021772329637315124,1.6803892850875854,0.0013290101196616888,-0.003379779402166605,-0.0027308734133839607,0.0034278796520084143,-0.003379779402166605,-1.4115033991402015e-05,0.0,0.674155056476593,1.0,1.0,1.0,1.0
8.0,49.08093494557226,0.0002557182451710105,0.00011491858458612114,0.0002382187230978161,0.0002557182451710105,0.0002382187230978161,0.0002557182451710105,48.070404052734375,0.019432323053479195,11.794798851013184,0.00011491858458612114,-0.00021985186322126538,1.747394323348999,0.0011756783351302147,-0.003633700544014573,-0.002335497410967946,0.00401539821177721,-0.003633700544014573,-4.5929482439532876e-05,0.0,0.6986269950866699,1.0,1.0,1.0,1.0
8.1,50.269805731755426,0.0002877461083699018,7.331463712034747e-05,0.0002473926288075745,0.0002877461083699018,0.0002473926288075745,0.0002877461083699018,49.258811950683594,0.019460471346974373,11.972620964050293,7.331463712034747e-05,-0.00021957705030217767,1.807464599609375,0.0004980590892955661,-0.0038417489267885685,-0.0017234078841283917,0.008743955753743649,-0.0038417489267885685,-6.347581802401692e-05,0.0,0.7189599871635437,1.0,1.0,1.0,1.0
8.2,51.47672098680026,0.00032012691372074187,5.7154429669026285e-05,0.0002537504187785089,0.00032012691372074187,0.0002537504187785089,0.00032012691372074187,50.46529006958008,0.01949681155383587,12.155941009521484,5.7154429669026285e-05,-0.00022247286688070744,1.8569153547286987,-0.00025374116376042366,-0.003958561457693577,-0.0006926738424226642,0.0059856572188436985,-0.003958561457693577,-7.275333337020129e-05,0.0,0.7346698641777039,1.0,1.0,1.0,1.0
8.3,52.70216942683234,0.00035627445322461426,6.0883154219482094e-05,0.00025952019495889544,0.00035627445322461426,0.00025952019495889544,0.00035627445322461426,51.69033432006836,0.019535062834620476,12.343657493591309,6.0883154219482094e-05,-0.00022878866002429277,1.8959455490112305,-0.0005468296585604548,-0.004017104394733906,-0.0005559370620176196,0.0012258035130798817,-0.004017104394733906,-8.031303150346503e-05,0.0,0.7463752031326294,1.0,1.0,1.0,1.0
8.4,53.94653597242003,0.0003979920584242791,6.820282578701153e-05,0.00026602507568895817,0.0003979920584242791,0.00026602507568895817,0.0003979920584242791,52.934326171875,0.019572589546442032,12.53482723236084,6.820282578701153e-05,-0.00023639787104912102,1.92631196975708,-0.0004643572319764644,-0.004073275253176689,-0.0005903873243369162,-0.0013737095287069678,-0.004073275253176689,-8.90274386620149e-05,0.0,0.7548194527626038,1.0,1.0,1.0,1.0
8.5,55.21012989132187,0.0004438876057974994,6.51884256512858e-05,0.0002727984683588147,0.0004438876057974994,0.0002727984683588147,0.0004438876057974994,54.19758224487305,0.019610175862908363,12.728687286376953,6.51884256512858e-05,-0.00024274685711134225,1.9498493671417236,-0.00024055915127974004,-0.004140068311244249,-0.000735905603505671,-0.0010182155529037118,-0.004140068311244249,-9.80482654995285e-05,0.0,0.7606816291809082,1.0,1.0,1.0,1.0
8.6,56.49319471558889,0.000491840997710824,5.1853712648153305e-05,0.0002787185076158494,0.000491840997710824,0.0002787185076158494,0.000491840997710824,55.48032760620117,0.019649963825941086,12.924627304077148,5.1853712648153305e-05,-0.00024670298444107175,1.9680256843566895,-0.0001101793532143347,-0.0042162099853158,-0.0007581232930533588,0.000638677563983947,-0.0042162099853158,-0.0001050188293447718,0.0,0.7645353674888611,1.0,1.0,1.0,1.0
8.700000000000001,57.79591802604054,0.0005404978874139488,3.485039997030981e-05,0.0002830555895343423,0.0005404978874139488,0.0002830555895343423,0.0005404978874139488,56.78275680541992,0.01969328708946705,13.122174263000488,3.485039997030981e-05,-0.0002486997691448778,1.9820674657821655,-0.0001411386620020494,-0.004284749738872051,-0.0006146137602627277,0.0017865510890260339,-0.004284749738872051,-0.00010842119809240103,0.0,0.7668328881263733,1.0,1.0,1.0,1.0
8.8,59.11844379338281,0.0005895357462577522,2.1121428289916366e-05,0.0002858185616787523,0.0005895357462577522,0.0002858185616787523,0.0005895357462577522,58.105003356933594,0.019739989191293716,13.320960998535156,2.1121428289916366e-05,-0.00024976933491416276,1.9928785562515259,-0.0002640081802383065,-0.004336538724601269,-0.0004227550234645605,0.0018466378096491098,-0.004336538724601269,-0.00010834400745807216,0.0,0.7679280638694763,1.0,1.0,1.0,1.0
8.9,60.460882656641736,0.0006391400238499045,1.2688105016422924e-05,0.0002874716301448643,0.0006391400238499045,0.0002874716301448643,0.0006391400238499045,59.44717788696289,0.019788991659879684,13.520697593688965,1.2688105016422924e-05,-0.0002506931487005204,2.0011489391326904,-0.0003870541404467076,-0.004370427690446377,-0.00026712712133303285,0.0012308117002248764,-0.004370427690446377,-0.00010587741417111829,0.0,0.7681180834770203,1.0,1.0,1.0,1.0
9.0,61.82332093934083,0.0006894250982441008,8.242595868068747e-06,0.0002884970745071769,0.0006894250982441008,0.0002884970745071769,0.0006894250982441008,60.80936813354492,0.01983916386961937,13.721182823181152,8.242595868068747e-06,-0.00025172115419991314,2.0079007148742676,-0.0004639525432139635,-0.004392588511109352,-0.00018393048958387226,0.0006140705081634223,-0.004392588511109352,-0.00010217974340775982,0.0,0.767761766910553,1.0,1.0,1.0,1.0
9.1,63.205828215304095,0.0007402293849736452,5.131551461090567e-06,0.00028917129384353757,0.0007402293849736452,0.00028917129384353757,0.0007402293849736452,62.19163513183594,0.01988978683948517,13.92222785949707,5.131551461090567e-06,-0.00025273585924878716,2.0105020999908447,-0.00048293499276041985,-0.004408243112266064,-9.511536336503923e-05,0.003760949242860079,-0.004408243112266064,-9.795636287890375e-05,0.0,0.7654467821121216,1.0,1.0,1.0,1.0
9.200000000000001,64.60838547111555,0.0007911341381259263,-5.693332241207827e-06,0.0002892648335546255,0.0007911341381259263,0.0002892648335546255,0.0007911341381259263,63.59397888183594,0.019940773025155067,14.122138023376465,-5.693332241207827e-06,-0.0002528621116653085,1.9797743558883667,-0.00037412019446492195,-0.004393654875457287,0.0003795067314058542,0.004593356978148222,-0.004393654875457287,-9.315523493569344e-05,0.0,0.7506404519081116,1.0,1.0,1.0,1.0
9.3,66.0306250048853,0.0008418385987170041,-3.112725244136527e-05,0.00028755120001733303,0.0008418385987170041,0.00028755120001733303,0.0008418385987170041,65.0160903930664,0.019992854446172714,14.316999435424805,-3.112725244136527e-05,-0.00025063627981580794,1.9106643199920654,-0.00030364340636879206,-0.004324933048337698,0.0009908986976370215,0.005404275376349688,-0.004324933048337698,-8.659576997160912e-05,0.0,0.723209023475647,1.0,1.0,1.0,1.0
9.4,67.47181594754538,0.0008918101084418595,-6.155185110401362e-05,0.0002828920551110059,0.0008918101084418595,0.0002828920551110059,0.0008918101084418595,66.45729064941406,0.020046506077051163,14.503446578979492,-6.155185110401362e-05,-0.00024514764663763344,1.8127171993255615,-0.00016707577742636204,-0.004209705628454685,0.0011573060182854533,0.013142325915396214,-0.004209705628454685,-7.73524006945081e-05,0.0,0.6870500445365906,1.0,1.0,1.0,1.0
9.5,68.9309747320496,0.0009413422085344791,-9.149736433755606e-05,0.00027526228222995996,0.0009413422085344791,0.00027526228222995996,0.0009413422085344791,67.9166030883789,0.020102307200431824,14.67906379699707,-9.149736433755606e-05,-0.0002364706015214324,1.6953543424606323,-0.0001818564342102036,-0.004066360183060169,0.0016266406746581197,0.005325536709278822,-0.004066360183060169,-6.46992921247147e-05,0.0,0.6456171274185181,1.0,1.0,1.0,1.0
9.6,70.40694981199965,0.000989321037195623,-0.00011996601097052917,0.00026463056565262377,0.000989321037195623,0.00026463056565262377,0.000989321037195623,69.39286041259766,0.020159967243671417,14.842303276062012,-0.00011996601097052917,-0.00022517135948874056,1.5662786960601807,-0.00021097018907312304,-0.0038752981927245855,0.0018673163140192628,0.003955003805458546,-0.0038752981927245855,-4.879407788394019e-05,0.0,0.6016568541526794,1.0,1.0,1.0,1.0
9.700000000000001,71.89848696130672,0.001035616616718471,-0.00014096726954448968,0.00025153649039566517,0.001035616616718471,0.00025153649039566517,0.001035616616718471,70.88477325439453,0.020218785852193832,14.992328643798828,-0.00014096726954448968,-0.00021201247000135481,1.4321727752685547,-0.0003046497004106641,-0.0036643852945417166,0.002166807185858488,-0.008291070349514484,-0.0036643852945417166,-3.0323168175527826e-05,0.0,0.5572883486747742,1.0,1.0,1.0,1.0
9.8,73.4042838087491,0.001080957124941051,-0.00015020430146250874,0.0002370176080148667,0.001080957124941051,0.0002370176080148667,0.001080957124941051,72.3910140991211,0.020277991890907288,15.128908157348633,-0.00015020430146250874,-0.0001978290529223159,1.2985272407531738,-0.0003493795229587704,-0.0034678131341934204,0.0022064142394810915,0.0013419109163805842,-0.0034678131341934204,-1.0159160410694312e-05,0.0,0.5142451524734497,1.0,1.0,1.0,1.0
9.9,74.92303776563858,0.0011247305665165186,-0.0001567950239405036,0.00022164784604683518,0.0011247305665165186,0.00022164784604683518,0.0011247305665165186,73.91024780273438,0.020336531102657318,15.252280235290527,-0.0001567950239405036,-0.00018354365602135658,1.1685863733291626,-0.00039648162783123553,-0.0032494228798896074,0.0022182792890816927,-0.000638786586932838,-0.0032494228798896074,1.0641920198395383e-05,0.0,0.47350093722343445,1.0,1.0,1.0,1.0
10.0,76.45347810711837,0.0011663887416943908,-0.00015881175932008773,0.000205828167963773,0.0011663887416943908,0.000205828167963773,0.0011663887416943908,75.44116973876953,0.0203934945166111,15.362957954406738,-0.00015881175932008773,-0.00016924987721722573,1.0448166131973267,-0.00043703612755052745,-0.0030353472102433443,0.002174000721424818,0.0022651702165603638,-0.0030353472102433443,3.121564077446237e-05,0.0,0.435600608587265,1.0,1.0,1.0,1.0
10.1,77.99438712173131,0.0012056356063112617,-0.0001562320248922333,0.00018998033192474395,0.0012056356063112617,0.00018998033192474395,0.0012056356063112617,76.9825439453125,0.020448189228773117,15.46163272857666,-0.0001562320248922333,-0.00015523126057814807,0.9286451935768127,-0.00037003945908509195,-0.0028301780112087727,0.001613022992387414,-0.022366534918546677,-0.0028301780112087727,5.091460843686946e-05,0.0,0.4008480906486511,1.0,1.0,1.0,1.0
10.200000000000001,79.54461431386795,0.0012428106274455786,-0.00015195482410490513,0.00017461730749346316,0.0012428106274455786,0.00017461730749346316,0.0012428106274455786,78.53321075439453,0.020500177517533302,15.54909610748291,-0.00015195482410490513,-0.00014211778761819005,0.821048378944397,-0.0005028753657825291,-0.002640595193952322,0.002010311698541045,0.0006506007048301399,-0.002640595193952322,6.933265103725716e-05,0.0,0.36938080191612244,1.0,1.0,1.0,1.0
10.3,81.10308950756493,0.0012770099565386772,-0.00014768674736842513,0.00015960265591274947,0.0012770099565386772,0.00015960265591274947,0.0012770099565386772,80.09210205078125,0.020548589527606964,15.62624740600586,-0.00014768674736842513,-0.0001296904229093343,0.7226446270942688,-0.0005096869426779449,-0.0024450435303151608,0.0018380606779828668,0.0035363556817173958,-0.0024450435303151608,8.580274152336642e-05,0.0,0.3411550521850586,1.0,1.0,1.0,1.0
10.4,82.66883072557061,0.001308369799517095,-0.00014010620361659676,0.00014518476382363588,0.001308369799517095,0.00014518476382363588,0.001308369799517095,81.65821838378906,0.02059311233460903,15.693994522094727,-0.00014010620361659676,-0.00011793138401117176,0.6332206726074219,-0.0004987357533536851,-0.0022718729451298714,0.0016253709327429533,-0.0015059270663186908,-0.0022718729451298714,0.00010010194819187745,0.0,0.3160494863986969,1.0,1.0,1.0,1.0
10.5,84.24094585837474,0.0013367118081077933,-0.00013075674360152334,0.0001316216221312061,0.0013367118081077933,0.0001316216221312061,0.0013367118081077933,83.23068237304688,0.02063358947634697,15.753267288208008,-0.00013075674360152334,-0.00010710989590734243,0.5527009963989258,-0.0004993798211216927,-0.002118035452440381,0.0014270207611843944,-0.0007372977561317384,-0.002118035452440381,0.0001121450331993401,0.0,0.29385316371917725,1.0,1.0,1.0,1.0
10.6,85.81862985130874,0.0013615930220112205,-0.00012111746036680415,0.00011902553524123505,0.0013615930220112205,0.00011902553524123505,0.0013615930220112205,84.80867767333984,0.02066982164978981,15.804924964904785,-0.00012111746036680415,-9.734406921779737e-05,0.48126843571662903,-0.0005006914725527167,-0.0019786530174314976,0.0013210067991167307,-0.0015363142592832446,-0.0019786530174314976,0.00012183104263385758,0.0,0.274361252784729,1.0,1.0,1.0,1.0
10.700000000000001,87.40116423475601,0.0013827757211402059,-0.00011161196744069457,0.00010737415141193196,0.0013827757211402059,0.00010737415141193196,0.0013827757211402059,86.39148712158203,0.02070166915655136,15.849804878234863,-0.00011161196744069457,-8.853057806845754e-05,0.41714712977409363,-0.00045072927605360746,-0.001853037509135902,0.0010743890888988972,-0.012285284698009491,-0.001853037509135902,0.00012916987179778516,0.0,0.2573184669017792,1.0,1.0,1.0,1.0
10.8,88.98790749268063,0.0014006083365529776,-0.00010156934877159074,9.676798072177917e-05,0.0014006083365529776,9.676798072177917e-05,0.0014006083365529776,87.97847747802734,0.020729253068566322,15.888686180114746,-0.00010156934877159074,-8.067709859460592e-05,0.3611862063407898,-0.0004858873435296118,-0.0017521876143291593,0.0010683179134503007,-0.0022496175952255726,-0.0017521876143291593,0.00013441014743875712,0.0,0.24247749149799347,1.0,1.0,1.0,1.0
10.9,90.57829590630953,0.0014145256718620658,-9.444983879802749e-05,8.697534940438345e-05,0.0014145256718620658,8.697534940438345e-05,0.0014145256718620658,89.56908416748047,0.02075238712131977,15.922285079956055,-9.444983879802749e-05,-7.3759671067819e-05,0.31131353974342346,-0.00048710248665884137,-0.0016494690207764506,0.0009797890670597553,-0.0012320413952693343,-0.0016494690207764506,0.00013757293345406651,0.0,0.22959096729755402,1.0,1.0,1.0,1.0
11.0,92.17182861372399,0.0014243937330320477,-8.758319017942995e-05,7.786829519318417e-05,0.0014243937330320477,7.786829519318417e-05,0.0014243937330320477,91.16281127929688,0.020770948380231857,15.95121955871582,-8.758319017942995e-05,-6.759200914530084e-05,0.26800093054771423,-0.0004950501606799662,-0.0015567034715786576,0.0008812694577500224,-0.0009197253384627402,-0.0015567034715786576,0.00013872096315026283,0.0,0.21846014261245728,1.0,1.0,1.0,1.0
11.1,93.76807002690424,0.0014301626943051815,-8.048197196330875e-05,6.946041685296223e-05,0.0014301626943051815,6.946041685296223e-05,0.0014301626943051815,92.75922393798828,0.020784808322787285,15.976118087768555,-8.048197196330875e-05,-6.217792542884126e-05,0.23046796023845673,-0.0004965488915331662,-0.0014732683775946498,0.0007886706735007465,-0.0009234749595634639,-0.0014732683775946498,0.00013786833733320236,0.0,0.2088330239057541,1.0,1.0,1.0,1.0
11.200000000000001,95.36664149402186,0.001431831973604858,-7.362705218838528e-05,6.17576515651308e-05,0.001431831973604858,6.17576515651308e-05,0.001431831973604858,94.35794067382812,0.02079390548169613,15.997490882873535,-7.362705218838528e-05,-5.7468671002425253e-05,0.19726024568080902,-0.00048818407231010497,-0.001398358610458672,0.0007106724660843611,-0.0009677589987404644,-0.001398358610458672,0.00013509114796761423,0.0,0.20052699744701385,1.0,1.0,1.0,1.0
11.3,96.96720798826901,0.0014294373104348779,-6.733718328177929e-05,5.4710169933969155e-05,0.0014294373104348779,5.4710169933969155e-05,0.0014294373104348779,95.95863342285156,0.020798271521925926,16.015756607055664,-6.733718328177929e-05,-5.336563117452897e-05,0.16850002110004425,-0.00047773178084753454,-0.0013319684658199549,0.0006209086277522147,-0.0008293488062918186,-0.0013319684658199549,0.00013057718751952052,0.0,0.19341139495372772,1.0,1.0,1.0,1.0
11.4,98.56947947590595,0.0014230023371055722,-6.153907452244312e-05,4.826789881917648e-05,0.0014230023371055722,4.826789881917648e-05,0.0014230023371055722,97.56101989746094,0.020797980949282646,16.031352996826172,-6.153907452244312e-05,-4.9805392336566e-05,0.1438056081533432,-0.000464658165583387,-0.00127401202917099,0.0005397141212597489,-0.0007860499899834394,-0.00127401202917099,0.00012456155673135072,0.0,0.1873054802417755,1.0,1.0,1.0,1.0
11.5,100.17320710491485,0.0014125474262982607,-5.6285553000634536e-05,4.237914617988281e-05,0.0014125474262982607,4.237914617988281e-05,0.0014125474262982607,99.16484832763672,0.020793136209249496,16.04465675354004,-5.6285553000634536e-05,-4.6724693675059825e-05,0.122587651014328,-0.00045186790521256626,-0.0012240834766998887,0.0004636937810573727,-0.0006764345453120768,-0.0012240834766998887,0.00011730479309335351,0.0,0.18206104636192322,1.0,1.0,1.0,1.0
11.6,101.7781766279679,0.0013981007505208254,-5.176840932108462e-05,3.6979588912799954e-05,0.0013981007505208254,3.6979588912799954e-05,0.0013981007505208254,100.7698974609375,0.020783843472599983,16.05599021911621,-5.176840932108462e-05,-4.406697189551778e-05,0.10435072332620621,-0.00044128039735369384,-0.0011808451963588595,0.00039960030699148774,-0.0006244828109629452,-0.0011808451963588595,0.00010907415708061308,0.0,0.17755383253097534,1.0,1.0,1.0,1.0
11.700000000000001,103.3842036014267,0.0013796827988699079,-4.788177102454938e-05,3.2000352803152055e-05,0.0013796827988699079,3.2000352803152055e-05,0.0013796827988699079,102.3759994506836,0.02077019400894642,16.065628051757812,-4.788177102454938e-05,-4.177687515038997e-05,0.08867240697145462,-0.00043329934123903513,-0.0011438623769208789,0.0003419073182158172,-0.000542923400644213,-0.0011438623769208789,0.00010012165876105428,0.0,0.1736786812543869,1.0,1.0,1.0,1.0
11.8,104.99112906855645,0.0013573004398494959,-4.466381869860925e-05,2.7378144295653328e-05,0.0013573004398494959,2.7378144295653328e-05,0.0013573004398494959,103.98298645019531,0.020752253010869026,16.07380485534668,-4.466381869860925e-05,-3.980390101787634e-05,0.07490937411785126,-0.0004263588634785265,-0.0011120784329250455,0.0002972891670651734,-0.0004933165619149804,-0.0011120784329250455,9.067489736480638e-05,0.0,0.17035306990146637,1.0,1.0,1.0,1.0
11.9,106.59881343259693,0.0013309449423104525,-4.210713814245537e-05,2.3042472093948163e-05,0.0013309449423104525,2.3042472093948163e-05,0.0013309449423104525,105.5907211303711,0.02073007822036743,16.0806884765625,-4.210713814245537e-05,-3.808716792264022e-05,0.06299719959497452,-0.00042342167580500245,-0.0010848509846255183,0.00024932780070230365,-0.00043018884025514126,-0.0010848509846255183,8.09510238468647e-05,0.0,0.16752682626247406,1.0,1.0,1.0,1.0
12.0,108.20713625204017,0.001300584408454597,-3.997941894340329e-05,1.8940225345431827e-05,0.001300584408454597,1.8940225345431827e-05,0.001300584408454597,107.19908905029297,0.020703690126538277,16.08647346496582,-3.997941894340329e-05,-3.659993308247067e-05,0.05286618322134018,-0.00042376405326649547,-0.0010620129760354757,0.00020846567349508405,-0.00038966379361227155,-0.0010620129760354757,7.113761239452288e-05,0.0,0.16512416303157806,1.0,1.0,1.0,1.0
12.1,109.81599540873606,0.001266159350052476,-3.821748759946786e-05,1.5032501323730685e-05,0.001266159350052476,1.5032501323730685e-05,0.001266159350052476,108.80799102783203,0.020673083141446114,16.09132194519043,-3.821748759946786e-05,-3.531997208483517e-05,0.04425282031297684,-0.0004269557830411941,-0.0010430504335090518,0.00017200490401592106,-0.0003388898039702326,-0.0010430504335090518,6.138657772680745e-05,0.0,0.16308104991912842,1.0,1.0,1.0,1.0
12.200000000000001,111.42530394522024,0.0012275989865884185,-3.681184898596257e-05,1.1283254934824072e-05,0.0012275989865884185,1.1283254934824072e-05,0.0012275989865884185,110.4173355102539,0.02063821814954281,16.095375061035156,-3.681184898596257e-05,-3.4228167351102456e-05,0.0369320809841156,-0.0004327941278461367,-0.0010274762753397226,0.00014057688531465828,-0.00029172629001550376,-0.0010274762753397226,5.182258610147983e-05,0.0,0.1613440364599228,1.0,1.0,1.0,1.0
12.3,113.03498780173138,0.0011848165886476636,-3.5749439120991156e-05,7.657451533304993e-06,0.0011848165886476636,7.657451533304993e-06,0.0011848165886476636,112.02704620361328,0.020599035546183586,16.098752975463867,-3.5749439120991156e-05,-3.330368417664431e-05,0.030713297426700592,-0.00044061613152734935,-0.0010148226283490658,0.0001134023696067743,-0.000253522302955389,-0.0010148226283490658,4.254482337273657e-05,0.0,0.1598680317401886,1.0,1.0,1.0,1.0
12.4,114.6449839676723,0.0011377057526260614,-3.501263199723326e-05,4.121607162232976e-06,0.0011377057526260614,4.121607162232976e-06,0.0011377057526260614,113.63706970214844,0.02055545523762703,16.10155487060547,-3.501263199723326e-05,-3.252369424444623e-05,0.025435080751776695,-0.00044997810618951917,-0.0010047060204669833,8.969607733888552e-05,-0.00022165039263200015,-0.0010047060204669833,3.363196810823865e-05,0.0,0.15861494839191437,1.0,1.0,1.0,1.0
12.5,116.25523891035199,0.0010861424962058663,-3.457807906670496e-05,6.442547828555689e-07,0.0010861424962058663,6.442547828555689e-07,0.0010861424962058663,115.24734497070312,0.02050738036632538,16.103872299194336,-3.457807906670496e-05,-3.186580943292938e-05,0.02096051536500454,-0.00046080767060630023,-0.0009968054946511984,6.900094012962654e-05,-0.00019290416094008833,-0.0009968054946511984,2.5146759071503766e-05,0.0,0.15755239129066467,1.0,1.0,1.0,1.0
12.6,117.86570722663858,0.001029987819492817,-3.441455555730499e-05,-2.8033487069478724e-06,0.001029987819492817,-2.8033487069478724e-06,0.001029987819492817,116.85783386230469,0.02045470103621483,16.10577392578125,-3.441455555730499e-05,-3.131046469206922e-05,0.017173169180750847,-0.0004731802619062364,-0.0009908329229801893,5.107433025841601e-05,-0.00016624708950985223,-0.0009908329229801893,1.7142538126790896e-05,0.0,0.1566528081893921,1.0,1.0,1.0,1.0
12.700000000000001,119.47635048204803,0.0009690911392681301,-3.448541247053072e-05,-6.246515567909228e-06,0.0009690911392681301,-6.246515567909228e-06,0.0009690911392681301,118.46849060058594,0.02039729245007038,16.107328414916992,-3.448541247053072e-05,-3.0841816624160856e-05,0.01397375576198101,-0.0004870975681114942,-0.0009865222964435816,3.569629916455597e-05,-0.00014201525482349098,-0.0009865222964435816,9.660499927122146e-06,0.0,0.15589267015457153,1.0,1.0,1.0,1.0
12.8,121.08713621013383,0.0009032914531417191,-3.475402627373114e-05,-9.706847777124494e-06,0.0009032914531417191,-9.706847777124494e-06,0.0009032914531417191,120.07928466796875,0.020335013046860695,16.10858917236328,-3.475402627373114e-05,-3.0447337849182077e-05,0.01127740927040577,-0.0005024209967814386,-0.000983632286079228,2.2578895368496887e-05,-0.00012122007319703698,-0.000983632286079228,2.725818148974213e-06,0.0,0.1552518606185913,1.0,1.0,1.0,1.0
12.9,122.69803705065532,0.0008324185037054121,-3.518870653351769e-05,-1.3202497029851656e-05,0.0008324185037054121,-1.3202497029851656e-05,0.0008324185037054121,121.69020080566406,0.020267711952328682,16.109601974487305,-3.518870653351769e-05,-3.0116831112536602e-05,0.00901141669601202,-0.0005189326475374401,-0.0009819547412917018,1.1383720448066015e-05,-0.00010326388292014599,-0.0009819547412917018,-3.6510839436232345e-06,0.0,0.15471313893795013,1.0,1.0,1.0,1.0
13.0,124.30903000852881,0.0007562938844785094,-3.576426024665125e-05,-1.6748776033637114e-05,0.0007562938844785094,-1.6748776033637114e-05,0.0007562938844785094,123.30120086669922,0.020195219665765762,16.11040687561035,-3.576426024665125e-05,-2.9841556170140393e-05,0.00711336312815547,-0.0005364029784686863,-0.0009813102660700679,1.8600528619572287e-06,-8.774811431067064e-05,-0.0009813102660700679,-9.472325473325327e-06,0.0,0.15426169335842133,1.0,1.0,1.0,1.0
13.1,125.92009581765052,0.0006747316219843924,-3.646000914159231e-05,-2.035871693806257e-05,0.0006747316219843924,-2.035871693806257e-05,0.0006747316219843924,124.91227722167969,0.020117364823818207,16.11103630065918,-3.646000914159231e-05,-2.9613747756229714e-05,0.005529601126909256,-0.0005546361790038645,-0.000981543562375009,-6.221829153219005e-06,-7.434203143930063e-05,-0.000981543562375009,-1.4750085028936155e-05,0.0,0.15388481318950653,1.0,1.0,1.0,1.0
13.200000000000001,127.5312183951647,0.0005875399801880121,-3.7258112570270896e-05,-2.4043440134846605e-05,0.0005875399801880121,-2.4043440134846605e-05,0.0005875399801880121,126.52340698242188,0.02003396302461624,16.111522674560547,-3.7258112570270896e-05,-2.9426490073092282e-05,0.004213979002088308,-0.0005734802689403296,-0.0009825204033404589,-1.3054099326836877e-05,-6.268951983656734e-05,-0.0009825204033404589,-1.9500508642522618e-05,0.0,0.15357156097888947,1.0,1.0,1.0,1.0
13.3,129.1423843731955,0.0004945221589878201,-3.8142574339872226e-05,-2.78123752650572e-05,0.0004945221589878201,-2.78123752650572e-05,0.0004945221589878201,128.13458251953125,0.019944828003644943,16.111888885498047,-3.8142574339872226e-05,-2.9273733161971904e-05,0.003126770257949829,-0.0005928148748353124,-0.0009841243736445904,-1.8798016753862612e-05,-5.252610571915284e-05,-0.0009841243736445904,-2.37416461459361e-05,0.0,0.15331250429153442,1.0,1.0,1.0,1.0
13.4,130.75358269665915,0.00039547806954942644,-3.909887163899839e-05,-3.167342583765276e-05,0.00039547806954942644,-3.167342583765276e-05,0.00039547806954942644,129.7457733154297,0.019849762320518494,16.11215591430664,-3.909887163899839e-05,-2.9150265618227422e-05,0.002233782783150673,-0.0006125367945060134,-0.0009862538427114487,-2.3598631742061116e-05,-4.387729859445244e-05,-0.0009862538427114487,-2.7496647817315534e-05,0.0,0.15309958159923553,1.0,1.0,1.0,1.0
13.5,132.3648042775308,0.00029020479996688664,-4.0114169678417966e-05,-3.5633129300549626e-05,0.00029020479996688664,-3.5633129300549626e-05,0.00029020479996688664,131.3570098876953,0.019748574122786522,16.112340927124023,-4.0114169678417966e-05,-2.9051660021650605e-05,0.001505593303591013,-0.0006325562717393041,-0.0009888221975415945,-2.7606320145423524e-05,-3.648884012363851e-05,-0.0009888221975415945,-3.0792933102929965e-05,0.0,0.1529257893562317,1.0,1.0,1.0,1.0
13.6,133.9760416974218,0.00017849770665634423,-4.1177660023095086e-05,-3.969682802562602e-05,0.00017849770665634423,-3.969682802562602e-05,0.00017849770665634423,132.96824645996094,0.019641058519482613,16.11246109008789,-4.1177660023095086e-05,-2.8974143788218498e-05,0.0009168864344246686,-0.0006527932710014284,-0.0009917556308209896,-3.092082988587208e-05,-3.002499033755157e-05,-0.0009917556308209896,-3.36612320097629e-05,0.0,0.15278513729572296,1.0,1.0,1.0,1.0
13.700000000000001,135.58728895162244,6.015082180965692e-05,-4.228003672324121e-05,-4.3868873035535216e-05,6.015082180965692e-05,-4.3868873035535216e-05,6.015082180965692e-05,134.57949829101562,0.019527016207575798,16.112529754638672,-4.228003672324121e-05,-2.8914475478813984e-05,0.0004458910261746496,-0.0006731751491315663,-0.0009949894156306982,-3.3635278668953106e-05,-2.446211874485016e-05,-0.0009949894156306982,-3.613471199059859e-05,0.0,0.15267246961593628,1.0,1.0,1.0,1.0
13.8,137.19854122887563,-6.504239718196914e-05,-4.3413234379841015e-05,-4.81527422380168e-05,-6.504239718196914e-05,-4.81527422380168e-05,-6.504239718196914e-05,136.1907501220703,0.019406242296099663,16.1125545501709,-4.3413234379841015e-05,-2.8869862944702618e-05,7.389632082777098e-05,-0.0006936384015716612,-0.0009984680218622088,-3.5834800655720755e-05,-1.970216544577852e-05,-0.0009984680218622088,-3.824604209512472e-05,0.0,0.15258334577083588,1.0,1.0,1.0,1.0
13.9,138.80979472203592,-0.0001972886675503105,-4.45703262812458e-05,-5.255116775515489e-05,-0.0001972886675503105,-5.255116775515489e-05,-0.0001972886675503105,137.802001953125,0.01927853189408779,16.112546920776367,-4.45703262812458e-05,-2.8837896024924703e-05,-0.00021516346896532923,-0.0007141288951970637,-0.0010021437192335725,-3.759456012630835e-05,-1.5641400750610046e-05,-0.0010021437192335725,-4.0024657209869474e-05,0.0,0.15251396596431732,1.0,1.0,1.0,1.0
14.0,140.42104646546605,-0.00033679441548883915,-4.574541890178807e-05,-5.7066241424763575e-05,-0.00033679441548883915,-5.7066241424763575e-05,-0.00033679441548883915,139.4132537841797,0.019143681973218918,16.11251449584961,-4.574541890178807e-05,-2.881650834751781e-05,-0.00043506574002094567,-0.0007346016354858875,-0.0010059759952127934,-3.897968417732045e-05,-1.2165512089268304e-05,-0.0010059759952127934,-4.1499970393488184e-05,0.0,0.15246105194091797,1.0,1.0,1.0,1.0
14.1,142.0322941955915,-0.00048376541235484183,-4.693347364082001e-05,-6.169950211187825e-05,-0.00048376541235484183,-6.169950211187825e-05,-0.00048376541235484183,141.02450561523438,0.019001485779881477,16.112462997436523,-4.693347364082001e-05,-2.8803911845898256e-05,-0.0005976070533506572,-0.0007550184382125735,-0.0010099299252033234,-4.0038165025180206e-05,-9.13997064344585e-06,-0.0010099299252033234,-4.2701372876763344e-05,0.0,0.15242180228233337,1.0,1.0,1.0,1.0
14.200000000000001,143.64353623150868,-0.000638406490907073,-4.813008490600623e-05,-6.64520266582258e-05,-0.000638406490907073,-6.64520266582258e-05,-0.000638406490907073,142.63575744628906,0.018851740285754204,16.112396240234375,-4.813008490600623e-05,-2.8798582206945866e-05,-0.0007128689903765917,-0.0007753465906716883,-0.0010139754740521312,-4.082323721377179e-05,-6.664502507192083e-06,-0.0010139754740521312,-4.365783024695702e-05,0.0,0.15239384770393372,1.0,1.0,1.0,1.0
14.3,145.2547713729552,-0.0008009211742319167,-4.933153832098469e-05,-7.132448081392795e-05,-0.0008009211742319167,-7.132448081392795e-05,-0.0008009211742319167,144.2469940185547,0.01869424246251583,16.112321853637695,-4.933153832098469e-05,-2.8799213396268897e-05,-0.000789447920396924,-0.0007955607143230736,-0.0010180877288803458,-4.1383085772395134e-05,-4.61938407170237e-06,-0.0010180877288803458,-4.4397544115781784e-05,0.0,0.15237510204315186,1.0,1.0,1.0,1.0
14.4,146.86599881330534,-0.0009715117048472166,-5.053485438111238e-05,-7.631719199707732e-05,-0.0009715117048472166,-7.631719199707732e-05,-0.0009715117048472166,145.85821533203125,0.018528791144490242,16.112239837646484,-5.053485438111238e-05,-2.8804703106288798e-05,-0.0008346546092070639,-0.0008156413678079844,-0.0010222463170066476,-4.17574483435601e-05,-2.940869308076799e-06,-0.0010222463170066476,-4.494700988288969e-05,0.0,0.1523638665676117,1.0,1.0,1.0,1.0
14.5,148.477218065562,-0.0011503787245601416,-5.17376720381435e-05,-8.143023296725005e-05,-0.0011503787245601416,-8.143023296725005e-05,-0.0011503787245601416,147.4694366455078,0.01835518144071102,16.112154006958008,-5.17376720381435e-05,-2.8814105462515727e-05,-0.000854687939863652,-0.0008355752215720713,-0.0010264344746246934,-4.1980125388363376e-05,-1.5745722521387506e-06,-0.0010264344746246934,-4.532916864263825e-05,0.0,0.15235865116119385,1.0,1.0,1.0,1.0
14.6,150.08842889955164,-0.0013377211289480329,-5.2938168664695695e-05,-8.666345092933625e-05,-0.0013377211289480329,-8.666345092933625e-05,-0.0013377211289480329,149.0806427001953,0.01817321963608265,16.112070083618164,-5.2938168664695695e-05,-2.8826627385569736e-05,-0.0008553467341698706,-0.0008553514489904046,-0.0010306384647265077,-4.207058736938052e-05,8.117315246636281e-07,-0.0010306384647265077,-4.556505518849008e-05,0.0,0.1523580104112625,1.0,1.0,1.0,1.0
14.700000000000001,151.69963127603125,-0.0015337364748120308,-5.413666440290399e-05,-9.201660577673465e-05,-0.0015337364748120308,-9.201660577673465e-05,-0.0015337364748120308,150.6918487548828,0.01798270270228386,16.111984252929688,-5.413666440290399e-05,-2.8841528546763584e-05,-0.000843796122353524,-0.0008749843691475689,-0.0010348522337153554,-4.228994293953292e-05,-3.816373009613017e-06,-0.0010348522337153554,-4.5674161810893565e-05,0.0,0.15236037969589233,1.0,1.0,1.0,1.0
14.8,153.3108252931968,-0.0017386225517839193,-5.53373756702058e-05,-9.748965385369956e-05,-0.0017386225517839193,-9.748965385369956e-05,-0.0017386225517839193,152.30303955078125,0.01778343878686428,16.111900329589844,-5.53373756702058e-05,-2.885773756133858e-05,-0.0008189492509700358,-0.0008944322471506894,-0.0010391054674983025,-4.28442181146238e-05,-6.980208581808256e-06,-0.0010391054674983025,-4.5674401917494833e-05,0.0,0.15236598253250122,1.0,1.0,1.0,1.0
14.9,154.92201118651897,-0.0019525769166648388,-5.654634514939971e-05,-0.00010308315540896729,-0.0019525769166648388,-0.00010308315540896729,-0.0019525769166648388,153.9142303466797,0.017575230449438095,16.111820220947266,-5.654634514939971e-05,-2.8875052521470934e-05,-0.000783831812441349,-0.0009141810587607324,-0.0010434192372485995,-4.3379008275223896e-05,-4.219498350721551e-06,-0.0010434192372485995,-4.558244836516678e-05,0.0,0.1523740440607071,1.0,1.0,1.0,1.0
15.0,156.53318929508808,-0.002175794681534171,-5.7762030337471515e-05,-0.0001087979253497906,-0.002175794681534171,-0.0001087979253497906,-0.002175794681534171,155.52540588378906,0.017357882112264633,16.111743927001953,-5.7762030337471515e-05,-2.889486131607555e-05,-0.0007414284627884626,-0.0009342260309495032,-0.001047773752361536,-4.365630229585804e-05,-2.2470892417914e-06,-0.001047773752361536,-4.541728048934601e-05,0.0,0.15238386392593384,1.0,1.0,1.0,1.0
15.1,158.1443600305604,-0.0024084746837615967,-5.8985224313801154e-05,-0.00011463458940852433,-0.0024084746837615967,-0.00011463458940852433,-0.0024084746837615967,157.13658142089844,0.01713119074702263,16.11167335510254,-5.8985224313801154e-05,-2.8916747396579012e-05,-0.0006941696628928185,-0.0009541371837258339,-0.0010521567892283201,-4.404644278110936e-05,-4.910292773274705e-06,-0.0010521567892283201,-4.5201246393844485e-05,0.0,0.1523948609828949,1.0,1.0,1.0,1.0
15.200000000000001,159.75552385228042,-0.002650818321853876,-6.022196976118721e-05,-0.00012059420259902254,-0.002650818321853876,-0.00012059420259902254,-0.002650818321853876,158.74774169921875,0.016894958913326263,16.11160659790039,-6.022196976118721e-05,-2.8939304684172384e-05,-0.0006440884899348021,-0.0009740896639414132,-0.0010565865086391568,-4.45406258222647e-05,-4.743803856399609e-06,-0.0010565865086391568,-4.4956468627788126e-05,0.0,0.15240655839443207,1.0,1.0,1.0,1.0
15.3,161.3666812501541,-0.0029030281584709883,-6.147491512820125e-05,-0.00012667827832046896,-0.0029030281584709883,-0.00012667827832046896,-0.0029030281584709883,160.35890197753906,0.01664898730814457,16.111543655395508,-6.147491512820125e-05,-2.8961803764104843e-05,-0.0005927712772972882,-0.0009942579781636596,-0.001061074435710907,-4.536111737252213e-05,-1.267679726879578e-05,-0.001061074435710907,-4.4705328036798164e-05,0.0,0.1524185836315155,1.0,1.0,1.0,1.0
15.4,162.97783272906594,-0.0031653093174099922,-6.2752136727795e-05,-0.0001328887155978009,-0.0031653093174099922,-0.0001328887155978009,-0.0031653093174099922,161.9700469970703,0.01639307290315628,16.111486434936523,-6.2752136727795e-05,-2.898444108723197e-05,-0.0005414860788732767,-0.0010148932924494147,-0.0010656826198101044,-4.684354644268751e-05,-1.6193027477129363e-05,-0.0010656826198101044,-4.447231549420394e-05,0.0,0.15243062376976013,1.0,1.0,1.0,1.0
15.5,164.58897879513387,-0.0034378727432340384,-6.40685684629716e-05,-0.00013922872312832624,-0.0034378727432340384,-0.00013922872312832624,-0.0034378727432340384,163.58119201660156,0.01612701080739498,16.111434936523438,-6.40685684629716e-05,-2.9007502234890126e-05,-0.0004913421580567956,-0.0010361712193116546,-0.0010704515734687448,-4.8538837290834635e-05,-1.7484759155195206e-05,-0.0010704515734687448,-4.428616011864506e-05,0.0,0.15244239568710327,1.0,1.0,1.0,1.0
15.6,166.200119944337,-0.0037209365982562304,-6.543329072883353e-05,-0.00014570271014235914,-0.0037209365982562304,-0.00014570271014235914,-0.0037209365982562304,165.1923370361328,0.01585058681666851,16.11138916015625,-6.543329072883353e-05,-2.903091808548197e-05,-0.0004430194676388055,-0.0010582105023786426,-0.0010753945680335164,-5.03073533764109e-05,-1.776129283825867e-05,-0.0010753945680335164,-4.4179723772685975e-05,0.0,0.15245378017425537,1.0,1.0,1.0,1.0
15.700000000000001,167.81125665563462,-0.0040147271938622,-6.68497959850356e-05,-0.00015231571160256863,-0.0040147271938622,-0.00015231571160256863,-0.0040147271938622,166.80348205566406,0.01556357927620411,16.111347198486328,-6.68497959850356e-05,-2.905458677560091e-05,-0.0003969763347413391,-0.0010810752864927053,-0.0010805147467181087,-5.207625508774072e-05,-1.7543254216434434e-05,-0.0010805147467181087,-4.416874799062498e-05,0.0,0.1524646282196045,1.0,1.0,1.0,1.0
15.8,169.42238938632397,-0.004319478292018175,-6.831857172073796e-05,-0.00015907296619843692,-0.004319478292018175,-0.00015907296619843692,-0.004319478292018175,168.41461181640625,0.015265760943293571,16.111309051513672,-6.831857172073796e-05,-2.907848102040589e-05,-0.0003535304858814925,-0.0011047824518755078,-0.0010858098976314068,-5.379695357987657e-05,-1.6837466318975203e-05,-0.0010858098976314068,-4.425982479006052e-05,0.0,0.15247486531734467,1.0,1.0,1.0,1.0
15.9,171.03351856862005,-0.004635433200746775,-6.98388903401792e-05,-0.00016597963985987008,-0.004635433200746775,-0.00016597963985987008,-0.004635433200746775,170.02574157714844,0.01495689433068037,16.111276626586914,-6.98388903401792e-05,-2.9102629923727363e-05,-0.0003128875105176121,-0.0011293411953374743,-0.0010912816505879164,-5.5815104133216664e-05,-2.7622532797977328e-05,-0.0010912816505879164,-4.4467567931860685e-05,0.0,0.1524844616651535,1.0,1.0,1.0,1.0
16.0,172.64464460735155,-0.00496284244582057,-7.142108370317146e-05,-0.00017304123321082443,-0.00496284244582057,-0.00017304123321082443,-0.00496284244582057,171.63685607910156,0.014636734500527382,16.11124610900879,-7.142108370317146e-05,-2.912752279371489e-05,-0.0002751616120804101,-0.001155020436272025,-0.0010970222065225244,-5.909793617320247e-05,-3.6022975109517574e-05,-0.0010970222065225244,-4.481531141209416e-05,0.0,0.15249337255954742,1.0,1.0,1.0,1.0
16.1,174.25576787861095,-0.005301972851157188,-7.309231295948848e-05,-0.00018026522593572736,-0.005301972851157188,-0.00018026522593572736,-0.005301972851157188,173.24798583984375,0.014305022545158863,16.111221313476562,-7.309231295948848e-05,-2.915360892075114e-05,-0.00024039382697083056,-0.0011821333318948746,-0.0011031196918338537,-6.285567360464483e-05,-3.8622685679001734e-05,-0.0011031196918338537,-4.5337081246543676e-05,0.0,0.15250159800052643,1.0,1.0,1.0,1.0
16.2,175.8668887292247,-0.005653107538819313,-7.48707025195472e-05,-0.00018766155699267983,-0.005653107538819313,-0.00018766155699267983,-0.005653107538819313,174.85910034179688,0.01396148931235075,16.11119842529297,-7.48707025195472e-05,-2.918059180956334e-05,-0.0002085675223497674,-0.0012109155068174005,-0.0011096014641225338,-6.674547330476344e-05,-3.8883121305843815e-05,-0.0011096014641225338,-4.60791852674447e-05,0.0,0.15250912308692932,1.0,1.0,1.0,1.0
16.3,177.47800747685994,-0.006016546860337257,-7.676219684071839e-05,-0.00019524130038917065,-0.006016546860337257,-0.00019524130038917065,-0.006016546860337257,176.47023010253906,0.013605844229459763,16.11117935180664,-7.676219684071839e-05,-2.9208198611740954e-05,-0.00017962025594897568,-0.0012415002565830946,-0.0011164711322635412,-7.059408380882815e-05,-3.80001038138289e-05,-0.0011164711322635412,-4.705975516117178e-05,0.0,0.1525159776210785,1.0,1.0,1.0,1.0
16.4,179.08912441060335,-0.006392608862370253,-7.87658937042579e-05,-0.0002030157920671627,-0.006392608862370253,-0.0002030157920671627,-0.006392608862370253,178.0813446044922,0.013237783685326576,16.111162185668945,-7.87658937042579e-05,-2.9236429327283986e-05,-0.00015345435531344265,-0.0012739115627482533,-0.0011237194994464517,-7.430466212099418e-05,-3.6037661629961804e-05,-0.0011237194994464517,-4.826092845178209e-05,0.0,0.15252219140529633,1.0,1.0,1.0,1.0
16.5,180.7002397919722,-0.006781628355383873,-8.087791502475739e-05,-0.00021099603327456862,-0.006781628355383873,-0.00021099603327456862,-0.006781628355383873,179.6924591064453,0.012856981717050076,16.111148834228516,-8.087791502475739e-05,-2.926548768300563e-05,-0.00012995398719795048,-0.0013081380166113377,-0.001131335855461657,-7.826951332390308e-05,-5.5203287047334015e-05,-0.001131335855461657,-4.967985296389088e-05,0.0,0.15252776443958282,1.0,1.0,1.0,1.0
16.6,182.3113538565303,-0.007183958776295185,-8.311402052640915e-05,-0.00021919322898611426,-0.007183958776295185,-0.00021919322898611426,-0.007183958776295185,181.30357360839844,0.012463096529245377,16.111135482788086,-8.311402052640915e-05,-2.9296670618350618e-05,-0.0001089563374989666,-0.0013446940574795008,-0.0011395112378522754,-8.566235919715837e-05,-8.591319783590734e-05,-0.0011395112378522754,-5.1332262955838814e-05,0.0,0.15253274142742157,1.0,1.0,1.0,1.0
16.7,183.9224668141672,-0.007599986623972654,-8.554645319236442e-05,-0.00022762308071833104,-0.007599986623972654,-0.00022762308071833104,-0.007599986623972654,182.91468811035156,0.012055761180818081,16.111125946044922,-8.554645319236442e-05,-2.933136602223385e-05,-9.030532237375155e-05,-0.0013844441855326295,-0.0011485335417091846,-9.485713962931186e-05,-9.604027582099661e-05,-0.0011485335417091846,-5.32564299646765e-05,0.0,0.15253716707229614,1.0,1.0,1.0,1.0
16.8,185.53357885080604,-0.008030137978494167,-8.823496318655089e-05,-0.00023630853684153408,-0.008030137978494167,-0.00023630853684153408,-0.008030137978494167,184.5258026123047,0.011634577997028828,16.11111831665039,-8.823496318655089e-05,-2.9368904506554827e-05,-7.384871423710138e-05,-0.0014281730400398374,-0.0011585099855437875,-0.00010460435441927984,-9.801494161365554e-05,-0.0011585099855437875,-5.55202568648383e-05,0.0,0.15254108607769012,1.0,1.0,1.0,1.0
16.9,187.14469013066594,-0.008474881760776043,-9.120264439843595e-05,-0.0002452765766065568,-0.008474881760776043,-0.0002452765766065568,-0.008474881760776043,186.13690185546875,0.011199109256267548,16.11111068725586,-9.120264439843595e-05,-2.9408494810923003e-05,-5.9417110605863854e-05,-0.0014763344079256058,-0.0011694636195898056,-0.00011434548650868237,-9.661182411946356e-05,-0.0011694636195898056,-5.817914643557742e-05,0.0,0.1525445133447647,1.0,1.0,1.0,1.0
17.0,188.75580079782134,-0.008934730663895607,-9.445103205507621e-05,-0.00025455531431362033,-0.008934730663895607,-0.00025455531431362033,-0.008934730663895607,187.74801635742188,0.01074887253344059,16.111106872558594,-9.445103205507621e-05,-2.9450080546666868e-05,-4.684355008066632e-05,-0.0015290658921003342,-0.0011813805904239416,-0.00012382697605062276,-9.240852523362264e-05,-0.0011813805904239416,-6.122502236394212e-05,0.0,0.15254750847816467,1.0,1.0,1.0,1.0
17.1,190.3669109777716,-0.009410240687429905,-9.797207167139277e-05,-0.00026417250046506524,-0.009410240687429905,-0.00026417250046506524,-0.009410240687429905,189.359130859375,0.010283340699970722,16.111101150512695,-9.797207167139277e-05,-2.9494067348423414e-05,-3.596514216042124e-05,-0.0015862648142501712,-0.001194222830235958,-0.00013304185995366424,-0.00010544146061874926,-0.001194222830235958,-6.468167703133076e-05,0.0,0.1525501012802124,1.0,1.0,1.0,1.0
17.2,191.97802077904785,-0.009902010671794415,-0.00010177499643759802,-0.00027415528893470764,-0.009902010671794415,-0.00027415528893470764,-0.009902010671794415,190.97024536132812,0.009801940992474556,16.111099243164062,-0.00010177499643759802,-2.9541879484895617e-05,-2.6622379664331675e-05,-0.001648494740948081,-0.0012082010507583618,-0.00014748566900379956,-0.00017110705084633082,-0.0012082010507583618,-6.861818837933242e-05,0.0,0.15255232155323029,1.0,1.0,1.0,1.0
17.3,193.58913029475426,-0.010410701856017113,-0.00010596828360576183,-0.0002845365379471332,-0.010410701856017113,-0.0002845365379471332,-0.010410701856017113,192.5813446044922,0.009304050356149673,16.11109733581543,-0.00010596828360576183,-2.9596989406854846e-05,-1.86591951205628e-05,-0.001717364531941712,-0.0012238543713465333,-0.0001657045359024778,-0.00018988605006597936,-0.0012238543713465333,-7.315373659366742e-05,0.0,0.1525542289018631,1.0,1.0,1.0,1.0
17.400000000000002,195.20023960407167,-0.010937056504189968,-0.00011066457955166698,-0.0002953613584395498,-0.010937056504189968,-0.0002953613584395498,-0.010937056504189968,194.1924591064453,0.008788978680968285,16.111095428466797,-0.00011066457955166698,-2.965918065456208e-05,-1.1927272680622991e-05,-0.001794082229025662,-0.001241396414116025,-0.00018502013699617237,-0.0001945606345543638,-0.001241396414116025,-7.847017695894465e-05,0.0,0.15255583822727203,1.0,1.0,1.0,1.0
17.5,196.81134877358681,-0.011481905356049538,-0.00011591276415856555,-0.00030668292311020195,-0.011481905356049538,-0.00030668292311020195,-0.011481905356049538,195.80357360839844,0.008255957625806332,16.111093521118164,-0.00011591276415856555,-2.9726674256380647e-05,-6.290626060945215e-06,-0.001879481365904212,-0.0012608778197318316,-0.00020436009799595922,-0.00019157628412358463,-0.0012608778197318316,-8.474305650452152e-05,0.0,0.15255717933177948,1.0,1.0,1.0,1.0
17.6,198.42245785860013,-0.01204616203904152,-0.00012171824346296489,-0.0003185569657944143,-0.01204616203904152,-0.0003185569657944143,-0.01204616203904152,197.4146728515625,0.0077041322365403175,16.111093521118164,-0.00012171824346296489,-2.9798800824210048e-05,-1.6255150967481313e-06,-0.00197387021034956,-0.0012822732096537948,-0.0002232261176686734,-0.0001838081079768017,-0.0012822732096537948,-9.191753633785993e-05,0.0,0.15255829691886902,1.0,1.0,1.0,1.0
17.7,200.0335669044837,-0.012630825862288475,-0.000128065628814511,-0.0003310385800432414,-0.012630825862288475,-0.0003310385800432414,-0.012630825862288475,199.02578735351562,0.007132559549063444,16.111093521118164,-0.000128065628814511,-2.987596599268727e-05,2.182408707085415e-06,-0.0020770803093910217,-0.0013055033050477505,-0.00024104084877762944,-0.00017704851052258164,-0.0013055033050477505,-9.995221626013517e-05,0.0,0.15255922079086304,1.0,1.0,1.0,1.0
17.8,201.64467594796477,-0.013236982747912407,-0.0001349391386611387,-0.0003441808803472668,-0.013236982747912407,-0.0003441808803472668,-0.013236982747912407,200.63690185546875,0.0065402076579630375,16.111093521118164,-0.0001349391386611387,-2.9959324820083566e-05,5.2402883738977835e-06,-0.002189170103520155,-0.001330626429989934,-0.0002624634944368154,-0.00024642032803967595,-0.001330626429989934,-0.00010889438271988183,0.0,0.15255995094776154,1.0,1.0,1.0,1.0
17.900000000000002,203.25578501822204,-0.013865811750292778,-0.00014241697499528527,-0.00035803933860734105,-0.013865811750292778,-0.00035803933860734105,-0.013865811750292778,202.2480010986328,0.005925954319536686,16.111095428466797,-0.00014241697499528527,-3.0052671718294732e-05,7.650605766684748e-06,-0.0023115300573408604,-0.0013581631937995553,-0.00028832172392867506,-0.00026593636721372604,-0.0013581631937995553,-0.00011888111475855112,0.0,0.1525605320930481,1.0,1.0,1.0,1.0
18.0,204.8668941378593,-0.014518611133098602,-0.00015061281737871468,-0.0003726804570760578,-0.014518611133098602,-0.0003726804570760578,-0.014518611133098602,203.85911560058594,0.0052885739132761955,16.111095428466797,-0.00015061281737871468,-3.015662332472857e-05,9.507592949375976e-06,-0.0024452265352010727,-0.0013883470091968775,-0.00031511508859694004,-0.00026786085800267756,-0.0013883470091968775,-0.00013014896831009537,0.0,0.1525609940290451,1.0,1.0,1.0,1.0
18.1,206.4780033236869,-0.01519679930061102,-0.00015957557479850948,-0.00038817894528619945,-0.01519679930061102,-0.00038817894528619945,-0.01519679930061102,205.47023010253906,0.004626729525625706,16.11109733581543,-0.00015957557479850948,-3.026910599146504e-05,1.0893855687754694e-05,-0.0025909787509590387,-0.001421201042830944,-0.0003415736136958003,-0.0002603002358227968,-0.001421201042830944,-0.00014297252346295863,0.0,0.15256132185459137,1.0,1.0,1.0,1.0
18.2,208.0891125874227,-0.015901917591691017,-0.00016930275887716562,-0.0004046117246616632,-0.015901917591691017,-0.0004046117246616632,-0.015901917591691017,207.08132934570312,0.003938963171094656,16.11109733581543,-0.00016930275887716562,-3.03888682537945e-05,1.1879518751811702e-05,-0.002748975995928049,-0.0014566588215529919,-0.0003671527374535799,-0.0002488801546860486,-0.0014566588215529919,-0.0001572192122694105,0.0,0.15256157517433167,1.0,1.0,1.0,1.0
18.3,209.70022193648248,-0.01663561910390854,-0.00017976705566979945,-0.00042205399950034916,-0.01663561910390854,-0.00042205399950034916,-0.01663561910390854,208.69244384765625,0.003223694860935211,16.111099243164062,-0.00017976705566979945,-3.051596286240965e-05,1.2526106729637831e-05,-0.002918893937021494,-0.001494596479460597,-0.00039104410097934306,-0.0002304709196323529,-0.001494596479460597,-0.0001726466289255768,0.0,0.1525617390871048,1.0,1.0,1.0,1.0
18.400000000000002,211.31133137474572,-0.017399674281477928,-0.00019092853472102433,-0.00044057751074433327,-0.017399674281477928,-0.00044057751074433327,-0.017399674281477928,210.30355834960938,0.0024792265612632036,16.111101150512695,-0.00019092853472102433,-3.0650917324237525e-05,1.2889064237242565e-05,-0.0031002541072666645,-0.0015349119203165174,-0.0004158865485806018,-0.00027455706731416285,-0.0015349119203165174,-0.00018913112580776215,0.0,0.15256182849407196,1.0,1.0,1.0,1.0
18.5,212.92244090317618,-0.01819596439599991,-0.00020280966418795288,-0.00046025210758671165,-0.01819596439599991,-0.00046025210758671165,-0.01819596439599991,211.91465759277344,0.001703743590041995,16.111101150512695,-0.00020280966418795288,-3.079654561588541e-05,1.3021307495364454e-05,-0.0032937247306108475,-0.0015779276145622134,-0.00044436444295570254,-0.0002892106131184846,-0.0015779276145622134,-0.0002066653105430305,0.0,0.15256187319755554,1.0,1.0,1.0,1.0
18.6,214.53355052032074,-0.019026504829525948,-0.00021548778750002384,-0.00048115378012880683,-0.019026504829525948,-0.00048115378012880683,-0.019026504829525948,213.52577209472656,0.0008953108335845172,16.111103057861328,-0.00021548778750002384,-3.095404099440202e-05,1.298031293117674e-05,-0.003499893704429269,-0.0016238238895311952,-0.0004732155939564109,-0.0002859616361092776,-0.0016238238895311952,-0.00022536132019013166,0.0,0.15256187319755554,1.0,1.0,1.0,1.0
18.7,216.14466022282173,-0.019893445074558258,-0.0002289938274770975,-0.0005033642519265413,-0.019893445074558258,-0.0005033642519265413,-0.019893445074558258,215.1368865966797,5.1866096328012645e-05,16.11110496520996,-0.0002289938274770975,-3.11215735564474e-05,1.2822971257264726e-05,-0.0037190853618085384,-0.0016725719906389713,-0.0005012686015106738,-0.0002741512143984437,-0.0016725719906389713,-0.0002454255009070039,0.0,0.15256185829639435,1.0,1.0,1.0,1.0
18.8,217.75577000570507,-0.0207990612834692,-0.00024331254826392978,-0.0005269657704047859,-0.0207990612834692,-0.0005269657704047859,-0.0207990612834692,216.7480010986328,-0.0008287824457511306,16.11110496520996,-0.00024331254826392978,-3.129760443698615e-05,1.2541884643724188e-05,-0.003951224964112043,-0.0017240609740838408,-0.0005280454643070698,-0.0002609309449326247,-0.0017240609740838408,-0.0002667290100362152,0.0,0.15256179869174957,1.0,1.0,1.0,1.0
18.900000000000002,219.36687986237635,-0.021745752543210983,-0.0002584064204711467,-0.0005520379054360092,-0.021745752543210983,-0.0005520379054360092,-0.021745752543210983,218.35910034179688,-0.0017489556921646,16.111106872558594,-0.0002584064204711467,-3.148177347611636e-05,1.2163026440248359e-05,-0.004195841494947672,-0.0017781405476853251,-0.0005528958863578737,-0.00023723224876448512,-0.0017781405476853251,-0.00028891413239762187,0.0,0.1525617241859436,1.0,1.0,1.0,1.0
19.0,220.97798978502956,-0.022736037150025368,-0.0002742231881711632,-0.0005786556866951287,-0.022736037150025368,-0.0005786556866951287,-0.022736037150025368,219.97021484375,-0.0027110991068184376,16.111108779907227,-0.0002742231881711632,-3.1674062483944e-05,1.1711663319147192e-05,-0.004452141001820564,-0.0018346176948398352,-0.0005766061367467046,-0.00024669134290888906,-0.0018346176948398352,-0.0003117394517175853,0.0,0.15256163477897644,1.0,1.0,1.0,1.0
19.1,222.5890997649845,-0.023772545158863068,-0.00029073478071950376,-0.0006068894290365279,-0.023772545158863068,-0.0006068894290365279,-0.023772545158863068,221.58132934570312,-0.0037177754566073418,16.111108779907227,-0.00029073478071950376,-3.187570837326348e-05,1.1211320270376746e-05,-0.0047199297696352005,-0.0018935430562123656,-0.0006016962579451501,-0.0002505079028196633,-0.0018935430562123656,-0.00033508235355839133,0.0,0.15256153047084808,1.0,1.0,1.0,1.0
19.2,224.200209792901,-0.0248580239713192,-0.00030795831116847694,-0.0006368095055222511,-0.0248580239713192,-0.0006368095055222511,-0.0248580239713192,223.1924285888672,-0.004771662410348654,16.11111068725586,-0.00030795831116847694,-3.208767157047987e-05,1.0682970241759904e-05,-0.004999129567295313,-0.001954964129254222,-0.000626319320872426,-0.00024103120085783303,-0.001954964129254222,-0.00035893532913178205,0.0,0.15256142616271973,1.0,1.0,1.0,1.0
19.3,225.81131985891057,-0.02599533647298813,-0.00032589188776910305,-0.0006684872205369174,-0.02599533647298813,-0.0006684872205369174,-0.02599533647298813,224.8035430908203,-0.005875552073121071,16.11111068725586,-0.00032589188776910305,-3.230876609450206e-05,1.014458030113019e-05,-0.005289523862302303,-0.0020187897607684135,-0.0006497192662209272,-0.00022658816305920482,-0.0020187897607684135,-0.0003833977098111063,0.0,0.15256130695343018,1.0,1.0,1.0,1.0
19.400000000000002,227.4224299526693,-0.02718745730817318,-0.0003445060283411294,-0.0007019923068583012,-0.02718745730817318,-0.0007019923068583012,-0.02718745730817318,226.41465759277344,-0.007032347843050957,16.111112594604492,-0.0003445060283411294,-3.2537638617213815e-05,9.61041405389551e-06,-0.005590714514255524,-0.002084878506138921,-0.0006715959752909839,-0.0002119502314599231,-0.002084878506138921,-0.0004083935054950416,0.0,0.15256120264530182,1.0,1.0,1.0,1.0
19.5,229.0335400634636,-0.028437457978725433,-0.0003637574554886669,-0.0007373907719738781,-0.028437457978725433,-0.0007373907719738781,-0.028437457978725433,228.02577209472656,-0.00824506115168333,16.111112594604492,-0.0003637574554886669,-3.277365249232389e-05,9.089039849641267e-06,-0.005902108736336231,-0.0021530729718506336,-0.0006917255814187229,-0.00019099778728559613,-0.0021530729718506336,-0.00043357431422919035,0.0,0.15256109833717346,1.0,1.0,1.0,1.0
19.6,230.64465018033235,-0.02974851429462433,-0.00038359430618584156,-0.0007747437921352684,-0.02974851429462433,-0.0007747437921352684,-0.02974851429462433,229.63687133789062,-0.009516805410385132,16.111114501953125,-0.00038359430618584156,-3.30164039041847e-05,8.58555176819209e-06,-0.006222798489034176,-0.0022231496404856443,-0.0007078099879436195,-6.475971167674288e-05,-0.0022231496404856443,-0.0004586686263792217,0.0,0.1525609940290451,1.0,1.0,1.0,1.0
19.7,232.2557602922033,-0.031123872846364975,-0.00040384981548413634,-0.0008141041616909206,-0.031123872846364975,-0.0008141041616909206,-0.031123872846364975,231.24798583984375,-0.010850782506167889,16.111114501953125,-0.00040384981548413634,-3.3260646887356415e-05,8.096037163340952e-06,-0.006548432633280754,-0.0022937729954719543,-0.0007011217530816793,0.00015542410255875438,-0.0022937729954719543,-0.0004834971623495221,0.0,0.15256090462207794,1.0,1.0,1.0,1.0
19.8,233.86687038813326,-0.03256677836179733,-0.0004240318085066974,-0.0008554909145459533,-0.03256677836179733,-0.0008554909145459533,-0.03256677836179733,232.85910034179688,-0.012250242754817009,16.111116409301758,-0.0004240318085066974,-3.3495918614789844e-05,7.608593477925751e-06,-0.006872075144201517,-0.002362926723435521,-0.0006807154859416187,0.0002427810541121289,-0.002362926723435521,-0.0005079360562376678,0.0,0.15256081521511078,1.0,1.0,1.0,1.0
19.900000000000002,235.47798045742937,-0.0340803898870945,-0.00044370233081281185,-0.0008988733170554042,-0.0340803898870945,-0.0008988733170554042,-0.0340803898870945,234.47021484375,-0.013718417845666409,16.111116409301758,-0.00044370233081281185,-3.3723856176948175e-05,7.1127387855085544e-06,-0.007188186980783939,-0.0024296813644468784,-0.0006539094028994441,0.00028742558788508177,-0.0024296813644468784,-0.0005318563780747354,0.0,0.15256072580814362,1.0,1.0,1.0,1.0
20.0,237.08909049000866,-0.035667773336172104,-0.0004626302979886532,-0.0009441872243769467,-0.035667773336172104,-0.0009441872243769467,-0.035667773336172104,236.08132934570312,-0.015258463099598885,16.11111831665039,-0.0004626302979886532,-3.394865780137479e-05,6.610758191527566e-06,-0.007492667529731989,-0.0024935787077993155,-0.0006240091752260923,0.00030744302785024047,-0.0024935787077993155,-0.0005549570196308196,0.0,0.15256063640117645,1.0,1.0,1.0,1.0
20.1,238.7002004764136,-0.03733186796307564,-0.00048071626224555075,-0.0009913527173921466,-0.03733186796307564,-0.0009913527173921466,-0.03733186796307564,237.6924285888672,-0.016873421147465706,16.11111831665039,-0.00048071626224555075,-3.417046173126437e-05,6.112756636866834e-06,-0.0077832480892539024,-0.002554411068558693,-0.0005928327445872128,0.0003145132213830948,-0.002554411068558693,-0.0005765759269706905,0.0,0.1525605469942093,1.0,1.0,1.0,1.0
20.2,240.31131040743554,-0.03907548263669014,-0.0004979224759154022,-0.0010402834741398692,-0.03907548263669014,-0.0010402834741398692,-0.03907548263669014,239.3035430908203,-0.018566198647022247,16.11111831665039,-0.0004979224759154022,-3.4386270272079855e-05,5.627821792586474e-06,-0.00805904995650053,-0.0026120964903384447,-0.0005605545011349022,0.00038095054333098233,-0.0026120964903384447,-0.0005958800902590156,0.0,0.15256045758724213,1.0,1.0,1.0,1.0
20.3,241.92242027378597,-0.04090127348899841,-0.000514145300257951,-0.0010908885160461068,-0.04090127348899841,-0.0010908885160461068,-0.04090127348899841,240.91465759277344,-0.020339548587799072,16.11111831665039,-0.000514145300257951,-3.458845822024159e-05,5.15375040777144e-06,-0.008316627703607082,-0.0026655197143554688,-0.0005026389262638986,0.0007235571392811835,-0.0026655197143554688,-0.0006118887686170638,0.0,0.15256038308143616,1.0,1.0,1.0,1.0
20.400000000000002,243.5335300662162,-0.042811665683984756,-0.0005288247484713793,-0.0011430454906076193,-0.042811665683984756,-0.0011430454906076193,-0.042811665683984756,242.52577209472656,-0.02219604142010212,16.111120223999023,-0.0005288247484713793,-3.475940684438683e-05,4.673763214668725e-06,-0.008547343313694,-0.0027118909638375044,-0.0004237332905177027,0.0008366796537302434,-0.0027118909638375044,-0.0006234411266632378,0.0,0.152560293674469,1.0,1.0,1.0,1.0
20.5,245.14463977575488,-0.044808730483055115,-0.0005413545877672732,-0.001196567784063518,-0.044808730483055115,-0.001196567784063518,-0.044808730483055115,244.13687133789062,-0.02413797378540039,16.111120223999023,-0.0005413545877672732,-3.489852315397002e-05,4.169288786215475e-06,-0.008744481950998306,-0.00274994526989758,-0.00033754503238014877,0.0008775520254857838,-0.00274994526989758,-0.000629127083811909,0.0,0.15256020426750183,1.0,1.0,1.0,1.0
20.6,246.7557493943268,-0.04689415544271469,-0.000551437318790704,-0.0012512232642620802,-0.04689415544271469,-0.0012512232642620802,-0.04689415544271469,245.74798583984375,-0.026167312636971474,16.111120223999023,-0.000551437318790704,-3.501381434034556e-05,3.633679398262757e-06,-0.008903160691261292,-0.002779256785288453,-0.0002495967783033848,0.000876374717336148,-0.002779256785288453,-0.0006276548956520855,0.0,0.15256011486053467,1.0,1.0,1.0,1.0
20.7,248.366858915063,-0.049069251865148544,-0.0005589980282820761,-0.001306762220337987,-0.049069251865148544,-0.001306762220337987,-0.049069251865148544,247.35910034179688,-0.028285644948482513,16.111120223999023,-0.0005589980282820761,-3.510849637677893e-05,3.078118879784597e-06,-0.009021170437335968,-0.0027998231817036867,-0.00016297571710310876,0.0008537343819625676,-0.0027998231817036867,-0.0006192282307893038,0.0,0.1525600105524063,1.0,1.0,1.0,1.0
20.8,249.97796833191902,-0.051334936171770096,-0.0005640711169689894,-0.0013629336608573794,-0.051334936171770096,-0.0013629336608573794,-0.051334936171770096,248.97021484375,-0.030494149774312973,16.111122131347656,-0.0005640711169689894,-3.518027006066404e-05,2.517180519134854e-06,-0.00909842737019062,-0.0028118297923356295,-7.789761002641171e-05,0.000854556739795953,-0.0028118297923356295,-0.0006041466258466244,0.0,0.15255989134311676,1.0,1.0,1.0,1.0
20.900000000000002,251.58907763921957,-0.05369173362851143,-0.0005666249780915678,-0.0014194897376000881,-0.05369173362851143,-0.0014194897376000881,-0.05369173362851143,250.58131408691406,-0.032793596386909485,16.111122131347656,-0.0005666249780915678,-3.522018596413545e-05,1.953310402313946e-06,-0.009131965227425098,-0.0028141881339251995,4.279287895769812e-05,0.0015716368798166513,-0.0028141881339251995,-0.0005823005922138691,0.0,0.1525597870349884,1.0,1.0,1.0,1.0
21.0,253.20018683199172,-0.05613964423537254,-0.0005657863221131265,-0.001476145233027637,-0.05613964423537254,-0.001476145233027637,-0.05613964423537254,252.1924285888672,-0.03518430516123772,16.111122131347656,-0.0005657863221131265,-3.5194691008655354e-05,1.3336531310415012e-06,-0.009105341508984566,-0.0028013349510729313,0.00021712582383770496,0.0018586846999824047,-0.0028013349510729313,-0.0005531375063583255,0.0,0.15255966782569885,1.0,1.0,1.0,1.0
21.1,254.81129591148581,-0.058677900582551956,-0.000560237152967602,-0.0015324923442676663,-0.058677900582551956,-0.0015324923442676663,-0.058677900582551956,253.8035430908203,-0.037665992975234985,16.111122131347656,-0.000560237152967602,-3.5092452890239656e-05,4.678696825521911e-07,-0.009004300460219383,-0.002770025050267577,0.000408589985454455,0.0019492824794724584,-0.002770025050267577,-0.0005155382677912712,0.0,0.1525595337152481,1.0,1.0,1.0,1.0
21.2,256.4224048884472,-0.061304882168769836,-0.0005492547643370926,-0.001588019193150103,-0.061304882168769836,-0.001588019193150103,-0.061304882168769836,255.41465759277344,-0.04023764654994011,16.111122131347656,-0.0005492547643370926,-3.493381154839881e-05,-2.4058857661657385e-07,-0.00881883129477501,-0.0027192700654268265,0.0006045597256161273,0.0019517656182870269,-0.0027192700654268265,-0.0004679817648138851,0.0,0.15255936980247498,1.0,1.0,1.0,1.0
21.3,258.0335137627853,-0.06401810050010681,-0.0005326465470716357,-0.0016421693144366145,-0.06401810050010681,-0.0016421693144366145,-0.06401810050010681,257.0257568359375,-0.04289739578962326,16.111122131347656,-0.0005326465470716357,-3.472876051091589e-05,-9.70137421063555e-07,-0.008542691357433796,-0.0026489882729947567,0.0007988120196387172,0.0019186038989573717,-0.0026489882729947567,-0.00041061200317926705,0.0,0.15255919098854065,1.0,1.0,1.0,1.0
21.400000000000002,259.6446225317758,-0.06681422144174576,-0.0005104817682877183,-0.0016943822847679257,-0.06681422144174576,-0.0016943822847679257,-0.06681422144174576,258.6368713378906,-0.04564248025417328,16.111122131347656,-0.0005104817682877183,-3.447261042310856e-05,-1.799685378500726e-06,-0.008176143281161785,-0.0025597698986530304,0.0009787732269614935,0.001645342679694295,-0.0025597698986530304,-0.0003438842832110822,0.0,0.15255899727344513,1.0,1.0,1.0,1.0
21.5,261.25573119659947,-0.06968903541564941,-0.0004830584512092173,-0.0017441165400668979,-0.06968903541564941,-0.0017441165400668979,-0.06968903541564941,260.24798583984375,-0.04846924915909767,16.111122131347656,-0.0004830584512092173,-3.416091567487456e-05,-2.696713181649102e-06,-0.007721721660345793,-0.0024522438179701567,0.00120263802818954,0.0035661652218550444,-0.0024522438179701567,-0.00026736001018434763,0.0,0.15255877375602722,1.0,1.0,1.0,1.0
21.6,262.8668397643303,-0.07263734936714172,-0.00044843251816928387,-0.001790794893167913,-0.07263734936714172,-0.001790794893167913,-0.07263734936714172,261.8591003417969,-0.05137309804558754,16.111122131347656,-0.00044843251816928387,-3.3690004784148186e-05,-3.859845037368359e-06,-0.0071185980923473835,-0.0023054303601384163,0.0018195367883890867,0.0091010807082057,-0.0023054303601384163,-0.00017967332678381354,0.0,0.15255853533744812,1.0,1.0,1.0,1.0
21.7,264.4779482631348,-0.07565141469240189,-0.00039696329622529447,-0.0018332927720621228,-0.07565141469240189,-0.0018332927720621228,-0.07565141469240189,263.4701843261719,-0.05434783548116684,16.111120223999023,-0.00039696329622529447,-3.279382144683041e-05,-5.803225576528348e-06,-0.0061985040083527565,-0.0020663884934037924,0.0030590223614126444,0.015696054324507713,-0.0020663884934037924,-7.800776074873284e-05,0.0,0.15255820751190186,1.0,1.0,1.0,1.0
21.8,266.08905676236367,-0.07871835678815842,-0.00031223701080307364,-0.001869147876277566,-0.07871835678815842,-0.001869147876277566,-0.07871835678815842,265.081298828125,-0.057384029030799866,16.111120223999023,-0.00031223701080307364,-3.125326838926412e-05,-8.96309211384505e-06,-0.004718105308711529,-0.001671405858360231,0.0049198647029697895,0.021457163617014885,-0.001671405858360231,4.307604467612691e-05,0.0,0.15255771577358246,1.0,1.0,1.0,1.0
21.900000000000002,267.7001653747434,-0.08181747794151306,-0.00017635806580074131,-0.0018941452726721764,-0.08181747794151306,-0.0018941452726721764,-0.08181747794151306,266.6924133300781,-0.06046660244464874,16.11111831665039,-0.00017635806580074131,-2.8989161364734173e-05,-1.3634209608426318e-05,-0.0024004208389669657,-0.0010600106325000525,0.007414152380079031,0.028764542192220688,-0.0010600106325000525,0.00018959064618684351,0.0,0.15255692601203918,1.0,1.0,1.0,1.0
22.0,269.3112742486421,-0.08491761237382889,2.9636679755640216e-05,-0.0019022590713575482,-0.08491761237382889,-0.0019022590713575482,-0.08491761237382889,268.30352783203125,-0.06357204914093018,16.111116409301758,2.9636679755640216e-05,-2.5848512450465932e-05,-2.0381437934702262e-05,0.001091407728381455,-0.00015665043611079454,0.010785676538944244,0.038480039685964584,-0.00015665043611079454,0.00037159741623327136,0.0,0.15255574882030487,1.0,1.0,1.0,1.0
22.1,270.92238357484666,-0.08797333389520645,0.00032994840876199305,-0.0018853354267776012,-0.08797333389520645,-0.0018853354267776012,-0.08797333389520645,269.9146423339844,-0.06666505336761475,16.111114501953125,0.00032994840876199305,-2.1476051188074052e-05,-3.0158938898239285e-05,0.006174805574119091,0.0011390203144401312,0.015256292186677456,0.04899584501981735,0.0011390203144401312,0.0006102440529502928,0.0,0.15255405008792877,1.0,1.0,1.0,1.0
22.2,272.5334935995788,-0.09092015773057938,0.0007541675586253405,-0.001832499518059194,-0.09092015773057938,-0.001832499518059194,-0.09092015773057938,271.5257568359375,-0.06969433277845383,16.11111068725586,0.0007541675586253405,-1.549033186165616e-05,-4.407504093251191e-05,0.013303603045642376,0.0029323857743293047,0.02072344906628132,0.058816902339458466,0.0029323857743293047,0.0009418595000170171,0.0,0.15255171060562134,1.0,1.0,1.0,1.0
22.3,274.14460461326917,-0.09366977959871292,0.0013332376256585121,-0.0017298575257882476,-0.09366977959871292,-0.0017298575257882476,-0.09366977959871292,273.1368408203125,-0.07258809357881546,16.11110496520996,0.0013332376256585121,-7.5895995905739255e-06,-6.424618914024904e-05,0.023002272471785545,0.005339725408703089,0.027387792244553566,0.049843207001686096,0.005339725408703089,0.0014224150218069553,0.0,0.1525486260652542,1.0,1.0,1.0,1.0
22.400000000000002,275.75571689592664,-0.09610726684331894,0.0020568720065057278,-0.0015610050177201629,-0.09610726684331894,-0.0015610050177201629,-0.09610726684331894,274.7479553222656,-0.0752498134970665,16.11109733581543,0.0020568720065057278,2.5325971364509314e-07,-8.373991295229644e-05,0.03342651575803757,0.007705163676291704,0.0067688776180148125,-0.6219875812530518,0.007705163676291704,0.0021316928323358297,0.0,0.1525450050830841,1.0,1.0,1.0,1.0
22.5,277.3668298156788,-0.09817200154066086,0.0023281187750399113,-0.0013352687237784266,-0.09817200154066086,-0.0013352687237784266,-0.09817200154066086,276.35906982421875,-0.0775885283946991,16.11109161376953,0.0023281187750399113,-1.2346188668743707e-05,-4.6691668103449047e-05,0.03525814786553383,0.006862211972475052,-0.006351773627102375,0.233827605843544,0.006862211972475052,0.0031388283241540194,0.0,0.15254464745521545,1.0,1.0,1.0,1.0
22.6,278.9779416628581,-0.0999109148979187,0.0022519605699926615,-0.001107066753320396,-0.0999109148979187,-0.001107066753320396,-0.0999109148979187,277.9701843261719,-0.079573854804039,16.111087799072266,0.0022519605699926615,-1.3771588783129118e-05,-4.7333156544482335e-05,0.037934448570013046,0.0071322983130812645,0.009622504934668541,0.1255003809928894,0.0071322983130812645,0.004420297686010599,0.0,0.15254667401313782,1.0,1.0,1.0,1.0
22.7,280.58905314516835,-0.10127116739749908,0.002450530417263508,-0.0008752875728532672,-0.10127116739749908,-0.0008752875728532672,-0.10127116739749908,279.5812683105469,-0.08117790520191193,16.111080169677734,0.002450530417263508,2.508650595700601e-06,-7.380617898888886e-05,0.04263966158032417,0.008793993853032589,0.024081677198410034,0.1915532648563385,0.008793993853032589,0.005876713432371616,0.0,0.152547225356102,1.0,1.0,1.0,1.0
22.8,282.2001657794568,-0.1021411269903183,0.003093160456046462,-0.000602531828917563,-0.1021411269903183,-0.000602531828917563,-0.1021411269903183,281.1923828125,-0.08234979212284088,16.111072540283203,0.003093160456046462,2.289883377670776e-05,-0.00010786164784803987,0.05319363251328468,0.012108094990253448,0.04411606118083,0.36752188205718994,0.012108094990253448,0.0073600709438323975,0.0,0.15254566073417664,1.0,1.0,1.0,1.0
22.900000000000002,283.8112805181336,-0.10232900828123093,0.004500322975218296,-0.00023516638611909002,-0.10232900828123093,-0.00023516638611909002,-0.10232900828123093,282.8034973144531,-0.08297616243362427,16.11105728149414,0.004500322975218296,5.522917490452528e-05,-0.00022678004461340606,0.08352344483137131,0.02107488363981247,0.190298393368721,3.1415257453918457,0.02107488363981247,0.00870202574878931,0.0,0.15254032611846924,1.0,1.0,1.0,1.0
23.0,285.4224002669775,-0.10116567462682724,0.00940262246876955,0.00041668303310871124,-0.10116567462682724,0.00041668303310871124,-0.10116567462682724,284.41461181640625,-0.08269617706537247,16.111011505126953,0.00940262246876955,0.0001851740526035428,-0.0007525667897425592,0.1747881919145584,0.048971809446811676,0.3016693592071533,0.12363182008266449,0.048971809446811676,0.009835190139710903,0.0,0.15252040326595306,1.0,1.0,1.0,1.0
23.1,287.0335267036689,-0.09725210070610046,0.01784347929060459,0.0017529736505821347,-0.09725210070610046,0.0017529736505821347,-0.09725210070610046,286.02569580078125,-0.08063175529241562,16.11090660095215,0.01784347929060459,0.00030056212563067675,-0.0015506278723478317,0.30585917830467224,0.08339373767375946,0.41597554087638855,1.8883787393569946,0.08339373767375946,0.011012728326022625,0.0,0.15249383449554443,1.0,1.0,1.0,1.0
23.2,288.6446421871798,-0.08891040086746216,0.02977430261671543,0.004089276306331158,-0.08891040086746216,0.004089276306331158,-0.08891040086746216,287.63677978515625,-0.07543779909610748,16.110692977905273,0.02977430261671543,0.0004457034228835255,-0.0032721057068556547,0.5120812058448792,0.1357351541519165,0.6381475925445557,2.4988203048706055,0.1357351541519165,0.012826217338442802,0.0,0.1524885892868042,1.0,1.0,1.0,1.0
23.3,290.2556991728657,-0.07348628342151642,0.04746295511722565,0.007886704988777637,-0.07348628342151642,0.007886704988777637,-0.07348628342151642,289.2477722167969,-0.06503523886203766,16.110239028930664,0.04746295511722565,0.0006839302950538695,-0.006972567643970251,0.8113096356391907,0.2119859904050827,0.8873149156570435,2.481954574584961,0.2119859904050827,0.0164075568318367,0.0,0.15254122018814087,1.0,1.0,1.0,1.0
23.400000000000002,291.8665814978363,-0.04720788449048996,0.07213761657476425,0.013794558122754097,-0.04720788449048996,0.013794558122754097,-0.04720788449048996,290.858642578125,-0.04641786590218544,16.10932731628418,0.07213761657476425,0.0009817533427849412,-0.013667133636772633,1.2128844261169434,0.31232428550720215,1.1102476119995117,2.165207862854004,0.31232428550720215,0.02356106787919998,0.0,0.1527530550956726,1.0,1.0,1.0,1.0
23.5,293.4770382228548,-0.0053412774577736855,0.10329997539520264,0.022504011169075966,-0.0053412774577736855,0.022504011169075966,-0.0053412774577736855,292.4692077636719,-0.015580594539642334,16.107656478881836,0.10329997539520264,0.0012522420147433877,-0.023907072842121124,1.7030296325683594,0.43172720074653625,1.2423334121704102,0.1887158900499344,0.43172720074653625,0.03584472835063934,0.0,0.1532900333404541,1.0,1.0,1.0,1.0
23.6,295.08661485465166,0.0573679655790329,0.13810230791568756,0.034551091492176056,0.0573679655790329,0.034551091492176056,0.0573679655790329,294.0791320800781,0.032313037663698196,16.104944229125977,0.13810230791568756,0.0013455156004056334,-0.03581470996141434,2.217445135116577,0.5505585670471191,1.0508679151535034,-4.702634811401367,0.5505585670471191,0.05280933901667595,0.0,0.15435388684272766,1.0,1.0,1.0,1.0
23.7,296.6946619541625,0.14549456536769867,0.16840733587741852,0.04994593560695648,0.14549456536769867,0.04994593560695648,0.14549456536769867,295.68792724609375,0.10225196927785873,16.10133171081543,0.16840733587741852,0.0010127881541848183,-0.0413554422557354,2.6226935386657715,0.62527996301651,0.4095068871974945,-7.694520950317383,0.62527996301651,0.07219240069389343,0.0,0.15602649748325348,1.0,1.0,1.0,1.0
23.8,298.3005289657767,0.2612875998020172,0.18411028385162354,0.06771904230117798,0.2612875998020172,0.06771904230117798,0.2612875998020172,297.29498291015625,0.19815833866596222,16.0976619720459,0.18411028385162354,0.00021811215265188366,-0.034381840378046036,2.8179664611816406,0.6273534893989563,-0.3527912199497223,-7.562275409698486,0.6273534893989563,0.09001757204532623,0.0,0.15806014835834503,1.0,1.0,1.0,1.0
23.900000000000002,299.90383291843904,0.4042460024356842,0.17944718897342682,0.08607844263315201,0.4042460024356842,0.08607844263315201,0.4042460024356842,298.8998107910156,0.3218913972377777,16.09504508972168,0.17944718897342682,-0.0007279074634425342,-0.016386952251195908,2.7486729621887207,0.5557143092155457,-1.0492304563522339,-6.303129196166992,0.5557143092155457,0.10029857605695724,0.0,0.15989407896995544,1.0,1.0,1.0,1.0
24.0,301.50465028394467,0.5712586045265198,0.15352211892604828,0.10291089862585068,0.5712586045265198,0.10291089862585068,0.5712586045265198,300.5021667480469,0.47270333766937256,16.094257354736328,0.15352211892604828,-0.0014403400709852576,0.005190832540392876,2.389829397201538,0.4219200015068054,-1.590474247932434,-4.316439151763916,0.4219200015068054,0.09595993161201477,0.0,0.1610318124294281,1.0,1.0,1.0,1.0
24.1,303.103591167168,0.7566776275634766,0.1086815819144249,0.11618231236934662,0.7566776275634766,0.11618231236934662,0.7566776275634766,302.1021728515625,0.6470289826393127,16.095518112182617,0.1086815819144249,-0.001646976568736136,0.0244832132011652,1.756826639175415,0.2440606951713562,-1.9371830224990845,-2.422438621520996,0.2440606951713562,0.07428987324237823,0.0,0.1613113433122635,1.0,1.0,1.0,1.0
24.2,304.7016072148158,0.9526720643043518,0.05049709230661392,0.12424987554550171,0.9526720643043518,0.12424987554550171,0.9526720643043518,303.7004089355469,0.8386048674583435,16.09842300415039,0.05049709230661392,-0.0013428042875602841,0.03457026556134224,0.8755773901939392,0.03815281018614769,-2.215994119644165,-4.462378025054932,0.03815281018614769,0.03976090997457504,0.0,0.16103599965572357,1.0,1.0,1.0,1.0
24.3,306.2998335150302,1.1496500968933105,-0.0149456188082695,0.12610380351543427,1.1496500968933105,0.12610380351543427,1.1496500968933105,305.2979431152344,1.0386947393417358,16.101816177368164,-0.0149456188082695,-0.0010026177624240518,0.030889539048075676,-0.21990284323692322,-0.19616542756557465,-2.405141830444336,-0.5435269474983215,-0.19616542756557465,-0.00285942479968071,0.0,0.16043511033058167,1.0,1.0,1.0,1.0
24.400000000000002,307.89935310202594,1.3366755247116089,-0.0831184983253479,0.12124510109424591,1.3366755247116089,0.12124510109424591,1.3366755247116089,306.89605712890625,1.236576795578003,16.10418128967285,-0.0831184983253479,-0.0010133208706974983,0.011255760677158833,-1.382938027381897,-0.4434191584587097,-2.570446491241455,-2.8440825939178467,-0.4434191584587097,-0.05043809488415718,0.0,0.16028086841106415,1.0,1.0,1.0,1.0
24.5,309.50093535039133,1.5025618076324463,-0.15403398871421814,0.10946355760097504,1.5025618076324463,0.10946355760097504,1.5025618076324463,308.49591064453125,1.420716643333435,16.103748321533203,-0.15403398871421814,-0.0013656944502145052,-0.028663281351327896,-2.55816912651062,-0.7200236916542053,-3.002941131591797,-5.683526515960693,-0.7200236916542053,-0.1005648598074913,0.0,0.16127753257751465,1.0,1.0,1.0,1.0
24.6,311.1048759602755,1.6354504823684692,-0.23222623765468597,0.09026596695184708,1.6354504823684692,0.09026596695184708,1.6354504823684692,310.09820556640625,1.5793484449386597,16.098499298095703,-0.23222623765468597,-0.0016602363903075457,-0.09167443960905075,-3.7554690837860107,-1.0513899326324463,-3.639101982116699,-6.7724504470825195,-1.0513899326324463,-0.15076594054698944,0.0,0.16467350721359253,1.0,1.0,1.0,1.0
24.7,312.71058696144445,1.7223364114761353,-0.32043689489364624,0.0627610981464386,1.7223364114761353,0.0627610981464386,1.7223364114761353,311.7029113769531,1.7004214525222778,16.085786819458008,-0.32043689489364624,-0.0012160884216427803,-0.18172378838062286,-4.981931686401367,-1.4370994567871094,-3.7819113731384277,10.786253929138184,-1.4370994567871094,-0.198402538895607,0.0,0.1719948947429657,1.0,1.0,1.0,1.0
24.8,314.31604503085106,1.7504829168319702,-0.409454345703125,0.026205118745565414,1.7504829168319702,0.026205118745565414,1.7504829168319702,313.3088073730469,1.7718219757080078,16.064111709594727,-0.409454345703125,0.0011273676063865423,-0.24727296829223633,-5.993279457092285,-1.7343553304672241,-2.1355998516082764,17.313610076904297,-1.7343553304672241,-0.24056576192378998,0.0,0.184478297829628,1.0,1.0,1.0,1.0
24.900000000000002,315.918133033191,1.712265133857727,-0.47399798035621643,-0.018217312172055244,1.712265133857727,-0.018217312172055244,1.712265133857727,314.9137268066406,1.7834848165512085,16.037109375,-0.47399798035621643,0.0059533449821174145,-0.24059580266475677,-6.689438343048096,-1.8568565845489502,-0.3120537996292114,18.910930633544922,-1.8568565845489502,-0.2726344168186188,0.0,0.20080243051052094,1.0,1.0,1.0,1.0
25.0,317.5138642182123,1.6051210165023804,-0.5006269812583923,-0.06727492809295654,1.6051210165023804,-0.06727492809295654,1.6051210165023804,316.5150451660156,1.7286112308502197,16.01092529296875,-0.5006269812583923,0.012061175890266895,-0.15411344170570374,-7.023687362670898,-1.7938028573989868,1.5322189331054688,17.57938003540039,-1.7938028573989868,-0.2875315845012665,0.0,0.21800020337104797,1.0,1.0,1.0,1.0
25.1,319.1012241797803,1.4303077459335327,-0.48499730229377747,-0.11692929267883301,1.4303077459335327,-0.11692929267883301,1.4303077459335327,318.11016845703125,1.6041083335876465,15.992301940917969,-0.48499730229377747,0.017840731889009476,-0.010455490089952946,-6.941098213195801,-1.5577439069747925,3.114891290664673,14.194395065307617,-1.5577439069747925,-0.2755196988582611,0.0,0.23195280134677887,1.0,1.0,1.0,1.0
25.2,320.67962867730427,1.1931939125061035,-0.4240908622741699,-0.16280469298362732,1.1931939125061035,-0.16280469298362732,1.1931939125061035,319.6971740722656,1.4110865592956543,15.986323356628418,-0.4240908622741699,0.02174956351518631,0.1483502835035324,-6.357970237731934,-1.17365562915802,4.670373439788818,15.183858871459961,-1.17365562915802,-0.22876058518886566,0.0,0.23963004350662231,1.0,1.0,1.0,1.0
25.3,322.250480691253,0.9045984148979187,-0.3133671283721924,-0.20013555884361267,0.9045984148979187,-0.20013555884361267,0.9045984148979187,321.2755126953125,1.1555335521697998,15.995025634765625,-0.3133671283721924,0.022428441792726517,0.26541754603385925,-5.231435298919678,-0.6711686849594116,5.073044776916504,-3.730736494064331,-0.6711686849594116,-0.15974336862564087,0.0,0.2400505095720291,1.0,1.0,1.0,1.0
25.400000000000002,323.8170742493202,0.580069899559021,-0.16777896881103516,-0.2244357317686081,0.580069899559021,-0.2244357317686081,0.580069899559021,322.8462219238281,0.8485548496246338,16.015506744384766,-0.16777896881103516,0.01857307180762291,0.313059538602829,-3.618103265762329,-0.20269452035427094,4.1080803871154785,-13.939034461975098,-0.20269452035427094,-0.08275637030601501,0.0,0.2348867505788803,1.0,1.0,1.0,1.0
25.5,325.3833378769904,0.23707109689712524,-0.019437719136476517,-0.2337472289800644,0.23707109689712524,-0.2337472289800644,0.23707109689712524,324.4119873046875,0.5058432817459106,16.04191780090332,-0.019437719136476517,0.011102753691375256,0.28623291850090027,-1.6094084978103638,0.1589442938566208,3.312559127807617,-2.2315282821655273,0.1589442938566208,-0.004781118594110012,0.0,0.22480408847332,1.0,1.0,1.0,1.0
25.6,326.95273981116253,-0.10641217976808548,0.09995103627443314,-0.22945085167884827,-0.10641217976808548,-0.22945085167884827,-0.10641217976808548,325.9768981933594,0.14699575304985046,16.067237854003906,0.09995103627443314,0.0036299307830631733,0.22335779666900635,0.6974431872367859,0.4832439720630646,3.2120494842529297,-0.38905221223831177,0.4832439720630646,0.07348726689815521,0.0,0.2133673131465912,1.0,1.0,1.0,1.0
25.7,328.5278115104425,-0.4326980710029602,0.18579040467739105,-0.21504265069961548,-0.4326980710029602,-0.21504265069961548,-0.4326980710029602,327.54541015625,-0.20589567720890045,16.085582733154297,0.18579040467739105,-8.082138265308458e-06,0.13228164613246918,2.7430217266082764,0.8221551179885864,3.829470157623291,15.19908618927002,0.8221551179885864,0.1549873650074005,0.0,0.20483249425888062,1.0,1.0,1.0,1.0
25.8,330.1099578307056,-0.7258203029632568,0.27355507016181946,-0.19230426847934723,-0.7258203029632568,-0.19230426847934723,-0.7258203029632568,329.12091064453125,-0.5324070453643799,16.092065811157227,0.27355507016181946,-0.0001569272280903533,-0.01893289014697075,4.564115524291992,1.3056062459945679,6.20020866394043,32.60664749145508,1.3056062459945679,0.24003224074840546,0.0,0.2020445019006729,1.0,1.0,1.0,1.0
25.900000000000002,331.70013670477397,-0.965112030506134,0.3974720239639282,-0.15912318229675293,-0.965112030506134,-0.15912318229675293,-0.965112030506134,330.7047119140625,-0.8139433264732361,16.07817840576172,0.3974720239639282,0.0005375284818001091,-0.2677437961101532,6.277562618255615,1.9627115726470947,5.940250873565674,-25.41602325439453,1.9627115726470947,0.3248195946216583,0.0,0.20698127150535583,1.0,1.0,1.0,1.0
26.0,333.2965811999651,-1.1303192377090454,0.5237429738044739,-0.11287494748830795,-1.1303192377090454,-0.11287494748830795,-1.1303192377090454,332.2956848144531,-1.0335384607315063,16.042219161987305,0.5237429738044739,-0.003021704964339733,-0.4192129075527191,7.401778221130371,2.4201223850250244,3.442923069000244,-20.0660343170166,2.4201223850250244,0.4019840359687805,0.0,0.22370612621307373,1.0,1.0,1.0,1.0
26.1,334.8945182113522,-1.2132855653762817,0.6088224649429321,-0.05590835586190224,-1.2132855653762817,-0.05590835586190224,-1.2132855653762817,333.8907165527344,-1.1793566942214966,15.992785453796387,0.6088224649429321,-0.011273954063653946,-0.45107728242874146,8.19556713104248,2.657205581665039,1.23424232006073,-24.788766860961914,2.657205581665039,0.4585891664028168,0.0,0.2495725452899933,1.0,1.0,1.0,1.0
26.2,336.4892102277634,-1.2113288640975952,0.6491283178329468,0.007332195993512869,-1.2113288640975952,0.007332195993512869,-1.2113288640975952,335.4858093261719,-1.2434803247451782,15.938490867614746,0.6491283178329468,-0.021837400272488594,-0.34515225887298584,8.579710960388184,2.6537158489227295,-1.2732454538345337,-25.371837615966797,2.6537158489227295,0.4772724509239197,0.0,0.2813572883605957,1.0,1.0,1.0,1.0
26.3,338.0763793657676,-1.1240015029907227,0.6502050161361694,0.07259081304073334,-1.1240015029907227,0.07259081304073334,-1.1240015029907227,337.076904296875,-1.2221102714538574,15.892252922058105,0.6502050161361694,-0.03296288102865219,-0.10010335594415665,8.61375904083252,2.387286901473999,-4.169293403625488,-34.03132629394531,2.387286901473999,0.43942221999168396,0.0,0.31277427077293396,1.0,1.0,1.0,1.0
26.400000000000002,339.65291340129824,-0.9534950852394104,0.6138096451759338,0.1361905038356781,-0.9534950852394104,0.1361905038356781,-0.9534950852394104,338.6609191894531,-1.1149234771728516,15.868975639343262,0.6138096451759338,-0.042715396732091904,0.31016674637794495,8.335580825805664,1.7617267370224,-9.198591232299805,-80.48616790771484,1.7617267370224,0.350381076335907,0.0,0.3340943455696106,1.0,1.0,1.0,1.0
26.5,341.2198402858918,-0.7104443907737732,0.49338820576667786,0.1926264613866806,-0.7104443907737732,0.1926264613866806,-0.7104443907737732,340.2370300292969,-0.9255960583686829,15.888633728027344,0.49338820576667786,-0.04997653141617775,0.6920632719993591,7.06807804107666,0.8120547533035278,-8.809324264526367,32.70238494873047,0.8120547533035278,0.2378956526517868,0.0,0.3352259695529938,1.0,1.0,1.0,1.0
26.6,342.7826888004632,-0.4184865951538086,0.26691171526908875,0.2313733845949173,-0.4184865951538086,0.2313733845949173,-0.4184865951538086,341.80633544921875,-0.6656810641288757,15.92788314819336,0.26691171526908875,-0.04855562373995781,0.7076556086540222,5.486472129821777,0.07713064551353455,-6.262884140014648,14.607319831848145,0.07713064551353455,0.12289215624332428,0.0,0.3284342586994171,1.0,1.0,1.0,1.0
26.7,344.346557424028,-0.10023084282875061,0.004782415926456451,0.2450336515903473,-0.10023084282875061,0.2450336515903473,-0.10023084282875061,343.3703308105469,-0.3515913784503937,15.978489875793457,0.004782415926456451,-0.03476269915699959,0.6434776186943054,2.9043102264404297,-0.45537078380584717,-4.102080821990967,25.036592483520508,-0.45537078380584717,0.01797153428196907,0.0,0.3146611154079437,1.0,1.0,1.0,1.0
26.8,345.9167189553255,0.21891504526138306,-0.20171387493610382,0.23446983098983765,0.21891504526138306,0.23446983098983765,0.21891504526138306,344.93359375,-0.007918098010122776,16.03262710571289,-0.20171387493610382,-0.015212527476251125,0.5090386271476746,-0.3379025459289551,-0.7913525104522705,-3.043593645095825,0.9815915822982788,-0.7913525104522705,-0.07705193758010864,0.0,0.2942439317703247,1.0,1.0,1.0,1.0
26.900000000000002,347.49560814087124,0.5167171955108643,-0.29902344942092896,0.20871560275554657,0.5167171955108643,0.20871560275554657,0.5167171955108643,346.50238037109375,0.33406272530555725,16.07703971862793,-0.29902344942092896,-0.001203162013553083,0.3525769114494324,-3.2997171878814697,-1.0939092636108398,-3.3565597534179688,-22.911998748779297,-1.0939092636108398,-0.17209534347057343,0.0,0.27434226870536804,1.0,1.0,1.0,1.0
27.0,349.08227614949914,0.7786129713058472,-0.3567889928817749,0.1760491132736206,0.7786129713058472,0.1760491132736206,0.7786129713058472,348.0811462402344,0.6449791193008423,16.101594924926758,-0.3567889928817749,0.003965552896261215,0.13483794033527374,-5.516171455383301,-1.5735541582107544,-5.830689430236816,-7.153707981109619,-1.5735541582107544,-0.2740197479724884,0.0,0.2639261484146118,1.0,1.0,1.0,1.0
27.1,350.6757567761651,0.9858130216598511,-0.44650787115097046,0.13620194792747498,0.9858130216598511,0.13620194792747498,0.9858130216598511,349.67059326171875,0.9024228453636169,16.099029541015625,-0.44650787115097046,0.004592712968587875,-0.13024760782718658,-7.004007339477539,-2.142315149307251,-5.211906433105469,13.386137008666992,-2.142315149307251,-0.37846386432647705,0.0,0.26590225100517273,1.0,1.0,1.0,1.0
27.2,352.2747010092066,1.118528127670288,-0.5457679033279419,0.08651896566152573,1.118528127670288,0.08651896566152573,1.118528127670288,351.26812744140625,1.0906894207000732,16.071990966796875,-0.5457679033279419,0.007766261696815491,-0.30824387073516846,-7.937122821807861,-2.5747456550598145,-3.251650094985962,24.191884994506836,-2.5747456550598145,-0.4713819921016693,0.0,0.2796379029750824,1.0,1.0,1.0,1.0
27.3,353.8752606957438,1.1671680212020874,-0.6125361323356628,0.028253713622689247,1.1671680212020874,0.028253713622689247,1.1671680212020874,352.86944580078125,1.2002485990524292,16.030534744262695,-0.6125361323356628,0.015311094000935555,-0.3257058262825012,-8.31213665008545,-2.7930145263671875,-1.287953495979309,16.078968048095703,-2.7930145263671875,-0.5311173796653748,0.0,0.3028504252433777,1.0,1.0,1.0,1.0
27.400000000000002,355.47181685697774,1.1298837661743164,-0.6341065168380737,-0.03440888598561287,1.1298837661743164,-0.03440888598561287,1.1298837661743164,354.4698486328125,1.226838231086731,15.985710144042969,-0.6341065168380737,0.025677714496850967,-0.2275002896785736,-8.405028343200684,-2.834015130996704,0.6298419833183289,26.555889129638672,-2.834015130996704,-0.5311570763587952,0.0,0.33032041788101196,1.0,1.0,1.0,1.0
27.5,357.0594029288078,1.0087077617645264,-0.6232250332832336,-0.09748193621635437,1.0087077617645264,-0.09748193621635437,1.0087077617645264,356.065185546875,1.1692684888839722,15.946885108947754,-0.6232250332832336,0.035722557455301285,-0.011212173849344254,-8.483765602111816,-2.586945056915283,4.847398281097412,59.341182708740234,-2.586945056915283,-0.46038269996643066,0.0,0.35692334175109863,1.0,1.0,1.0,1.0
27.6,358.63544718886834,0.8058966398239136,-0.5870981812477112,-0.15832439064979553,0.8058966398239136,-0.15832439064979553,0.8058966398239136,357.65234375,1.0270544290542603,15.933856010437012,-0.5870981812477112,0.04323328286409378,0.4724273979663849,-8.300542831420898,-1.7875888347625732,9.663713455200195,10.095803260803223,-1.7875888347625732,-0.3448414206504822,0.0,0.3705959916114807,1.0,1.0,1.0,1.0
27.7,360.20251311871397,0.5311147570610046,-0.4647365212440491,-0.21209581196308136,0.5311147570610046,-0.21209581196308136,0.5311147570610046,359.2313232421875,0.803050696849823,15.971354484558105,-0.4647365212440491,0.04836467653512955,0.8618881702423096,-6.940938949584961,-0.7778431177139282,9.792579650878906,-14.392088890075684,-0.7778431177139282,-0.21629685163497925,0.0,0.36152803897857666,1.0,1.0,1.0,1.0
27.8,361.7678818648408,0.2110612988471985,-0.2191098928451538,-0.24721190333366394,0.2110612988471985,-0.24721190333366394,0.2110612988471985,360.803955078125,0.5100285410881042,16.02347755432129,-0.2191098928451538,0.04579538851976395,0.7599486708641052,-4.81881856918335,0.11723634600639343,7.9208984375,-27.95296859741211,0.11723634600639343,-0.09480243176221848,0.0,0.34012776613235474,1.0,1.0,1.0,1.0
27.900000000000002,363.3383246593815,-0.1239081472158432,0.07929923385381699,-0.25430572032928467,-0.1239081472158432,-0.25430572032928467,-0.1239081472158432,362.37249755859375,0.16953495144844055,16.07758331298828,0.07929923385381699,0.031900230795145035,0.581390380859375,-1.642126441001892,0.7594884037971497,4.395462989807129,-32.33342361450195,0.7594884037971497,0.01132890023291111,0.0,0.314134418964386,1.0,1.0,1.0,1.0
28.0,364.91906894499834,-0.4444951117038727,0.29827749729156494,-0.2343536764383316,-0.4444951117038727,-0.2343536764383316,-0.4444951117038727,363.94256591796875,-0.1881178319454193,16.12639617919922,0.29827749729156494,0.012320302426815033,0.39624813199043274,2.0748989582061768,1.1315765380859375,3.6279962062835693,-3.278881788253784,1.1315765380859375,0.1072118878364563,0.0,0.2868020236492157,1.0,1.0,1.0,1.0
28.1,366.5101068541763,-0.7293092608451843,0.3897639214992523,-0.19933994114398956,-0.7293092608451843,-0.19933994114398956,-0.7293092608451843,365.52081298828125,-0.5279254913330078,16.158349990844727,0.3897639214992523,-0.0008166637271642685,0.19888657331466675,4.869714260101318,1.4973609447479248,4.516263008117676,26.169282913208008,1.4973609447479248,0.2058252990245819,0.0,0.26774314045906067,1.0,1.0,1.0,1.0
28.2,368.10824177022874,-0.9651731848716736,0.4565986692905426,-0.15720251202583313,-0.9651731848716736,-0.15720251202583313,-0.9651731848716736,367.11029052734375,-0.820816159248352,16.162878036499023,0.4565986692905426,-0.006215874571353197,-0.0686982274055481,6.88718318939209,2.019550323486328,5.291157245635986,-6.945016384124756,2.019550323486328,0.3112538456916809,0.0,0.26316598057746887,1.0,1.0,1.0,1.0
28.3,369.7118556652492,-1.1331424713134766,0.5405860543251038,-0.107447549700737,-1.1331424713134766,-0.107447549700737,-1.1331424713134766,368.7095947265625,-1.0464890003204346,16.137968063354492,0.5405860543251038,-0.009821590967476368,-0.3015526831150055,7.979618549346924,2.494699478149414,4.100863456726074,-16.098493576049805,2.494699478149414,0.4140735864639282,0.0,0.27017900347709656,1.0,1.0,1.0,1.0
28.400000000000002,371.3186319511419,-1.2189433574676514,0.6109659671783447,-0.04961695149540901,-1.2189433574676514,-0.04961695149540901,-1.2189433574676514,370.3143310546875,-1.193123459815979,16.09165382385254,0.6109659671783447,-0.016492316499352455,-0.3942756950855255,8.449257850646973,2.817418336868286,2.494488000869751,-11.27678108215332,2.817418336868286,0.49371615052223206,0.0,0.28973230719566345,1.0,1.0,1.0,1.0
28.5,372.9232057680661,-1.2176264524459839,0.6385425329208374,0.01321768295019865,-1.2176264524459839,0.01321768295019865,-1.2176264524459839,371.9194030761719,-1.2555642127990723,16.036314010620117,0.6385425329208374,-0.02653294801712036,-0.35201510787010193,8.493587493896484,3.018075942993164,1.491399884223938,-13.537254333496094,3.018075942993164,0.521824061870575,0.0,0.31755682826042175,1.0,1.0,1.0,1.0
28.6,374.5194901131653,-1.130921483039856,0.6291550993919373,0.07683630287647247,-1.130921483039856,0.07683630287647247,-1.130921483039856,373.51983642578125,-1.2329479455947876,15.979784965515137,0.6291550993919373,-0.03696022182703018,-0.23477332293987274,8.52258586883545,3.058243989944458,-1.1694856882095337,-43.25602722167969,3.058243989944458,0.4742232859134674,0.0,0.349950909614563,1.0,1.0,1.0,1.0
28.7,376.1032517962311,-0.9613614678382874,0.6009811758995056,0.13845351338386536,-0.9613614678382874,0.13845351338386536,-0.9613614678382874,375.11151123046875,-1.1251585483551025,15.933462142944336,0.6009811758995056,-0.04468971863389015,0.04514574259519577,8.634622573852539,2.657020092010498,-7.487123012542725,-85.85923767089844,2.657020092010498,0.36656883358955383,0.0,0.38073691725730896,1.0,1.0,1.0,1.0
28.8,377.67314585949026,-0.7099478840827942,0.556335985660553,0.19668082892894745,-0.7099478840827942,0.19668082892894745,-0.7099478840827942,376.6920471191406,-0.9315919280052185,15.927691459655762,0.556335985660553,-0.04868471622467041,0.7145021557807922,8.29643726348877,1.5241012573242188,-12.960402488708496,-29.679962158203125,1.5241012573242188,0.23527999222278595,0.0,0.3916355073451996,1.0,1.0,1.0,1.0
28.900000000000002,379.23508787201416,-0.39127451181411743,0.3839928209781647,0.24533753097057343,-0.39127451181411743,0.24533753097057343,-0.39127451181411743,378.263671875,-0.6571677327156067,15.986696243286133,0.3839928209781647,-0.051338572055101395,0.9260152578353882,6.171752452850342,0.3029840588569641,-10.575608253479004,30.193004608154297,0.3029840588569641,0.10873155295848846,0.0,0.37418851256370544,1.0,1.0,1.0,1.0
29.0,380.7988766318105,-0.04265692085027695,0.07686031609773636,0.2692430019378662,-0.04265692085027695,0.2692430019378662,-0.04265692085027695,379.82977294921875,-0.3212117552757263,16.0487060546875,0.07686031609773636,-0.04431277513504028,0.7707852721214294,3.3587372303009033,-0.5864312052726746,-7.025713920593262,32.933895111083984,-0.5864312052726746,-0.00031603852403350174,0.0,0.35137301683425903,1.0,1.0,1.0,1.0
29.1,382.37161606876515,0.3024967908859253,-0.23606306314468384,0.2608089745044708,0.3024967908859253,0.2608089745044708,0.3024967908859253,381.3946533203125,0.048481330275535583,16.10929298400879,-0.23606306314468384,-0.025525419041514397,0.5646253824234009,-0.33771762251853943,-1.1246439218521118,-3.892930507659912,8.637964248657227,-1.1246439218521118,-0.09116561710834503,0.0,0.3256361484527588,1.0,1.0,1.0,1.0
29.2,383.9563613192943,0.6161091923713684,-0.4030281603336334,0.22747662663459778,0.6161091923713684,0.22747662663459778,0.6161091923713684,382.9657287597656,0.416159987449646,16.157703399658203,-0.4030281603336334,-0.00616344902664423,0.34037166833877563,-4.046362400054932,-1.50229811668396,-3.4789609909057617,-2.0450599193573,-1.50229811668396,-0.17624039947986603,0.0,0.30073729157447815,1.0,1.0,1.0,1.0
29.3,385.5502676345327,0.882938802242279,-0.467527836561203,0.18368376791477203,0.882938802242279,0.18368376791477203,0.882938802242279,384.5487365722656,0.7463834881782532,16.179452896118164,-0.467527836561203,0.0050607831217348576,0.08413959294557571,-6.43315315246582,-1.9346693754196167,-5.233654022216797,-11.151418685913086,-1.9346693754196167,-0.26843562722206116,0.0,0.28834670782089233,1.0,1.0,1.0,1.0
29.400000000000002,387.1499700661626,1.089837908744812,-0.5311426520347595,0.13396282494068146,1.089837908744812,0.13396282494068146,1.089837908744812,386.1438903808594,1.0144307613372803,16.168359756469727,-0.5311426520347595,0.010184703394770622,-0.19046521186828613,-7.911892414093018,-2.460476875305176,-4.947257041931152,11.131842613220215,-2.460476875305176,-0.3645710051059723,0.0,0.29073870182037354,1.0,1.0,1.0,1.0
29.5,388.7545826012742,1.2196135520935059,-0.6007722616195679,0.0772419273853302,1.2196135520935059,0.0772419273853302,1.2196135520935059,387.7475280761719,1.204649806022644,16.128318786621094,-0.6007722616195679,0.015712663531303406,-0.37739723920822144,-8.524300575256348,-2.8933846950531006,-3.8299975395202637,2.971517324447632,-2.8933846950531006,-0.44820448756217957,0.0,0.3070731461048126,1.0,1.0,1.0,1.0
29.6,390.359957697081,1.2635704278945923,-0.6282138824462891,0.015356134623289108,1.2635704278945923,0.015356134623289108,1.2635704278945923,389.35400390625,1.310603141784668,16.07315444946289,-0.6282138824462891,0.025298789143562317,-0.39689895510673523,-8.310627937316895,-3.311701536178589,-4.818993091583252,-12.600118637084961,-3.311701536178589,-0.491996169090271,0.0,0.3343923091888428,1.0,1.0,1.0,1.0
29.7,391.95895436411695,1.2234328985214233,-0.6156430244445801,-0.04704957455396652,1.2234328985214233,-0.04704957455396652,1.2234328985214233,390.9577941894531,1.3329495191574097,16.006858825683594,-0.6156430244445801,0.035952843725681305,-0.43311598896980286,-8.296120643615723,-3.801614284515381,-3.4514455795288086,120.25199127197266,-3.801614284515381,-0.463935911655426,0.0,0.3696604073047638,1.0,1.0,1.0,1.0
29.8,393.5461951462399,1.10219407081604,-0.5877082347869873,-0.10730527341365814,1.10219407081604,-0.10730527341365814,1.10219407081604,392.5536193847656,1.2720799446105957,15.939811706542969,-0.5877082347869873,0.04364675655961037,-0.14062131941318512,-8.448267936706543,-3.32853364944458,12.555763244628906,158.34693908691406,-3.32853364944458,-0.3626224100589752,0.0,0.40120700001716614,1.0,1.0,1.0,1.0
29.900000000000002,395.1209245923069,0.9002233743667603,-0.5516856908798218,-0.16436757147312164,0.9002233743667603,-0.16436757147312164,0.9002233743667603,394.13934326171875,1.1268843412399292,15.921304702758789,-0.5516856908798218,0.046921003609895706,0.4754805862903595,-8.541936874389648,-2.0806469917297363,8.788350105285645,12.970939636230469,-2.0806469917297363,-0.22240488231182098,0.0,0.4055529832839966,1.0,1.0,1.0,1.0
30.0,396.68553570563336,0.6197391748428345,-0.46830326318740845,-0.21631386876106262,0.6197391748428345,-0.21631386876106262,0.6197391748428345,395.7159729003906,0.8973246812820435,15.956114768981934,-0.46830326318740845,0.047332148998975754,1.0151857137680054,-7.417975902557373,-1.0194087028503418,11.755084991455078,-6.19343376159668,-1.0194087028503418,-0.0772814229130745,0.0,0.38271158933639526,1.0,1.0,1.0,1.0
30.1,398.2477137696546,0.2878163456916809,-0.23759931325912476,-0.2528853714466095,0.2878163456916809,-0.2528853714466095,0.2878163456916809,397.28594970703125,0.594486653804779,16.019065856933594,-0.23759931325912476,0.044546790421009064,0.7401618957519531,-4.861561298370361,0.09198321402072906,10.313432693481445,-29.07164192199707,0.09198321402072906,0.05216825008392334,0.0,0.3290400207042694,1.0,1.0,1.0,1.0
30.2,399.81540793126277,-0.055856697261333466,0.08461451530456543,-0.26090899109840393,-0.055856697261333466,-0.26090899109840393,-0.055856697261333466,398.8514404296875,0.2438039630651474,16.063753128051758,0.08461451530456543,0.03261447697877884,0.38866668939590454,-1.2748183012008667,0.9129765033721924,6.036439418792725,-52.49586868286133,0.9129765033721924,0.16063399612903595,0.0,0.26716357469558716,1.0,1.0,1.0,1.0
30.3,401.3932974819562,-0.37753236293792725,0.3404409885406494,-0.23840008676052094,-0.37753236293792725,-0.23840008676052094,-0.37753236293792725,400.41741943359375,-0.12022983282804489,16.086400985717773,0.3404409885406494,0.013455419801175594,0.048406779766082764,2.6178765296936035,1.3343861103057861,3.2750821113586426,-16.96663475036621,1.3343861103057861,0.25597405433654785,0.0,0.20194652676582336,1.0,1.0,1.0,1.0
30.400000000000002,402.97848816264064,-0.6579857468605042,0.43243077397346497,-0.19888320565223694,-0.6579857468605042,-0.19888320565223694,-0.6579857468605042,401.98944091796875,-0.46079665422439575,16.07843017578125,0.43243077397346497,-0.0011972279753535986,-0.24294942617416382,5.229227066040039,1.6008566617965698,2.8533477783203125,16.432897567749023,1.6008566617965698,0.3525456190109253,0.0,0.15114036202430725,1.0,1.0,1.0,1.0
30.5,404.5657982530062,-0.8888457417488098,0.47773122787475586,-0.1534617692232132,-0.8888457417488098,-0.1534617692232132,-0.8888457417488098,403.5690612792969,-0.7502908110618591,16.036781311035156,0.47773122787475586,-0.008462181314826012,-0.527423083782196,6.916244983673096,1.9426515102386475,3.600891351699829,-3.330700159072876,1.9426515102386475,0.45307937264442444,0.0,0.12463576346635818,1.0,1.0,1.0,1.0
30.6,406.15420846647805,-1.0533488988876343,0.5410799384117126,-0.10266562551259995,-1.0533488988876343,-0.10266562551259995,-1.0533488988876343,405.1538391113281,-0.9712700247764587,15.964226722717285,0.5410799384117126,-0.012899156659841537,-0.7493383884429932,7.891260623931885,2.267564296722412,2.693092107772827,-14.780938148498535,2.267564296722412,0.5451458692550659,0.0,0.12018366903066635,1.0,1.0,1.0,1.0
30.7,407.74179928675244,-1.1368809938430786,0.5980633497238159,-0.04553237557411194,-1.1368809938430786,-0.04553237557411194,-1.1368809938430786,406.7392578125,-1.1136685609817505,15.873177528381348,0.5980633497238159,-0.019211838021874428,-0.8078181743621826,8.261534690856934,2.466094493865967,1.353968858718872,-11.568045616149902,2.466094493865967,0.6062108278274536,0.0,0.12660151720046997,1.0,1.0,1.0,1.0
30.8,409.3225412077981,-1.133766770362854,0.6266704797744751,0.015919381752610207,-1.133766770362854,0.015919381752610207,-1.133766770362854,408.32037353515625,-1.1733074188232422,15.775248527526855,0.6266704797744751,-0.02806934341788292,-0.759901225566864,8.394055366516113,2.534600019454956,-0.1705690324306488,-23.228668212890625,2.534600019454956,0.607661783695221,0.0,0.14408503472805023,1.0,1.0,1.0,1.0
30.900000000000002,410.89037793010505,-1.045057773590088,0.6318284273147583,0.07901846617460251,-1.045057773590088,0.07901846617460251,-1.045057773590088,409.89263916015625,-1.148868203163147,15.678725242614746,0.6318284273147583,-0.03734550625085831,-0.5975854396820068,8.515686988830566,2.3371124267578125,-2.8316736221313477,-10.245406150817871,2.3371124267578125,0.533790111541748,0.0,0.17073458433151245,1.0,1.0,1.0,1.0
31.0,412.44170471045487,-0.8732375502586365,0.613054096698761,0.14153818786144257,-0.8732375502586365,0.14153818786144257,-0.8732375502586365,411.4522705078125,-1.0398077964782715,15.598189353942871,0.613054096698761,-0.04535266011953354,-0.2721838057041168,8.43071174621582,1.8470985889434814,-8.036683082580566,-94.56300354003906,1.8470985889434814,0.4098528325557709,0.0,0.20317989587783813,1.0,1.0,1.0,1.0
31.1,413.97664384446887,-0.6261236667633057,0.5273997187614441,0.19945907592773438,-0.6261236667633057,0.19945907592773438,-0.6261236667633057,412.99761962890625,-0.8483427166938782,15.555793762207031,0.5273997187614441,-0.051788490265607834,0.15859706699848175,7.4406418800354,1.0123541355133057,-8.753083229064941,-1.2430758476257324,1.0123541355133057,0.2694670557975769,0.0,0.22306673228740692,1.0,1.0,1.0,1.0
31.2,415.50057892184867,-0.32455146312713623,0.3271913528442383,0.24324195086956024,-0.32455146312713623,0.24324195086956024,-0.32455146312713623,414.5298767089844,-0.5841773152351379,15.547819137573242,0.3271913528442383,-0.052500031888484955,0.33803582191467285,5.773467063903809,0.15274886786937714,-8.22746753692627,12.886222839355469,0.15274886786937714,0.13576993346214294,0.0,0.23182745277881622,1.0,1.0,1.0,1.0
31.3,417.02112484984485,0.004606909584254026,0.03737810254096985,0.2621029019355774,0.004606909584254026,0.2621029019355774,0.004606909584254026,416.0518798828125,-0.26406264305114746,15.561677932739258,0.03737810254096985,-0.041860900819301605,0.3349747061729431,2.9993362426757812,-0.5928133726119995,-6.243199348449707,54.6725959777832,-0.5928133726119995,0.02137118950486183,0.0,0.23431408405303955,1.0,1.0,1.0,1.0
31.400000000000002,418.54652011782736,0.32940998673439026,-0.23201259970664978,0.2516363561153412,0.32940998673439026,0.2516363561153412,0.32940998673439026,417.56939697265625,0.08589661866426468,15.586162567138672,-0.23201259970664978,-0.02198423631489277,0.25350937247276306,-0.3515734076499939,-1.0026172399520874,-3.1778159141540527,-1.70330810546875,-1.0026172399520874,-0.07486134767532349,0.0,0.23206137120723724,1.0,1.0,1.0,1.0
31.5,420.0797636583026,0.6266190409660339,-0.3599890172481537,0.2209262251853943,0.6266190409660339,0.2209262251853943,0.6266190409660339,419.090087890625,0.4330422580242157,15.60832691192627,-0.3599890172481537,-0.004587552975863218,0.14403676986694336,-3.638341188430786,-1.3142707347869873,-2.9944491386413574,-13.148715019226074,-1.3142707347869873,-0.1652451753616333,0.0,0.2283596396446228,1.0,1.0,1.0,1.0
31.6,421.6192867555705,0.8832115530967712,-0.41183072328567505,0.18223564326763153,0.8832115530967712,0.18223564326763153,0.8832115530967712,420.6197509765625,0.7458479404449463,15.615594863891602,-0.41183072328567505,0.003551333909854293,-0.014637773856520653,-5.855346202850342,-1.723441243171692,-4.937653541564941,-5.495580673217773,-1.723441243171692,-0.26091545820236206,0.0,0.23203600943088531,1.0,1.0,1.0,1.0
31.7,423.1636799923409,1.0846205949783325,-0.4790692925453186,0.1379663050174713,1.0846205949783325,0.1379663050174713,1.0846205949783325,422.1595458984375,1.0017889738082886,15.601297378540039,-0.4790692925453186,0.00548666762188077,-0.207503542304039,-7.262614727020264,-2.1987521648406982,-4.288125991821289,13.313279151916504,-2.1987521648406982,-0.3591476082801819,0.0,0.24929670989513397,1.0,1.0,1.0,1.0
31.8,424.7128838171864,1.2125309705734253,-0.5585464835166931,0.08604232966899872,1.2125309705734253,0.08604232966899872,1.2125309705734253,423.7071228027344,1.1860301494598389,15.569811820983887,-0.5585464835166931,0.00817398726940155,-0.3028746247291565,-8.025718688964844,-2.546166181564331,-2.573601007461548,17.644166946411133,-2.546166181564331,-0.44596484303474426,0.0,0.2798105478286743,1.0,1.0,1.0,1.0
31.900000000000002,426.2639862820389,1.2567524909973145,-0.6111297011375427,0.027260538190603256,1.2567524909973145,0.027260538190603256,1.2567524909973145,425.2585754394531,1.290619134902954,15.532959938049316,-0.6111297011375427,0.014552147127687931,-0.24839557707309723,-8.238655090332031,-2.726752281188965,-1.1366256475448608,13.336607933044434,-2.726752281188965,-0.49883487820625305,0.0,0.3179861903190613,1.0,1.0,1.0,1.0
32.0,427.81157633555745,1.2155777215957642,-0.6262836456298828,-0.03487929329276085,1.2155777215957642,-0.03487929329276085,1.2155777215957642,426.809814453125,1.3127235174179077,15.499464988708496,-0.6262836456298828,0.023181181401014328,-0.10623086243867874,-8.332324981689453,-2.751875877380371,0.9073694944381714,30.212491989135742,-2.751875877380371,-0.4911925494670868,0.0,0.3580227494239807,1.0,1.0,1.0,1.0
32.1,429.35135576643285,1.0912046432495117,-0.6136921644210815,-0.09707625955343246,1.0912046432495117,-0.09707625955343246,1.0912046432495117,428.357177734375,1.251291036605835,15.478382110595703,-0.6136921644210815,0.031069880351424217,0.16326743364334106,-8.41532039642334,-2.4664652347564697,5.177308082580566,54.61532211303711,-2.4664652347564697,-0.4187958538532257,0.0,0.39283356070518494,1.0,1.0,1.0,1.0
32.2,430.88174447766505,0.8865865468978882,-0.5690590739250183,-0.15667724609375,0.8865865468978882,-0.15667724609375,0.8865865468978882,429.8982238769531,1.1059229373931885,15.4906587600708,-0.5690590739250183,0.03669044002890587,0.6739118099212646,-8.047093391418457,-1.696193814277649,8.97576904296875,8.381105422973633,-1.696193814277649,-0.30989548563957214,0.0,0.4071037769317627,1.0,1.0,1.0,1.0
32.3,432.40620973220337,0.6139672994613647,-0.4332030117511749,-0.20784258842468262,0.6139672994613647,-0.20784258842468262,0.6139672994613647,431.4335021972656,0.8808005452156067,15.550806999206543,-0.4332030117511749,0.039678242057561874,0.9551131725311279,-6.664988994598389,-0.7944679856300354,8.737303733825684,-10.550302505493164,-0.7944679856300354,-0.1919282078742981,0.0,0.3959515392780304,1.0,1.0,1.0,1.0
32.4,433.9309295815521,0.2983347773551941,-0.20070834457874298,-0.2402145117521286,0.2983347773551941,-0.2402145117521286,0.2983347773551941,432.9644470214844,0.5891803503036499,15.619545936584473,-0.20070834457874298,0.035303615033626556,0.8721146583557129,-4.43745756149292,0.02693234756588936,8.001091957092285,-20.614057540893555,0.02693234756588936,-0.08145526796579361,0.0,0.37359392642974854,1.0,1.0,1.0,1.0
32.5,435.4620459657883,-0.03146113082766533,0.06192852556705475,-0.24702642858028412,-0.03146113082766533,-0.24702642858028412,-0.03146113082766533,434.49346923828125,0.2531650960445404,15.68969440460205,0.06192852556705475,0.02278948947787285,0.7140593528747559,-1.4620274305343628,0.5898580551147461,3.7431552410125732,-15.466745376586914,0.5898580551147461,0.016743740066885948,0.0,0.34605690836906433,1.0,1.0,1.0,1.0
32.6,437.00363247612364,-0.3505973517894745,0.23999838531017303,-0.23100844025611877,-0.3505973517894745,-0.23100844025611877,-0.3505973517894745,436.02593994140625,-0.09839857369661331,15.75301742553711,0.23999838531017303,0.007581000681966543,0.5502739548683167,1.921311616897583,0.9430527091026306,3.408710241317749,-7.162107467651367,0.9430527091026306,0.1086551696062088,0.0,0.31870216131210327,1.0,1.0,1.0,1.0
32.7,438.5560446119143,-0.6398757100105286,0.3221248984336853,-0.20251412689685822,-0.6398757100105286,-0.20251412689685822,-0.6398757100105286,437.5677185058594,-0.4338016211986542,15.800585746765137,0.3221248984336853,-0.0006462263409048319,0.3737962543964386,4.400632858276367,1.304819107055664,4.589759826660156,25.150941848754883,1.304819107055664,0.20523665845394135,0.0,0.3003450632095337,1.0,1.0,1.0,1.0
32.8,440.1177232717414,-0.8847995400428772,0.39847418665885925,-0.1667683869600296,-0.8847995400428772,-0.1667683869600296,-0.8847995400428772,439.1216735839844,-0.7271950840950012,15.824739456176758,0.39847418665885925,-0.0023736446164548397,0.12310847640037537,6.273312568664551,1.8257352113723755,5.23031759262085,-8.944790840148926,1.8257352113723755,0.3085361421108246,0.0,0.29573556780815125,1.0,1.0,1.0,1.0
32.9,441.6881082883206,-1.064988374710083,0.49629807472229004,-0.12211433798074722,-1.064988374710083,-0.12211433798074722,-1.064988374710083,440.6870422363281,-0.9596306085586548,15.823689460754395,0.49629807472229004,-0.0037380883004516363,-0.08950179815292358,7.374109745025635,2.28719425201416,3.917752504348755,-16.236385345458984,2.28719425201416,0.4095562994480133,0.0,0.3023505210876465,1.0,1.0,1.0,1.0
33.0,443.2645033203166,-1.1660040616989136,0.5793688297271729,-0.06812453269958496,-1.1660040616989136,-0.06812453269958496,-1.1660040616989136,442.2603759765625,-1.11910080909729,15.805157661437988,0.5793688297271729,-0.008869285695254803,-0.17524617910385132,8.050347328186035,2.586165189743042,1.9899282455444336,-20.841278076171875,2.586165189743042,0.4899517595767975,0.0,0.3205578625202179,1.0,1.0,1.0,1.0
33.1,444.8420539344516,-1.1822376251220703,0.6251614093780518,-0.0075798179022967815,-1.1822376251220703,-0.0075798179022967815,-1.1822376251220703,443.83746337890625,-1.198413610458374,15.779033660888672,0.6251614093780518,-0.017257727682590485,-0.1253557950258255,8.388273239135742,2.679107427597046,-0.16122505068778992,-23.969148635864258,2.679107427597046,0.5249855518341064,0.0,0.34598565101623535,1.0,1.0,1.0,1.0
33.2,446.4156604072255,-1.1132440567016602,0.6329721808433533,0.055607352405786514,-1.1132440567016602,0.055607352405786514,-1.1132440567016602,445.41400146484375,-1.1939213275909424,15.756345748901367,0.6329721808433533,-0.026700645685195923,0.0540640614926815,8.511130332946777,2.523749351501465,-3.139209747314453,-37.0539665222168,2.523749351501465,0.49321720004081726,0.0,0.37232476472854614,1.0,1.0,1.0,1.0
33.3,447.98167906449277,-0.9610216617584229,0.6075813174247742,0.11795340478420258,-0.9610216617584229,0.11795340478420258,-0.9610216617584229,446.9864807128906,-1.1043834686279297,15.751836776733398,0.6075813174247742,-0.03497818857431412,0.40729111433029175,8.392268180847168,1.9989968538284302,-7.408177375793457,-40.85972595214844,1.9989968538284302,0.4049566984176636,0.0,0.38888630270957947,1.0,1.0,1.0,1.0
33.4,449.5400961063623,-0.7331129312515259,0.5140622854232788,0.17499874532222748,-0.7331129312515259,0.17499874532222748,-0.7331129312515259,448.5534973144531,-0.931725800037384,15.78858757019043,0.5140622854232788,-0.04134867712855339,0.8685620427131653,7.304291248321533,1.0782021284103394,-9.154597282409668,23.835773468017578,1.0782021284103394,0.2895297110080719,0.0,0.3845641016960144,1.0,1.0,1.0,1.0
33.5,451.0957967769826,-0.4513780176639557,0.313953697681427,0.2171589583158493,-0.4513780176639557,0.2171589583158493,-0.4513780176639557,450.1159973144531,-0.6859837770462036,15.846824645996094,0.313953697681427,-0.04171675443649292,0.8222280740737915,5.739664554595947,0.31561827659606934,-6.389703750610352,16.860618591308594,0.31561827659606934,0.16861532628536224,0.0,0.36639901995658875,1.0,1.0,1.0,1.0
33.6,452.6527654844095,-0.13813622295856476,0.0741940513253212,0.23672567307949066,-0.13813622295856476,0.23672567307949066,-0.13813622295856476,451.6745910644531,-0.38305482268333435,15.909889221191406,0.0741940513253212,-0.03143817558884621,0.7571117281913757,3.3845205307006836,-0.24696676433086395,-4.551553249359131,27.79585075378418,-0.24696676433086395,0.055207058787345886,0.0,0.34359076619148254,1.0,1.0,1.0,1.0
33.7,454.21559231041607,0.18305537104606628,-0.13032814860343933,0.23340317606925964,0.18305537104606628,0.23340317606925964,0.18305537104606628,453.2326965332031,-0.045580241829156876,15.973761558532715,-0.13032814860343933,-0.015225556679069996,0.6137460470199585,0.4509170949459076,-0.6074028611183167,-3.283719539642334,-1.7054427862167358,-0.6074028611183167,-0.04872341826558113,0.0,0.31552010774612427,1.0,1.0,1.0,1.0
33.8,455.7870282653909,0.4900849759578705,-0.2453920841217041,0.21394003927707672,0.4900849759578705,0.21394003927707672,0.4900849759578705,454.795654296875,0.29764363169670105,16.027284622192383,-0.2453920841217041,-0.0025533793959766626,0.4410499632358551,-2.5676963329315186,-0.9349269270896912,-3.3240232467651367,-9.414624214172363,-0.9349269270896912,-0.15030121803283691,0.0,0.28871896862983704,1.0,1.0,1.0,1.0
33.9,457.36722312916334,0.7657139897346497,-0.31289464235305786,0.1860007494688034,0.7657139897346497,0.1860007494688034,0.7657139897346497,456.3680725097656,0.6174451112747192,16.0620059967041,-0.31289464235305786,0.0024115154519677162,0.24234053492546082,-4.766854286193848,-1.3611007928848267,-5.081746578216553,-6.674985885620117,-1.3611007928848267,-0.2567406892776489,0.0,0.27145400643348694,1.0,1.0,1.0,1.0
34.0,458.9553254100225,0.9934322237968445,-0.39721959829330444,0.1507565677165985,0.9934322237968445,0.1507565677165985,0.9934322237968445,457.9514465332031,0.8913366198539734,16.073118209838867,-0.39721959829330444,0.0028448274824768305,0.013804694637656212,-6.331735134124756,-1.8528988361358643,-4.450638294219971,13.226499557495117,-1.8528988361358643,-0.3650451898574829,0.0,0.26773664355278015,1.0,1.0,1.0,1.0
34.1,460.5505408955699,1.1542572975158691,-0.4922652542591095,0.10626921057701111,1.1542572975158691,0.10626921057701111,1.1542572975158691,459.5442810058594,1.103177785873413,16.06316566467285,-0.4922652542591095,0.004878982435911894,-0.15150238573551178,-7.298497676849365,-2.2270865440368652,-2.9551620483398438,18.792179107666016,-2.2270865440368652,-0.46279096603393555,0.0,0.27331826090812683,1.0,1.0,1.0,1.0
34.2,462.1499021846507,1.2367513179779053,-0.5662479400634766,0.05310151353478432,1.2367513179779053,0.05310151353478432,1.2367513179779053,461.1432800292969,1.242598533630371,16.03931999206543,-0.5662479400634766,0.010572780855000019,-0.19918115437030792,-7.907241344451904,-2.4215075969696045,-0.9589269757270813,19.06341552734375,-2.4215075969696045,-0.5297314524650574,0.0,0.2878405749797821,1.0,1.0,1.0,1.0
34.300000000000004,463.74885713409293,1.2364156246185303,-0.602760374546051,-0.0056524816900491714,1.2364156246185303,-0.0056524816900491714,1.2364156246185303,462.7445068359375,1.303208351135254,16.010847091674805,-0.602760374546051,0.018983541056513786,-0.12821049988269806,-8.190323829650879,-2.422053575515747,0.9630053043365479,21.011146545410156,-2.422053575515747,-0.5411970019340515,0.0,0.3068915903568268,1.0,1.0,1.0,1.0
34.4,465.342771594933,1.1534415483474731,-0.6030903458595276,-0.06622779369354248,1.1534415483474731,-0.06622779369354248,1.1534415483474731,464.3440246582031,1.2819665670394897,15.987156867980957,-0.6030903458595276,0.027952618896961212,0.04924026131629944,-8.256108283996582,-2.2065532207489014,3.4546189308166504,28.463212966918945,-2.2065532207489014,-0.48868727684020996,0.0,0.3247523307800293,1.0,1.0,1.0,1.0
34.5,466.92866999584635,0.9910869598388672,-0.5656652450561523,-0.12506569921970367,0.9910869598388672,-0.12506569921970367,0.9910869598388672,465.938720703125,1.1783469915390015,15.980316162109375,-0.5656652450561523,0.035498831421136856,0.33898505568504333,-7.993968486785889,-1.7206801176071167,6.06074857711792,17.979726791381836,-1.7206801176071167,-0.39483678340911865,0.0,0.3331254720687866,1.0,1.0,1.0,1.0
34.6,468.5067226287529,0.7582229375839233,-0.46696770191192627,-0.17737148702144623,0.7582229375839233,-0.17737148702144623,0.7582229375839233,467.52691650390625,0.9953556656837463,16.000076293945312,-0.46696770191192627,0.039947155863046646,0.5782837867736816,-7.1299309730529785,-1.0682605504989624,6.506637096405029,-7.037135124206543,-1.0682605504989624,-0.2837933897972107,0.0,0.32853052020072937,1.0,1.0,1.0,1.0
34.7,470.07986601720546,0.47095319628715515,-0.2996203899383545,-0.2162325531244278,0.47095319628715515,-0.2162325531244278,0.47095319628715515,469.1082458496094,0.7414743304252625,16.034574508666992,-0.2996203899383545,0.03787221387028694,0.5969498753547668,-5.780640602111816,-0.46613621711730957,5.4569220542907715,-12.713706016540527,-0.46613621711730957,-0.1728324592113495,0.0,0.3140355944633484,1.0,1.0,1.0,1.0
34.800000000000004,471.65162563657964,0.1474706530570984,-0.1081986203789711,-0.2366619110107422,0.1474706530570984,-0.2366619110107422,0.1474706530570984,470.6832580566406,0.4302932322025299,16.076772689819336,-0.1081986203789711,0.02770199254155159,0.5569932460784912,-3.793748140335083,0.0044279699213802814,3.81709623336792,-21.654624938964844,0.0044279699213802814,-0.07165246456861496,0.0,0.2928709387779236,1.0,1.0,1.0,1.0
34.9,473.2258138501032,-0.19309723377227783,0.05251511186361313,-0.2390689253807068,-0.19309723377227783,-0.2390689253807068,-0.19309723377227783,472.2548828125,0.08106500655412674,16.121641159057617,0.05251511186361313,0.013424346223473549,0.4495009779930115,-1.399817943572998,0.29654887318611145,2.42305326461792,-1.9056270122528076,0.29654887318611145,0.018984545022249222,0.0,0.26682743430137634,1.0,1.0,1.0,1.0
35.0,474.80482621640317,-0.5333135724067688,0.14575324952602386,-0.22862054407596588,-0.5333135724067688,-0.22862054407596588,-0.5333135724067688,473.8275451660156,-0.2827762961387634,16.16046905517578,0.14575324952602386,0.0020329265389591455,0.3311164975166321,1.1221997737884521,0.5324974060058594,2.1345407962799072,-8.809725761413574,0.5324974060058594,0.10477158427238464,0.0,0.24181944131851196,1.0,1.0,1.0,1.0
35.1,476.3898732152473,-0.8581680655479431,0.19017286598682404,-0.21163159608840942,-0.8581680655479431,-0.21163159608840942,-0.8581680655479431,475.4057312011719,-0.6373333930969238,16.187898635864258,0.19017286598682404,-0.0024917961563915014,0.21978859603405,2.818333625793457,0.724462628364563,1.9780811071395874,4.27359676361084,0.724462628364563,0.19224582612514496,0.0,0.22259676456451416,1.0,1.0,1.0,1.0
35.2,477.98135241979827,-1.1572926044464111,0.22797086834907532,-0.19081264734268188,-1.1572926044464111,-0.19081264734268188,-1.1572926044464111,476.9918212890625,-0.9652712345123291,16.203317642211914,0.22797086834907532,-0.002352329669520259,0.10584176331758499,3.9065704345703125,0.9342968463897705,2.1286728382110596,-0.5772322416305542,0.9342968463897705,0.2795400321483612,0.0,0.20930680632591248,1.0,1.0,1.0,1.0
35.300000000000004,479.5804097439749,-1.4184846878051758,0.27621015906333923,-0.16570338606834412,-1.4184846878051758,-0.16570338606834412,-1.4184846878051758,478.58624267578125,-1.2554112672805786,16.208341598510742,0.27621015906333923,-0.001205998007208109,0.012533525936305523,4.583883762359619,1.1389150619506836,1.8908156156539917,-4.7683634757995605,1.1389150619506836,0.3565543591976166,0.0,0.20120272040367126,1.0,1.0,1.0,1.0
35.4,481.18693802253597,-1.6308622360229492,0.32770150899887085,-0.13550180196762085,-1.6308622360229492,-0.13550180196762085,-1.6308622360229492,480.1883239746094,-1.5004825592041016,16.205751419067383,0.32770150899887085,-0.0015560149913653731,-0.05033750832080841,5.089007377624512,1.293015480041504,1.1116929054260254,-10.17524242401123,1.293015480041504,0.40748679637908936,0.0,0.19716210663318634,1.0,1.0,1.0,1.0
35.5,482.79927146796524,-1.7882487773895264,0.36692938208580017,-0.1006225049495697,-1.7882487773895264,-0.1006225049495697,-1.7882487773895264,481.7967529296875,-1.6951415538787842,16.198081970214844,0.36692938208580017,-0.003833136288449168,-0.07283128052949905,5.458160400390625,1.351434588432312,0.06699615716934204,-10.225332260131836,1.351434588432312,0.4175138771533966,0.0,0.1961660385131836,1.0,1.0,1.0,1.0
35.6,484.4151232526686,-1.8889811038970947,0.3818393349647522,-0.06296483427286148,-1.8889811038970947,-0.06296483427286148,-1.8889811038970947,483.409912109375,-1.835551381111145,16.188486099243164,0.3818393349647522,-0.007121024653315544,-0.05839871987700462,5.638835430145264,1.3086854219436646,-0.8788915872573853,-8.342400550842285,1.3086854219436646,0.39201435446739197,0.0,0.19648464024066925,1.0,1.0,1.0,1.0
35.7,486.0323768359614,-1.9344254732131958,0.36953607201576233,-0.025170311331748962,-1.9344254732131958,-0.025170311331748962,-1.9344254732131958,485.0260314941406,-1.9198274612426758,16.179851531982422,0.36953607201576233,-0.010093491524457932,-0.019540365785360336,5.582062721252441,1.1828029155731201,-1.5897650718688965,-5.678997039794922,1.1828029155731201,0.3430755138397217,0.0,0.19709740579128265,1.0,1.0,1.0,1.0
35.800000000000004,487.64951891678714,-1.9281097650527954,0.3333701491355896,0.010166463442146778,-1.9281097650527954,0.010166463442146778,-1.9281097650527954,486.6434020996094,-1.9485081434249878,16.174497604370117,0.3333701491355896,-0.011731593869626522,0.026880156248807907,5.259972095489502,0.9993389248847961,-2.0287816524505615,-2.87484073638916,0.9993389248847961,0.28120508790016174,0.0,0.19681833684444427,1.0,1.0,1.0,1.0
35.9,489.2657231850042,-1.8754184246063232,0.27971765398979187,0.040965598076581955,-1.8754184246063232,0.040965598076581955,-1.8754184246063232,488.26055908203125,-1.9247678518295288,16.173721313476562,0.27971765398979187,-0.011541644111275673,0.06832819432020187,4.698451042175293,0.7862293124198914,-2.1887662410736084,-0.01615610346198082,0.7862293124198914,0.21445709466934204,0.0,0.19476546347141266,1.0,1.0,1.0,1.0
36.0,490.8806498828219,-1.7832223176956177,0.2157852202653885,0.0658223032951355,-1.7832223176956177,0.0658223032951355,-1.7832223176956177,489.8764953613281,-1.8542176485061646,16.177608489990234,0.2157852202653885,-0.009546956978738308,0.09419466555118561,3.92338490486145,0.5733247399330139,-2.016389846801758,3.473235845565796,0.5733247399330139,0.1482544094324112,0.0,0.19038361310958862,1.0,1.0,1.0,1.0
36.1,492.49431739597105,-1.6595128774642944,0.1510828137397766,0.08415893465280533,-1.6595128774642944,0.08415893465280533,-1.6595128774642944,491.4908752441406,-1.7445611953735352,16.18476676940918,0.1510828137397766,-0.006325488444417715,0.09827790409326553,3.002077102661133,0.39126360416412354,-1.6124637126922607,4.247415542602539,0.39126360416412354,0.0855182483792305,0.0,0.18393084406852722,1.0,1.0,1.0,1.0
36.2,494.1069385411755,-1.5124789476394653,0.09603329002857208,0.09642517566680908,-1.5124789476394653,0.09642517566680908,-1.5124789476394653,493.10369873046875,-1.6048941612243652,16.19293975830078,0.09603329002857208,-0.0028710816986858845,0.0848228707909584,2.062201499938965,0.25225013494491577,-1.1920567750930786,3.528515100479126,0.25225013494491577,0.027246007695794106,0.0,0.1762918084859848,1.0,1.0,1.0,1.0
36.300000000000004,495.7187834279908,-1.3494820594787598,0.05657738819718361,0.10394342988729477,-1.3494820594787598,0.10394342988729477,-1.3494820594787598,494.7154235839844,-1.4445005655288696,16.200138092041016,0.05657738819718361,-0.0002333665470359847,0.0620526559650898,1.2259714603424072,0.14815394580364227,-0.914555013179779,1.5461524724960327,0.14815394580364227,-0.0262968298047781,0.0,0.16853506863117218,1.0,1.0,1.0,1.0
36.4,497.3301122377757,-1.176690936088562,0.03042564168572426,0.1082247644662857,-1.176690936088562,0.1082247644662857,-1.176690936088562,496.3264465332031,-1.271668553352356,16.20514488220215,0.03042564168572426,0.000990399275906384,0.03692827746272087,0.5726378560066223,0.06417623907327652,-0.7860803008079529,0.732783854007721,0.06417623907327652,-0.07427947223186493,0.0,0.16162532567977905,1.0,1.0,1.0,1.0
36.5,498.94116565589445,-0.9992370009422302,0.010286346077919006,0.11024858057498932,-0.9992370009422302,0.11024858057498932,-0.9992370009422302,497.9372253417969,-1.0929458141326904,16.207731246948242,0.010286346077919006,0.0009886231273412704,0.014149465598165989,0.09536398202180862,-0.011501699686050415,-0.7372530102729797,0.5319299101829529,-0.011501699686050415,-0.11447440832853317,0.0,0.1558702290058136,1.0,1.0,1.0,1.0
36.6,500.5521977156796,-0.8216558694839478,-0.00906642246991396,0.11032263189554214,-0.8216558694839478,0.11032263189554214,-0.8216558694839478,499.54803466796875,-0.9131526350975037,16.20809555053711,-0.00906642246991396,0.00039444671710953116,-0.00641931826248765,-0.2583047151565552,-0.08250167220830917,-0.6783398985862732,0.635595440864563,-0.08250167220830917,-0.14404477179050446,0.0,0.15128500759601593,1.0,1.0,1.0,1.0
36.7,502.16347491497334,-0.6479114890098572,-0.028485767543315887,0.1084497943520546,-0.6479114890098572,0.1084497943520546,-0.6479114890098572,501.1590576171875,-0.735873818397522,16.20655632019043,-0.028485767543315887,-0.00019443180644884706,-0.0238069836050272,-0.5413343906402588,-0.14563438296318054,-0.5746424198150635,1.2582560777664185,-0.14563438296318054,-0.16173005104064941,0.0,0.1477828323841095,1.0,1.0,1.0,1.0
36.800000000000004,503.77519206871466,-0.48111826181411743,-0.046077486127614975,0.10470505803823471,-0.48111826181411743,0.10470505803823471,-0.48111826181411743,502.7704162597656,-0.563955545425415,16.203493118286133,-0.046077486127614975,-0.000509945151861757,-0.03742950037121773,-0.7778485417366028,-0.19576005637645721,-0.4448924660682678,0.33638063073158264,-0.19576005637645721,-0.1681797355413437,0.0,0.14521105587482452,1.0,1.0,1.0,1.0
36.9,505.38743898168326,-0.32355475425720215,-0.06084024906158447,0.09935172647237778,-0.32355475425720215,0.09935172647237778,-0.32355475425720215,504.3822326660156,-0.3997942805290222,16.199264526367188,-0.06084024906158447,-0.0006152940914034843,-0.04789111018180847,-0.9988225102424622,-0.24081116914749146,-0.44601136445999146,0.834419846534729,-0.24081116914749146,-0.16535581648349762,0.0,0.14342519640922546,1.0,1.0,1.0,1.0
37.0,507.00025589432187,-0.17727306485176086,-0.07361765950918198,0.09260695427656174,-0.17727306485176086,0.09260695427656174,-0.17727306485176086,505.9945373535156,-0.24558663368225098,16.194156646728516,-0.07361765950918198,-0.0006246012053452432,-0.05517776682972908,-1.182945728302002,-0.2749413549900055,-0.20092211663722992,3.1432602405548096,-0.2749413549900055,-0.1560480147600174,0.0,0.14232869446277618,1.0,1.0,1.0,1.0
37.1,508.61360262613556,-0.043532099574804306,-0.08060900866985321,0.084836445748806,-0.043532099574804306,0.084836445748806,-0.043532099574804306,507.6073913574219,-0.10312160849571228,16.188522338867188,-0.08060900866985321,-0.0004802498733624816,-0.05855384096503258,-1.2763477563858032,-0.28064242005348206,0.06662412732839584,2.0718655586242676,-0.28064242005348206,-0.14315062761306763,0.0,0.1417137235403061,1.0,1.0,1.0,1.0
37.2,510.2273560510733,0.07766749709844589,-0.08038836717605591,0.0767333135008812,0.07766749709844589,0.0767333135008812,0.07766749709844589,509.2207336425781,0.02666538767516613,16.182682037353516,-0.08038836717605591,-0.00030978568247519433,-0.05919678881764412,-1.281708002090454,-0.2663681209087372,0.1952909380197525,0.7136777639389038,-0.2663681209087372,-0.1288972645998001,0.0,0.14140114188194275,1.0,1.0,1.0,1.0
37.300000000000004,511.8413946857702,0.18687908351421356,-0.07546338438987732,0.06891333311796188,0.18687908351421356,0.06891333311796188,0.18687908351421356,510.83447265625,0.14369475841522217,16.176837921142578,-0.07546338438987732,-0.00025487321545369923,-0.05843467637896538,-1.2220011949539185,-0.24476642906665802,0.226235494017601,0.1378202587366104,-0.24476642906665802,-0.11460023373365402,0.0,0.14130820333957672,1.0,1.0,1.0,1.0
37.4,513.455625282556,0.28483113646507263,-0.06882057338953018,0.06168992072343826,0.28483113646507263,0.06168992072343826,0.28483113646507263,512.448486328125,0.24852785468101501,16.171123504638672,-0.06882057338953018,-0.00031035899883136153,-0.056619830429553986,-1.1263359785079956,-0.2220335155725479,0.2192770540714264,-0.36491021513938904,-0.2220335155725479,-0.10079346597194672,0.0,0.14135625958442688,1.0,1.0,1.0,1.0
37.5,515.0699456536828,0.37235745787620544,-0.06232253089547157,0.055137861520051956,0.37235745787620544,0.055137861520051956,0.37235745787620544,514.0625610351562,0.3420908749103546,16.16563606262207,-0.06232253089547157,-0.00041326318751089275,-0.05413491278886795,-1.023228406906128,-0.2026059925556183,0.16689036786556244,-0.5515080094337463,-0.2026059925556183,-0.08751972764730453,0.0,0.14153918623924255,1.0,1.0,1.0,1.0
37.6,516.6842539040239,0.45021602511405945,-0.05723901838064194,0.04917050153017044,0.45021602511405945,0.04917050153017044,0.45021602511405945,515.6766967773438,0.425392210483551,16.16040802001953,-0.05723901838064194,-0.0005010295426473022,-0.05152644217014313,-0.9340077638626099,-0.18835976719856262,0.12307668477296829,-0.29839760065078735,-0.18835976719856262,-0.07463639974594116,0.0,0.14185132086277008,1.0,1.0,1.0,1.0
37.7,518.2984726622608,0.5190414190292358,-0.05351123586297035,0.043639834970235825,0.5190414190292358,0.043639834970235825,0.5190414190292358,517.2908325195312,0.4993203282356262,16.15544319152832,-0.05351123586297035,-0.0005315336748026311,-0.048842109739780426,-0.8636164665222168,-0.17721432447433472,0.10286808013916016,-0.12464302033185959,-0.17721432447433472,-0.062046464532613754,0.0,0.142277330160141,1.0,1.0,1.0,1.0
37.800000000000004,519.9125494075498,0.5794185996055603,-0.05049635097384453,0.03844137862324715,0.5794185996055603,0.03844137862324715,0.5794185996055603,518.90478515625,0.5645838379859924,16.15074920654297,-0.05049635097384453,-0.0005092970677651465,-0.04602944105863571,-0.8087334036827087,-0.16737836599349976,0.0952553078532219,-0.043132636696100235,-0.16737836599349976,-0.04977970942854881,0.0,0.14279499650001526,1.0,1.0,1.0,1.0
37.9,521.5264505523869,0.6318933963775635,-0.047708019614219666,0.03353048861026764,0.6318933963775635,0.03353048861026764,0.6318933963775635,520.5186157226562,0.621739387512207,16.14633560180664,-0.047708019614219666,-0.00046649586874991655,-0.0430457703769207,-0.7628694772720337,-0.15802597999572754,0.09203727543354034,-0.028679553419351578,-0.15802597999572754,-0.037968117743730545,0.0,0.14337927103042603,1.0,1.0,1.0,1.0
38.0,523.1401551758627,0.6769631505012512,-0.04496825486421585,0.028895601630210876,0.6769631505012512,0.028895601630210876,0.6769631505012512,522.13232421875,0.6712522506713867,16.142223358154297,-0.04496825486421585,-0.0004301402950659394,-0.03993263840675354,-0.7207459807395935,-0.14897564053535461,0.08886595070362091,-0.03647550195455551,-0.14897564053535461,-0.026777947321534157,0.0,0.14400595426559448,1.0,1.0,1.0,1.0
38.02,523.4628712863085,0.6851287484169006,-0.04442592337727547,0.028001394122838974,0.6851287484169006,0.028001394122838974,0.6851287484169006,522.4550170898438,0.6802753806114197,16.141437530517578,-0.04442592337727547,-0.00042475652298890054,-0.039299290627241135,-0.7125179171562195,-0.14720582962036133,0.08816510438919067,-0.03326816111803055,-0.14720582962036133,-0.02462763898074627,0.0,0.1441344916820526,1.0,1.0,1.0,1.0
