Time,Vhcl.sRoad,Vhcl.tRoad,Vhcl.YawRate,Car.Road.Path.DevAng,Car.Road.Path.DevDist,Car.Road.Route.DevAng,Car.Road.Route.DevDist,Car.tx,Car.ty,Car.v,Car.YawRate,Car.SideSlipAngle,Car.ax,Car.ay,DM.Steer.Ang,DM.Steer.AngVel,DM.Steer.AngAcc,Steer.WhlAng,Driver.Lat.dy,DM.Brake,DM.Gas,Car.muRoadFL,Car.muRoadFR,Car.muRoadRL,Car.muRoadRR
0.0,8.399996983999952,-1.2396972337569423e-11,1.682833039584608e-11,0.0,-1.2396972337569423e-11,0.0,-1.2396972337569423e-11,7.408852577209473,0.019406098872423172,0.0,1.682833039584608e-11,0.0,7.643018034286797e-05,-1.2088652511010878e-05,0.0,0.0,0.0,0.0,0.001293887384235859,0.0,0.0,0.5,0.5,0.5,0.5
0.1,8.399996884144496,-1.0723237409138164e-07,-4.97761391216045e-07,-2.2765499707588788e-08,-1.0723237409138164e-07,-2.2765499707588788e-08,-1.0723237409138164e-07,7.408852577209473,0.019406277686357498,5.9897715800616425e-06,-4.97761391216045e-07,0.0,1.99578039428161e-06,1.0321889021724928e-05,2.567522881585446e-15,4.7658562887147385e-15,-7.379802064583219e-13,2.567522881585446e-15,0.0012940558372065425,9.767401110138962e-09,0.0,0.5,0.5,0.5,0.5
0.2,8.399996682913352,-2.512462913273339e-07,-6.026759251653857e-07,-8.33013729106824e-08,-2.512462913273339e-07,-8.33013729106824e-08,-2.512462913273339e-07,7.408852577209473,0.019406633451581,7.264346550073242e-06,-6.026759251653857e-07,0.0,-2.621404746605549e-07,-2.262946145492606e-05,5.284097727382758e-15,1.7151200842587325e-14,-2.2533518562357913e-13,5.284097727382758e-15,0.001294409390538931,0.0,0.0,0.5,0.5,0.5,0.5
0.3,8.399997243299056,-3.2519017167942366e-07,-1.0357800874771783e-06,-1.4123487801498413e-07,-3.2519017167942366e-07,-1.4123487801498413e-07,-3.2519017167942366e-07,7.408852577209473,0.019406814128160477,3.669234274639166e-06,-1.0357800874771783e-06,0.0,-6.662857049377635e-05,-1.1671855645545293e-05,5.1332657234322374e-15,-1.3766101431521294e-13,-9.158861819999475e-13,5.1332657234322374e-15,0.0012945991475135088,0.0,0.023932073265314102,0.5,0.5,0.5,0.5
0.4,8.40000466814406,-1.2906291146919102e-07,-2.0947439338669938e-07,-2.2542367617006676e-07,-1.2906291146919102e-07,-2.2542367617006676e-07,-1.2906291146919102e-07,7.408851623535156,0.019406942650675774,2.2963502487982623e-05,-2.0947439338669938e-07,0.0,-0.00013709324412047863,-8.106743734970223e-06,2.721027062726317e-15,1.0200958730065962e-13,3.101720052675616e-12,2.721027062726317e-15,0.0012947567738592625,0.0,0.06787516176700592,0.5,0.5,0.5,0.5
0.5,8.400021834386177,4.203777947964227e-08,1.6935587154875975e-06,-1.2728544618312299e-07,4.203777947964227e-08,-1.2728544618312299e-07,4.203777947964227e-08,7.408849716186523,0.0194070003926754,6.89348453306593e-05,1.6935587154875975e-06,0.0,-0.0001632889616303146,-1.0974729320878396e-06,3.268707597344281e-14,2.3019796789244817e-13,5.298814338694502e-12,3.268707597344281e-14,0.001294790650717914,0.0,0.11369037628173828,0.5,0.5,0.5,0.5
0.6,8.400045530811408,2.1649793779943138e-07,1.6015233086363878e-06,4.142941278928447e-08,2.1649793779943138e-07,4.142941278928447e-08,2.1649793779943138e-07,7.408845901489258,0.019407082349061966,0.0001235998934134841,1.6015233086363878e-06,0.0,-0.00014618375280406326,4.737016297440277e-06,5.083622392943084e-14,1.2412961554898044e-13,-8.831320548984001e-13,5.083622392943084e-14,0.0012948208022862673,0.0,0.15427620708942413,0.5,0.5,0.5,0.5
0.7000000000000001,8.400069629791172,3.6861467833659844e-07,1.4431481076826458e-06,1.9280003016319824e-07,3.6861467833659844e-07,1.9280003016319824e-07,3.6861467833659844e-07,7.408841133117676,0.01940721645951271,0.00016120383224915713,1.4431481076826458e-06,0.0,-5.703683928004466e-05,1.7250168866667082e-06,5.973674788335714e-14,6.03111785231307e-14,-4.902301980157231e-13,5.973674788335714e-14,0.0012949072988703847,0.0,0.1860235333442688,0.5,0.5,0.5,0.5
0.8,8.400088671380285,5.409667096500925e-07,1.321500576523249e-06,3.314879677418503e-07,5.409667096500925e-07,3.314879677418503e-07,5.409667096500925e-07,7.408835411071777,0.019407371059060097,0.0001646980963414535,1.321500576523249e-06,0.0,2.2294954760582186e-05,-3.1661049888498383e-06,6.372037771561201e-14,2.3540909076680966e-14,-2.587184752458199e-13,6.372037771561201e-14,0.0012950189411640167,0.0,0.20716644823551178,0.5,0.5,0.5,0.5
0.9,8.400100314890505,7.287984544745996e-07,1.0897585980274016e-06,4.520545360264805e-07,7.287984544745996e-07,4.520545360264805e-07,7.287984544745996e-07,7.408830165863037,0.019407497718930244,0.0001359655288979411,1.0897585980274016e-06,0.0,7.033723522908986e-05,-8.866686584951822e-06,6.505746326856618e-14,7.358098979832854e-15,3.068533925218442e-13,6.505746326856618e-14,0.0012951086973771453,0.0,0.2168833166360855,0.5,0.5,0.5,0.5
1.0,8.400103421634313,8.971042007033248e-07,6.694071430501936e-07,5.44113106570876e-07,8.971042007033248e-07,5.44113106570876e-07,8.971042007033248e-07,7.408825397491455,0.01940757967531681,8.685988723300397e-05,6.694071430501936e-07,0.0,0.00010613087215460837,-0.00013012613635510206,6.541613089975154e-14,-1.7669396329717956e-15,-1.0817723669967472e-12,6.541613089975154e-14,0.0012951662065461278,0.0,0.21252867579460144,0.5,0.5,0.5,0.5
1.1,8.400096286448031,1.0365424714109395e-06,4.55718520697701e-07,6.029142127772502e-07,1.0365424714109395e-06,6.029142127772502e-07,1.0365424714109395e-06,7.408822059631348,0.019407637417316437,2.8987247787881643e-05,4.55718520697701e-07,0.0,0.0001426626113243401,8.246842298831325e-06,6.547761871545862e-14,3.6586648479473643e-16,5.79768302593972e-14,6.547761871545862e-14,0.0012952083488926291,0.0,0.19224102795124054,0.5,0.5,0.5,0.5
1.2,8.40007858423894,1.1457492519184598e-06,3.34525424250387e-07,6.337636477837805e-07,1.1457492519184598e-06,6.337636477837805e-07,1.1457492519184598e-06,7.408820152282715,0.019407659769058228,9.437093831365928e-05,3.34525424250387e-07,0.0,0.00021383610146585852,-1.1674669622152578e-05,6.548716647084007e-14,9.650850540787652e-17,-8.814989825758738e-16,6.548716647084007e-14,0.0012952262768521905,0.0,0.16020844876766205,0.5,0.5,0.5,0.5
1.3,8.400051427908775,9.539783150103176e-07,-5.26562075719994e-07,5.973869861009007e-07,9.539783150103176e-07,5.973869861009007e-07,9.539783150103176e-07,7.408820152282715,0.019407514482736588,0.00018189760157838464,-5.26562075719994e-07,0.0,0.0002770245773717761,1.3986943486088421e-05,6.548307360763894e-14,-9.144457683535957e-18,5.060076888712664e-16,6.548307360763894e-14,0.001295091351494193,0.0,0.12174290418624878,0.5,0.5,0.5,0.5
1.4000000000000001,8.401224948139733,8.289781362691429e-06,6.759556708857417e-05,6.847106760687893e-06,8.289781362691429e-06,6.847106760687893e-06,8.289781362691429e-06,7.409712314605713,0.019405437633395195,0.029436063021421432,6.759556708857417e-05,0.0,0.43681782484054565,-0.0010402391199022532,-2.6139214829635528e-14,3.84561523250615e-12,1.711924074720983e-10,-2.6139214829635528e-14,0.0012915135594084859,0.0,0.11947499215602875,0.5,0.5,0.5,0.5
1.5,8.406854112855774,1.0059537089546211e-05,6.323570414679125e-05,1.1414950677135494e-05,1.0059537089546211e-05,1.1414950677135494e-05,1.0059537089546211e-05,7.414551258087158,0.01940004713833332,0.07549721747636795,6.323570414679125e-05,0.0,0.93292236328125,-0.0011438018409535289,-7.865482896073084e-14,-2.4769355403547744e-12,2.520052048982091e-11,-7.865482896073084e-14,0.0012848196784034371,0.0,0.2325020283460617,0.5,0.5,0.5,0.5
1.6,8.421818649440162,1.1386886399122886e-05,5.3196330554783344e-05,1.728246388665866e-05,1.1386886399122886e-05,1.728246388665866e-05,1.1386886399122886e-05,7.427892684936523,0.01939060352742672,0.1972280740737915,5.3196330554783344e-05,0.0,1.4255973100662231,0.00016193499322980642,-6.983897549162066e-08,-3.823602128250059e-06,-0.00014509794709738344,-6.983897549162066e-08,0.0012737088836729527,0.0,0.308852881193161,0.5,0.5,0.5,0.5
1.7,8.451378575297806,8.701370461494662e-06,5.3402029152493924e-05,2.2374242689693347e-05,8.701370461494662e-06,2.2374242689693347e-05,8.701370461494662e-06,7.4554643630981445,0.019382543861865997,0.3575427830219269,5.3402029152493924e-05,0.0,1.7264755964279175,0.0015103081241250038,1.1378243698345614e-06,4.2137053242186084e-05,-0.002094283699989319,1.1378243698345614e-06,0.001263470621779561,0.0,0.3506779670715332,0.5,0.5,0.5,0.5
1.8,8.497856966956409,6.341741936921608e-06,6.19104685029015e-05,2.808076169458218e-05,6.341741936921608e-06,2.808076169458218e-05,6.341741936921608e-06,7.500219821929932,0.01938810758292675,0.5384995341300964,6.19104685029015e-05,0.0,1.8792550563812256,0.0004402557387948036,-1.751440140651539e-05,-0.0004168800369370729,-0.002649137983098626,-1.751440140651539e-05,0.0012655820464715362,0.0,0.3717474043369293,0.5,0.5,0.5,0.5
1.9000000000000001,8.562596226505002,7.2282159635506105e-06,8.078494283836335e-05,3.5093780752504244e-05,7.2282159635506105e-06,3.5093780752504244e-05,7.2282159635506105e-06,7.563680171966553,0.019399341195821762,0.7300999164581299,8.078494283836335e-05,0.0,1.9451652765274048,-0.0008954476797953248,-6.306394061539322e-05,-0.000380250858142972,0.0031504950020462275,-6.306394061539322e-05,0.001272507244721055,0.0,0.3814433217048645,0.5,0.5,0.5,0.5
2.0,8.646371651610838,1.3244630281405989e-05,0.0001079826251952909,4.4464803067967296e-05,1.3244630281405989e-05,4.4464803067967296e-05,1.3244630281405989e-05,7.646563529968262,0.01940295472741127,0.9263239502906799,0.0001079826251952909,0.0,1.9764999151229858,-0.00092777528334409,-8.284517389256507e-05,-6.886736809974536e-05,0.0005597401759587228,-8.284517389256507e-05,0.001271223765797913,0.0,0.3859086036682129,0.5,0.5,0.5,0.5
2.1,8.749649569420075,2.4033513909671456e-05,0.00013316974218469113,5.660272290697321e-05,2.4033513909671456e-05,5.660272290697321e-05,2.4033513909671456e-05,7.74920129776001,0.01939764991402626,1.1248077154159546,0.00013316974218469113,-0.00012234298628754914,1.991390585899353,-8.082755084615201e-05,-0.00012799770047422498,-0.0013069880660623312,-0.02336341142654419,-0.00012799770047422498,0.0012602049391716719,0.0,0.3877926468849182,0.5,0.5,0.5,0.5
2.2,8.872685950921701,3.703323454828933e-05,0.00014655882841907442,7.067753904266283e-05,3.703323454828933e-05,7.067753904266283e-05,3.703323454828933e-05,7.871750354766846,0.019391009584069252,1.3243317604064941,0.00014655882841907442,-0.00010774710244731978,1.9975193738937378,0.0005031764158047736,-0.0003785793378483504,-0.003652645042166114,-0.020692888647317886,-0.0003785793378483504,0.0012467976193875074,0.0,0.38845646381378174,0.5,0.5,0.5,0.5
2.3000000000000003,9.015595531611385,4.9262998800259084e-05,0.00013613852206617594,8.526170131517574e-05,4.9262998800259084e-05,8.526170131517574e-05,4.9262998800259084e-05,8.014275550842285,0.019388483837246895,1.5242129564285278,0.00013613852206617594,-9.232410957338288e-05,1.998760461807251,-1.417161911376752e-05,-0.0011462019756436348,-0.013231735676527023,-0.05753890797495842,-0.0011462019756436348,0.0012365883449092507,0.0,0.38865649700164795,0.5,0.5,0.5,0.5
2.4,9.17841826147379,5.2040184527868405e-05,8.986188186099753e-05,9.659269562689587e-05,5.2040184527868405e-05,9.659269562689587e-05,5.2040184527868405e-05,8.176791191101074,0.019386116415262222,1.724063754081726,8.986188186099753e-05,-0.00012518800213001668,1.9972155094146729,-0.0008242320036515594,-0.002440226497128606,-0.010746318846940994,0.05724781006574631,-0.002440226497128606,0.0012266957201063633,0.0,0.38881757855415344,0.5,0.5,0.5,0.5
2.5,9.361159428287001,4.333747710916214e-05,5.707560194423422e-05,0.00010381195897934958,4.333747710916214e-05,0.00010381195897934958,4.333747710916214e-05,8.35927963256836,0.01937682181596756,1.9236671924591064,5.707560194423422e-05,-0.00017697745352052152,1.9940917491912842,-0.0011456913780421019,-0.003248119493946433,-0.006114316638559103,0.027947228401899338,-0.003248119493946433,0.001210528309457004,0.0,0.3891783654689789,0.5,0.5,0.5,0.5
2.6,9.563800132631602,2.6029541913885623e-05,3.07369846268557e-05,0.00010825137724168599,2.6029541913885623e-05,0.00010825137724168599,2.6029541913885623e-05,8.56170654296875,0.0193575918674469,2.122708559036255,3.07369846268557e-05,-0.0002223910269094631,1.9855517148971558,-0.0011244911001995206,-0.003802863648161292,-0.005493795964866877,-0.005187293980270624,-0.003802863648161292,0.0011848745634779334,0.0,0.39000648260116577,0.5,0.5,0.5,0.5
2.7,9.786275393056941,-8.491031167068286e-07,-2.321127567483927e-06,0.00010974457109114155,-8.491031167068286e-07,0.00010974457109114155,-8.491031167068286e-07,8.7839937210083,0.019328579306602478,2.3209497928619385,-2.321127567483927e-06,-0.0002541341236792505,1.9791252613067627,-0.0010155277559533715,-0.004343988373875618,-0.0052370112389326096,0.005665771663188934,-0.004343988373875618,0.0011498642852529883,0.0,0.39161965250968933,0.5,0.5,0.5,0.5
2.8000000000000003,10.02852130523181,-3.925618511857465e-05,-3.44746295013465e-05,0.00010774744441732764,-3.925618511857465e-05,0.00010774744441732764,-3.925618511857465e-05,9.026065826416016,0.019290922209620476,2.5181517601013184,-3.44746295013465e-05,-0.0002708959218580276,1.9562370777130127,-0.0005395424086600542,-0.00461662607267499,0.006061350926756859,0.2299785166978836,-0.00461662607267499,0.0011066648876294494,0.0,0.3941061198711395,0.5,0.5,0.5,0.5
2.9,10.290329334117345,-7.953474414534867e-05,2.482554691596306e-06,0.00010602811380522326,-7.953474414534867e-05,0.00010602811380522326,-7.953474414534867e-05,9.287732124328613,0.019249645993113518,2.7130239009857178,2.482554691596306e-06,-0.00025590514997020364,1.94266676902771,4.774390617967583e-05,-0.004043235909193754,0.0022811838425695896,-0.06989120692014694,-0.004043235909193754,0.0010592581238597631,0.0,0.39883676171302795,0.5,0.5,0.5,0.5
3.0,10.571562941670784,-0.00011620111763477325,1.0483740879863035e-05,0.00010687967733247206,-0.00011620111763477325,0.00010687967733247206,-0.00011620111763477325,9.568830490112305,0.019209736958146095,2.906905174255371,1.0483740879863035e-05,-0.00024223493528552353,1.9362504482269287,-6.026301343808882e-05,-0.0039869556203484535,0.00014654724509455264,0.007220343220978975,-0.0039869556203484535,0.0010119564831256866,0.0,0.40474629402160645,0.5,0.5,0.5,0.5
3.1,10.872178662013553,-0.00015422025171574205,1.4473262126557529e-05,0.00010805384954437613,-0.00015422025171574205,0.00010805384954437613,-0.00015422025171574205,9.869296073913574,0.01917065866291523,3.1004507541656494,1.4473262126557529e-05,-0.00023367934045381844,1.9348002672195435,-0.00014277409354690462,-0.003928367514163256,0.0010198061354458332,0.007017425261437893,-0.003928367514163256,0.0009647678234614432,0.0,0.4111174941062927,0.5,0.5,0.5,0.5
3.2,11.192035254867621,-0.00019193172920495272,1.9295239326311275e-05,0.00010976889461744577,-0.00019193172920495272,0.00010976889461744577,-0.00019193172920495272,10.18901538848877,0.019132191315293312,3.2902512550354004,1.9295239326311275e-05,-0.00022392494429368526,1.883377194404602,-0.0002523966250009835,-0.003890170017257333,-0.007073819637298584,-0.5792930126190186,-0.003890170017257333,0.0009174644947052002,0.0,0.42021071910858154,0.5,0.5,0.5,0.5
3.3000000000000003,11.530477003162297,-0.00022936254390515387,1.9309505660203286e-05,0.00011141049617435783,-0.00022936254390515387,0.00011141049617435783,-0.00022936254390515387,10.527411460876465,0.019093839451670647,3.474161148071289,1.9309505660203286e-05,-0.00022163275571074337,1.802712321281433,-0.00018501243903301656,-0.0037866951897740364,-2.5746068786247633e-05,0.11157301813364029,-0.0037866951897740364,0.0008698105812072754,0.0,0.4350944459438324,0.5,0.5,0.5,0.5
3.4,11.887003452771802,-0.0002647742221597582,3.351658597239293e-05,0.00011384214303689077,-0.0002647742221597582,0.00011384214303689077,-0.0002647742221597582,10.883933067321777,0.019055170938372612,3.654778003692627,3.351658597239293e-05,-0.00022058153990656137,1.820572018623352,-0.00015685117978136986,-0.003671808633953333,0.0012867043260484934,-0.024582212790846825,-0.003671808633953333,0.0008211880340240896,0.0,0.4542592167854309,0.5,0.5,0.5,0.5
3.5,12.261877870367444,-0.0002977586118504405,4.977393473382108e-05,0.00011827194975921884,-0.0002977586118504405,0.00011827194975921884,-0.0002977586118504405,11.258687019348145,0.01901637576520443,3.83953595161438,4.977393473382108e-05,-0.00021862830908503383,1.9633409976959229,-0.0008362137014046311,-0.00364370783790946,0.0014936461811885238,0.5957744717597961,-0.00364370783790946,0.0007713849190622568,0.0,0.4704762399196625,0.5,0.5,0.5,0.5
3.6,12.65602837940142,-0.0003299053350929171,6.819624832132831e-05,0.0001246764586539939,-0.0003299053350929171,0.0001246764586539939,-0.0003299053350929171,11.652499198913574,0.018977535888552666,4.032280921936035,6.819624832132831e-05,-0.00021581097098533064,1.8971517086029053,-0.00024174283316824585,-0.003680977039039135,-0.006365147884935141,0.43264296650886536,-0.003680977039039135,0.0007203827844932675,0.0,0.47834569215774536,0.5,0.5,0.5,0.5
3.7,13.069220219482936,-0.0003640248905867338,5.335885362001136e-05,0.00013009637768846005,-0.0003640248905867338,0.00013009637768846005,-0.0003640248905867338,12.065382957458496,0.018940433859825134,4.224184513092041,5.335885362001136e-05,-0.00021909739007242024,1.9394643306732178,-0.0002994310052599758,-0.0036473716609179974,0.0020574552472680807,0.02210342325270176,-0.0036473716609179974,0.0006707229185849428,0.0,0.48703986406326294,0.5,0.5,0.5,0.5
3.8000000000000003,13.501808340940809,-0.0003959540626965463,7.6052121585235e-05,0.0001365592615911737,-0.0003959540626965463,0.0001365592615911737,-0.0003959540626965463,12.497651100158691,0.018902689218521118,4.419741630554199,7.6052121585235e-05,-0.00022198871010914445,1.969304084777832,-0.00015467149205505848,-0.003516759257763624,0.0007603734848089516,-0.012932345271110535,-0.003516759257763624,0.0006196429021656513,0.0,0.49214598536491394,0.5,0.5,0.5,0.5
3.9,13.954080813182319,-0.00042397883953526616,8.427690772805363e-05,0.000144724574056454,-0.00042397883953526616,0.000144724574056454,-0.00042397883953526616,12.949600219726562,0.018865445628762245,4.617519378662109,8.427690772805363e-05,-0.00022405473282560706,1.9847030639648438,-5.519830665434711e-05,-0.003495550248771906,-0.00022497816826216877,-0.006251396145671606,-0.003495550248771906,0.0005680623580701649,0.0,0.4947734475135803,0.5,0.5,0.5,0.5
4.0,14.426172433924027,-0.0004506528493948281,8.134661038639024e-05,0.00015304534463211894,-0.0004506528493948281,0.00015304534463211894,-0.0004506528493948281,13.421393394470215,0.018829748034477234,4.816498756408691,8.134661038639024e-05,-0.00022531644208356738,1.993754506111145,-3.955841748393141e-05,-0.003529762849211693,-0.00030667116516269743,0.0022451120894402266,-0.003529762849211693,0.0005173496901988983,0.0,0.4960376024246216,0.5,0.5,0.5,0.5
4.1,14.918168724550206,-0.00047646852908656,7.834377902327105e-05,0.00016100579523481429,-0.00047646852908656,0.00016100579523481429,-0.00047646852908656,13.91312313079834,0.018795961514115334,5.016181468963623,7.834377902327105e-05,-0.00022649313905276358,1.9990755319595337,-4.604205605573952e-05,-0.003550807712599635,-0.0001288758940063417,0.0012844052398577332,-0.003550807712599635,0.00046798898256383836,0.0,0.496503084897995,0.5,0.5,0.5,0.5
4.2,15.43013050543194,-0.0005006015999242663,7.793050463078544e-05,0.00016880630573723465,-0.0005006015999242663,0.00016880630573723465,-0.0005006015999242663,14.424842834472656,0.018764186650514603,5.216278076171875,7.793050463078544e-05,-0.00022779108257964253,2.0022037029266357,-4.2928360926453024e-05,-0.0035608483012765646,-0.00010046995885204524,-0.00046184181701391935,-0.0035608483012765646,0.00042003599810414016,0.0,0.49649563431739807,0.5,0.5,0.5,0.5
4.3,15.96209861138273,-0.0005224276101216674,7.783930777804926e-05,0.0001766011700965464,-0.0005224276101216674,0.0001766011700965464,-0.0005224276101216674,14.956586837768555,0.018734611570835114,5.416618824005127,7.783930777804926e-05,-0.00022910715779289603,2.0040626525878906,-3.223431849619374e-05,-0.003574325470253825,-0.0001729001523926854,-0.0007553407340310514,-0.003574325470253825,0.0003736304643098265,0.0,0.4962078332901001,0.5,0.5,0.5,0.5
4.4,16.514098678692434,-0.0005417891079559922,7.665334123885259e-05,0.00018433626974001527,-0.0005417891079559922,0.00018433626974001527,-0.0005417891079559922,15.50837230682373,0.018707504495978355,5.6171040534973145,7.665334123885259e-05,-0.0002303513028891757,2.005154609680176,-2.6301744583179243e-05,-0.0035947165451943874,-0.0002259569155285135,-0.0002737529866863042,-0.0035947165451943874,0.00032903411192819476,0.0,0.49575403332710266,0.5,0.5,0.5,0.5
4.5,17.08614594919335,-0.0005586595507338643,7.457802712451667e-05,0.00019190354214515537,-0.0005586595507338643,0.00019190354214515537,-0.0005586595507338643,16.080211639404297,0.018683094531297684,5.817672252655029,7.457802712451667e-05,-0.00023154783411882818,2.0057663917541504,-2.8364085665089078e-05,-0.0036179302260279655,-0.00023251450329553336,7.426057709380984e-05,-0.0036179302260279655,0.00028648515581153333,0.0,0.4952039420604706,0.5,0.5,0.5,0.5
4.6000000000000005,17.678249091195354,-0.000572944525629282,7.218604150693864e-05,0.00019924412481486797,-0.000572944525629282,0.00019924412481486797,-0.000572944525629282,16.672109603881836,0.018661530688405037,6.018284797668457,7.218604150693864e-05,-0.0002327450056327507,2.0060765743255615,-3.4186537959612906e-05,-0.0036406703293323517,-0.00022225166321732104,9.111867257161066e-05,-0.0036406703293323517,0.00024613121058791876,0.0,0.49460095167160034,0.5,0.5,0.5,0.5
4.7,18.290412765521324,-0.0005845124833285809,6.965681677684188e-05,0.00020633896929211915,-0.0005845124833285809,0.00020633896929211915,-0.0005845124833285809,17.284069061279297,0.018642917275428772,6.218918323516846,6.965681677684188e-05,-0.00023394568415824324,2.0062015056610107,-4.0041279135039076e-05,-0.0036625987850129604,-0.00021788125741295516,7.456155799445696e-07,-0.0036625987850129604,0.00020806358952540904,0.0,0.49397197365760803,0.5,0.5,0.5,0.5
4.8,18.922639680345387,-0.0005932759959250689,6.689923611702397e-05,0.0002131697692675516,-0.0005932759959250689,0.0002131697692675516,-0.0005932759959250689,17.916093826293945,0.018627336248755455,6.41957950592041,6.689923611702397e-05,-0.00023514445638284087,2.0071372985839844,-5.2912688261130825e-05,-0.003684344934299588,-0.0002135884133167565,0.0006283305701799691,-0.003684344934299588,0.00017235896666534245,0.0,0.49332165718078613,0.5,0.5,0.5,0.5
4.9,19.574941980169623,-0.0005992392543703318,6.40644138911739e-05,0.00021972032845951617,-0.0005992392543703318,0.00021972032845951617,-0.0005992392543703318,18.568191528320312,0.01861482299864292,6.620401382446289,6.40644138911739e-05,-0.00023636975674889982,2.009150743484497,-6.141735502751544e-05,-0.0037037807051092386,-0.00019036153389606625,-0.0003278975491411984,-0.0037037807051092386,0.00013903902436140925,0.0,0.49253344535827637,0.5,0.5,0.5,0.5
5.0,20.247346966753696,-0.0006024389294907451,6.122704508015886e-05,0.00022598514624405652,-0.0006024389294907451,0.00022598514624405652,-0.0006024389294907451,19.240386962890625,0.01860538125038147,6.821577548980713,6.122704508015886e-05,-0.00023768562823534012,2.0138518810272217,-7.933427696116269e-05,-0.0037212553434073925,-0.00014902027032803744,-0.000304895278532058,-0.0037212553434073925,0.00010809460945893079,0.0,0.4914373755455017,0.5,0.5,0.5,0.5
5.1000000000000005,20.939897021477428,-0.0006029029609635472,5.82551583647728e-05,0.0002319656778126955,-0.0006029029609635472,0.0002319656778126955,-0.0006029029609635472,19.932722091674805,0.018599001690745354,7.0231404304504395,5.82551583647728e-05,-0.0002389117726124823,2.016772747039795,-8.486327715218067e-05,-0.003737612394616008,-0.00017569890769664198,-0.00013768435746897012,-0.003737612394616008,7.94980805949308e-05,0.0,0.48994308710098267,0.5,0.5,0.5,0.5
5.2,21.652616276012065,-0.000600601895712316,5.4779520723968744e-05,0.00023762158525642008,-0.000600601895712316,0.00023762158525642008,-0.000600601895712316,20.64522361755371,0.018595747649669647,7.224920272827148,5.4779520723968744e-05,-0.00024003717408049852,2.0182597637176514,-9.67384985415265e-05,-0.003755191806703806,-0.00017227919306606054,0.00010713950177887455,-0.003755191806703806,5.330638668965548e-05,0.0,0.4882039725780487,0.5,0.5,0.5,0.5
5.3,22.385515736986218,-0.0005955068627372384,5.1235416322015226e-05,0.0002429235028102994,-0.0005955068627372384,0.0002429235028102994,-0.0005955068627372384,21.377910614013672,0.018595615401864052,7.426797389984131,5.1235416322015226e-05,-0.00024108086654450744,2.018800735473633,-0.00010907164687523618,-0.003771895542740822,-0.00016289306222461164,5.0863738579209894e-05,-0.003771895542740822,2.951503120129928e-05,0.0,0.48634591698646545,0.5,0.5,0.5,0.5
5.4,23.13860032878499,-0.0005876014474779367,4.772494503413327e-05,0.0002478735987097025,-0.0005876014474779367,0.0002478735987097025,-0.0005876014474779367,22.130786895751953,0.018598586320877075,7.6287007331848145,4.772494503413327e-05,-0.0002420186356175691,2.0188283920288086,-0.00011949499457841739,-0.0037880728486925364,-0.00016174012853298336,-9.876112926576752e-06,-0.0037880728486925364,8.089858056337107e-06,0.0,0.48444852232933044,0.5,0.5,0.5,0.5
5.5,23.911871614467596,-0.0005769348354078829,4.412385533214547e-05,0.0002524687733966857,-0.0005769348354078829,0.0002524687733966857,-0.0005769348354078829,22.903852462768555,0.018604647368192673,7.830593109130859,4.412385533214547e-05,-0.00024283002130687237,2.018603563308716,-0.00013148694415576756,-0.0038042471278458834,-0.00015989139501471072,6.245890108402818e-05,-0.0038042471278458834,-1.0998121979355346e-05,0.0,0.4825546443462372,0.5,0.5,0.5,0.5
5.6000000000000005,24.705328689081018,-0.0005636001587845385,4.0439503209199756e-05,0.0002566991315688938,-0.0005636001587845385,0.0002566991315688938,-0.0005636001587845385,23.697105407714844,0.018613768741488457,8.032452583312988,4.0439503209199756e-05,-0.00024351627507712692,2.018174409866333,-0.00014586772886104882,-0.0038199357222765684,-0.00015352864284068346,0.00011004090629285201,-0.0038199357222765684,-2.779151327558793e-05,0.0,0.48068878054618835,0.5,0.5,0.5,0.5
5.7,25.518968135726467,-0.0005476868245750666,3.680638110381551e-05,0.0002605619083624333,-0.0005476868245750666,0.0002605619083624333,-0.0005476868245750666,24.510543823242188,0.018625888973474503,8.23426628112793,3.680638110381551e-05,-0.00024411581398453563,2.017719268798828,-0.00016525406681466848,-0.003834458766505122,-0.00013576014316640794,0.00020324742945376784,-0.003834458766505122,-4.236634777043946e-05,0.0,0.47886618971824646,0.5,0.5,0.5,0.5
5.8,26.352787097672675,-0.0005292781279422343,3.3417949452996254e-05,0.00026407119003124535,-0.0005292781279422343,0.00026407119003124535,-0.0005292781279422343,25.344160079956055,0.018640894442796707,8.436070442199707,3.3417949452996254e-05,-0.00024469869094900787,2.018223524093628,-0.00019159457588102669,-0.0038467012345790863,-0.00010495754395378754,0.0006156059098429978,-0.0038467012345790863,-5.4856285714777187e-05,0.0,0.4772992432117462,0.5,0.5,0.5,0.5
5.9,27.206788607125173,-0.0005084612057544291,3.041343006771058e-05,0.00026726358919404447,-0.0005084612057544291,0.00026726358919404447,-0.0005084612057544291,26.197959899902344,0.018658630549907684,8.637860298156738,3.041343006771058e-05,-0.000245194707531482,2.016411781311035,-0.000192080537090078,-0.0038569641765207052,-0.00011721694318111986,-0.0005743168876506388,-0.0038569641765207052,-6.543342169607058e-05,0.0,0.47554588317871094,0.5,0.5,0.5,0.5
6.0,28.08095235444247,-0.00048519420670345426,2.7135965865454637e-05,0.0002701437915675342,-0.00048519420670345426,0.0002701437915675342,-0.00048519420670345426,27.071924209594727,0.018679091706871986,8.839373588562012,2.7135965865454637e-05,-0.00024552838294766843,2.0132453441619873,-0.00020779180340468884,-0.003869836451485753,-0.00012351594341453165,0.0005469039897434413,-0.003869836451485753,-7.411673141177744e-05,0.0,0.47406142950057983,0.5,0.5,0.5,0.5
6.1000000000000005,28.9752429396571,-0.0004595555074047297,2.3821459762984887e-05,0.000272693345323205,-0.0004595555074047297,0.000272693345323205,-0.0004595555074047297,27.966020584106445,0.01870221272110939,9.040492057800293,2.3821459762984887e-05,-0.0002457107766531408,2.0089833736419678,-0.00021990299865137786,-0.003882072865962982,-0.00012620970665011555,0.00026210054056718946,-0.003882072865962982,-8.097450336208567e-05,0.0,0.4729817807674408,0.5,0.5,0.5,0.5
6.2,29.889622408078072,-0.0004316768900025636,2.0622544980142266e-05,0.0002749145496636629,-0.0004316768900025636,0.0002749145496636629,-0.0004316768900025636,28.880212783813477,0.01872788928449154,9.2412691116333,2.0622544980142266e-05,-0.0002458438102621585,2.0063912868499756,-0.00024246916291303933,-0.0038927802816033363,-9.174590377369896e-05,0.0002170189400203526,-0.0038927802816033363,-8.611393423052505e-05,0.0,0.4722411036491394,0.5,0.5,0.5,0.5
6.3,30.82406884490486,-0.00040177052142098546,1.7826041585067287e-05,0.0002768353442661464,-0.00040177052142098546,0.0002768353442661464,-0.00040177052142098546,29.814470291137695,0.018755946308374405,9.44184684753418,1.7826041585067287e-05,-0.00024595053400844336,2.0049233436584473,-0.00026470617740415037,-0.003900922369211912,-7.137250213418156e-05,0.00020929846505168825,-0.003900922369211912,-8.972886280389503e-05,0.0,0.47168296575546265,0.5,0.5,0.5,0.5
6.4,31.77856960669948,-0.00036998794530518353,1.5429333870997652e-05,0.0002784938842523843,-0.00036998794530518353,0.0002784938842523843,-0.00036998794530518353,30.76877784729004,0.018786203116178513,9.64230728149414,1.5429333870997652e-05,-0.00024606380611658096,2.003356456756592,-0.00028213844052515924,-0.003907109145075083,-7.17830189387314e-05,-0.0008575695101171732,-0.003907109145075083,-9.201533976010978e-05,0.0,0.47123122215270996,0.5,0.5,0.5,0.5
6.5,32.753093006569515,-0.00033627383527345955,1.293932473345194e-05,0.0002799229114316404,-0.00033627383527345955,0.0002799229114316404,-0.00033627383527345955,31.743112564086914,0.018818600103259087,9.842218399047852,1.293932473345194e-05,-0.0002458824310451746,1.9944055080413818,-0.00026476604398339987,-0.003915872424840927,-0.00013009243411943316,-0.00018308144353795797,-0.003915872424840927,-9.304560080636293e-05,0.0,0.47125330567359924,0.5,0.5,0.5,0.5
6.6000000000000005,33.74754860114967,-0.00030048348708078265,9.939873052644543e-06,0.00028107035905122757,-0.00030048348708078265,0.00028107035905122757,-0.00030048348708078265,32.737388610839844,0.01885322481393814,10.041159629821777,9.939873052644543e-06,-0.00024548874353058636,1.9828615188598633,-0.00025500726769678295,-0.003928169142454863,-0.00012449899804778397,-0.0009639579802751541,-0.003928169142454863,-9.271026647184044e-05,0.0,0.47211208939552307,0.5,0.5,0.5,0.5
6.7,34.761824067329954,-0.00026266276836395264,6.6391776272212155e-06,0.0002819035144057125,-0.00026266276836395264,0.0002819035144057125,-0.00026266276836395264,33.751502990722656,0.01889009214937687,10.238951683044434,6.6391776272212155e-06,-0.0002448763116262853,1.973449468612671,-0.00028678576927632093,-0.003941931761801243,-9.113592386711389e-05,0.0018987979274243116,-0.003941931761801243,-9.098590817302465e-05,0.0,0.47410836815834045,0.5,0.5,0.5,0.5
6.8,35.79583653255397,-0.00022326753241941333,3.720018867170438e-06,0.000282409368082881,-0.00022326753241941333,0.000282409368082881,-0.00022326753241941333,34.78535461425781,0.018928956240415573,10.436055183410645,3.720018867170438e-06,-0.0002443335542920977,1.9688478708267212,-0.0003208325360901654,-0.003948200028389692,-5.5402881116606295e-05,-0.0001606872829142958,-0.003948200028389692,-8.811371662886813e-05,0.0,0.47687986493110657,0.5,0.5,0.5,0.5
6.9,36.849549167068275,-0.00018262625962961465,2.090031102852663e-06,0.0002826944983098656,-0.00018262625962961465,0.0002826944983098656,-0.00018262625962961465,35.83890151977539,0.01896948553621769,10.632848739624023,2.090031102852663e-06,-0.00024390699400100857,1.9669866561889648,-0.0003569943073671311,-0.003951913211494684,-1.6873791537364013e-05,0.00039720392669551075,-0.003951913211494684,-8.445804996881634e-05,0.0,0.48002520203590393,0.5,0.5,0.5,0.5
7.0,37.92294389533138,-0.00014087805175222456,1.2865834833064582e-06,0.0002828535216394812,-0.00014087805175222456,0.0002828535216394812,-0.00014087805175222456,36.91211700439453,0.019011355936527252,10.8294677734375,1.2865834833064582e-06,-0.00024364145065192133,1.9616245031356812,-0.0004161873657722026,-0.003952329512685537,-1.2390180017973762e-05,-0.009423988871276379,-0.003952329512685537,-8.035257633309811e-05,0.0,0.4734860360622406,0.5,0.5,0.5,0.5
7.1000000000000005,39.011353972667386,-0.00010208912863163278,-0.0006948410882614553,0.0002638507867231965,-0.00010208912863163278,0.0002638507867231965,-0.00010208912863163278,38.0015754699707,0.019069382920861244,10.896849632263184,-0.0006948410882614553,-0.0001724514295347035,-0.9680898189544678,0.012090451084077358,-0.0012337855296209455,0.02772589586675167,-2.3175065517425537,-0.0012337855296209455,-5.644118573400192e-05,0.0,0.0,0.5,0.5,0.5,0.5
7.2,40.09516843402698,-3.411780562601052e-05,-0.0006778224487788975,0.0001918250200105831,-3.411780562601052e-05,0.0001918250200105831,-3.411780562601052e-05,39.08955764770508,0.019174570217728615,10.872932434082031,-0.0006778224487788975,-0.00011318641918478534,-0.1304255574941635,-0.002500437432900071,-0.002226356416940689,0.02145003341138363,-0.02205771580338478,-0.002226356416940689,3.1710067560197785e-05,0.0,0.0,0.5,0.5,0.5,0.5
7.3,41.178879810410685,8.983043699117843e-06,-0.0004127110878471285,0.0001375340361846611,8.983043699117843e-06,0.0001375340361846611,8.983043699117843e-06,40.17618179321289,0.019257942214608192,10.859684944152832,-0.0004127110878471285,-5.502744534169324e-05,-0.13345389068126678,0.0015704635297879577,-0.0014442940009757876,-0.0020357309840619564,-0.06052142009139061,-0.0014442940009757876,9.205537207890302e-05,0.0,0.0,0.5,0.5,0.5,0.5
7.4,42.263661718950395,4.6510176616720855e-05,-1.2069469448761083e-05,0.00010612128971843049,4.6510176616720855e-05,0.00010612128971843049,4.6510176616720855e-05,41.26201248168945,0.019353199750185013,10.892868041992188,-1.2069469448761083e-05,-2.896249498007819e-05,2.5074431896209717,-0.011209671385586262,-0.0028369200881570578,-0.05276293680071831,3.7323901653289795,-0.0028369200881570578,0.00015614372387062758,0.0,0.0,0.5,0.5,0.5,0.5
7.5,43.3616750240988,4.992000322090462e-05,0.00011862844257848337,0.00011091797932749614,4.992000322090462e-05,0.00011091797932749614,4.992000322090462e-05,42.35804748535156,0.019395848736166954,10.987586975097656,0.00011862844257848337,-5.7277695304946974e-05,0.8513190746307373,-0.002136102644726634,-0.0016472816932946444,-0.0313534252345562,-0.2141583263874054,-0.0016472816932946444,0.00015641606296412647,0.0,0.39935949444770813,0.5,0.5,0.5,0.5
7.6000000000000005,44.46805974346385,0.00010567317076493055,0.0003661920491140336,0.00013665211736224592,0.00010567317076493055,0.00013665211736224592,0.00010567317076493055,43.46261215209961,0.019432051107287407,11.114067077636719,0.0003661920491140336,-0.00012510569649748504,1.5539721250534058,-0.003831054549664259,-0.002705492079257965,0.0015904210740700364,-0.02693641558289528,-0.002705492079257965,0.00014603242743760347,0.0,0.63209068775177,0.5,0.5,0.5,0.5
7.7,45.589352811365224,0.00016569506260566413,0.00038816523738205433,0.00017668223881628364,0.00016569506260566413,0.00017668223881628364,0.00016569506260566413,44.5817756652832,0.01943683996796608,11.266816139221191,0.00038816523738205433,-0.0001737041602609679,1.5187684297561646,0.00045316049363464117,-0.0026808094698935747,-0.003233327530324459,-0.0463574081659317,-0.0026808094698935747,0.00010020883200922981,0.0,0.6144303679466248,0.5,0.5,0.5,0.5
7.8,46.72516863124709,0.0002259303000755608,0.000263371504843235,0.00020954213687218726,0.0002259303000755608,0.00020954213687218726,0.0002259303000755608,45.716217041015625,0.019445335492491722,11.421586990356445,0.000263371504843235,-0.00019726376922335476,1.5831069946289062,0.001179933431558311,-0.003048919141292572,-0.003692134516313672,0.002746935933828354,-0.003048919141292572,5.940411938354373e-05,0.0,0.639111340045929,0.5,0.5,0.5,0.5
7.9,47.87624564054408,0.00027899499400518835,0.00015716516645625234,0.00023039025836624205,0.00027899499400518835,0.00023039025836624205,0.00027899499400518835,46.86650466918945,0.019466333091259003,11.58385944366455,0.00015716516645625234,-0.00020715329446829855,1.6627542972564697,0.0009252085583284497,-0.003362233517691493,-0.002160941483452916,0.0174778550863266,-0.003362233517691493,3.34792748617474e-05,0.0,0.6691538095474243,0.5,0.5,0.5,0.5
8.0,49.04371748109821,0.00032452185405418277,9.385634621139616e-05,0.00024251837749034166,0.00032452185405418277,0.00024251837749034166,0.00032452185405418277,48.033416748046875,0.01949896104633808,11.753931999206543,9.385634621139616e-05,-0.00021055946126580238,1.7369410991668701,0.0006157091702334583,-0.0035772204864770174,-0.002196083078160882,0.004498281516134739,-0.0035772204864770174,2.0584597223205492e-05,0.0,0.6958456039428711,0.5,0.5,0.5,0.5
8.1,50.2284830576819,0.00036624589120037854,5.743869041907601e-05,0.000249993521720171,0.00036624589120037854,0.000249993521720171,0.00036624589120037854,49.21769332885742,0.01953994669020176,11.930898666381836,5.743869041907601e-05,-0.00021388285676948726,1.8006041049957275,-0.00010330095392419025,-0.0037180494982749224,-0.000745326979085803,0.01420125924050808,-0.0037180494982749224,1.648812940402422e-05,0.0,0.7173258066177368,0.5,0.5,0.5,0.5
8.2,51.43121070135935,0.0004067406407557428,4.755469490191899e-05,0.00025505723897367716,0.0004067406407557428,0.00025505723897367716,0.0004067406407557428,50.41996765136719,0.019583776593208313,12.113642692565918,4.755469490191899e-05,-0.00021892435324843973,1.8522651195526123,-0.0005488540045917034,-0.003799579804763198,-0.0006006145267747343,0.0031536605674773455,-0.003799579804763198,1.5334648196585476e-05,0.0,0.7337074279785156,0.5,0.5,0.5,0.5
8.3,52.65241426506464,0.0004488348786253482,4.447135142982006e-05,0.0002597048878669739,0.0004488348786253482,0.0002597048878669739,0.0004488348786253482,51.6407585144043,0.019626447930932045,12.300966262817383,4.447135142982006e-05,-0.0002262508060084656,1.89272940158844,-0.0007673617801629007,-0.003819073084741831,0.00011935523070860654,-0.004099844489246607,-0.003819073084741831,1.2794250324077439e-05,0.0,0.7458322048187256,0.5,0.5,0.5,0.5
8.4,53.89249926655199,0.0004917640471830964,4.1809780668700114e-05,0.00026403056108392775,0.0004917640471830964,0.00026403056108392775,0.0004917640471830964,52.880470275878906,0.019666189327836037,12.491872787475586,4.1809780668700114e-05,-0.0002332224976271391,1.924230694770813,-0.0006292323232628405,-0.0038143948186188936,-7.712784281466156e-05,-0.004381461068987846,-0.0038143948186188936,7.111970262485556e-06,0.0,0.7545425295829773,0.5,0.5,0.5,0.5
8.5,55.15178884058826,0.000535333703737706,3.785654917010106e-05,0.00026807922404259443,0.000535333703737706,0.00026807922404259443,0.000535333703737706,54.13941955566406,0.01970420777797699,12.685566902160645,3.785654917010106e-05,-0.00023828951816540211,1.9485887289047241,-0.00043597997864708304,-0.003835886949673295,-0.0002118955017067492,-0.00043253417243249714,-0.003835886949673295,-5.656818302668398e-07,0.0,0.760566234588623,0.5,0.5,0.5,0.5
8.6,56.430535418167345,0.0005783651722595096,2.6137071472476237e-05,0.0002713078574743122,0.0005783651722595096,0.0002713078574743122,0.0005783651722595096,55.417850494384766,0.019742310047149658,12.881417274475098,2.6137071472476237e-05,-0.00024142256006598473,1.967410683631897,-0.0003425434697419405,-0.0038481552619487047,-0.00014600368740502745,-0.0006381687708199024,-0.0038481552619487047,-8.340517524629831e-06,0.0,0.764504611492157,0.5,0.5,0.5,0.5
8.700000000000001,57.72893301065744,0.0006200972711667418,1.4017642570252065e-05,0.0002732998109422624,0.0006200972711667418,0.0002732998109422624,0.0006200972711667418,56.7159538269043,0.019781433045864105,13.078924179077148,1.4017642570252065e-05,-0.00024297770869452506,1.981911540031433,-0.00036673169233836234,-0.003852794412523508,-6.15982912677282e-07,0.0007963607204146683,-0.003852794412523508,-1.5153774256759789e-05,0.0,0.7668374180793762,0.5,0.5,0.5,0.5
8.8,59.047130570122455,0.0006608226685784757,6.413153187168064e-06,0.0002742813085205853,0.0006608226685784757,0.0002742813085205853,0.0006608226685784757,58.03387451171875,0.019821537658572197,13.27771282196045,6.413153187168064e-06,-0.00024383989511989057,1.993048071861267,-0.0004278980486560613,-0.0038486544508486986,8.023167902138084e-05,0.0006771735497750342,-0.0038486544508486986,-2.1026651666034013e-05,0.0,0.7679277658462524,0.5,0.5,0.5,0.5
8.9,60.385242415777235,0.0007011890411376953,3.308260602352675e-06,0.0002747414691839367,0.0007011890411376953,0.0002747414691839367,0.0007011890411376953,59.371726989746094,0.019862107932567596,13.477471351623535,3.308260602352675e-06,-0.0002445954305585474,2.0014631748199463,-0.00047655226080678403,-0.0038375365547835827,0.0001342346949968487,0.0002299998450325802,-0.0038375365547835827,-2.6508412702241912e-05,0.0,0.7681006789207458,0.5,0.5,0.5,0.5
9.0,61.74335685493153,0.0007416262524202466,2.96456482828944e-06,0.00027503285673446953,0.0007416262524202466,0.00027503285673446953,0.0007416262524202466,60.72959518432617,0.019902711734175682,13.677992820739746,2.96456482828944e-06,-0.0002453693305142224,2.00834584236145,-0.0004810551763512194,-0.003825222607702017,7.784641638863832e-05,-0.0007736124098300934,-0.003825222607702017,-3.203286905772984e-05,0.0,0.7677127122879028,0.5,0.5,0.5,0.5
9.1,63.12154551334209,0.0007824512431398034,3.5970440421806416e-06,0.00027536635752767324,0.0007824512431398034,0.00027536635752767324,0.0007824512431398034,62.107547760009766,0.01994330994784832,13.87911319732666,3.5970440421806416e-06,-0.0002460802788846195,2.01322603225708,-0.0004630927578546107,-0.003819436766207218,3.6356963391881436e-05,-0.0012875935062766075,-0.003819436766207218,-3.761379048228264e-05,0.0,0.7663406133651733,0.5,0.5,0.5,0.5
9.200000000000001,64.51983230070164,0.0008237972506321967,2.9739442197751487e-06,0.0002757218899205327,0.0008237972506321967,0.0002757218899205327,0.0008237972506321967,63.505611419677734,0.019984226673841476,14.07988452911377,2.9739442197751487e-06,-0.00024628412211313844,1.9944626092910767,-0.00027863471768796444,-0.0038200572598725557,-0.00010487130930414423,-0.008343365974724293,-0.0038200572598725557,-4.284457099856809e-05,0.0,0.7543920278549194,0.5,0.5,0.5,0.5
9.3,65.93796366577524,0.0008675644057802856,-9.955728046406875e-07,0.0002758909249678254,0.0008675644057802856,0.0002758909249678254,0.0008675644057802856,64.92359161376953,0.02002718485891819,14.276656150817871,-9.955728046406875e-07,-0.00024445776944048703,1.93342924118042,2.1738676878158003e-05,-0.003857460804283619,-0.0005551829235628247,-0.0034017744474112988,-0.003857460804283619,-4.584881753544323e-05,0.0,0.7288171052932739,0.5,0.5,0.5,0.5
9.4,67.37528233954595,0.0009153130231425166,-2.034700446529314e-05,0.0002748679253272712,0.0009153130231425166,0.0002748679253272712,0.0009153130231425166,66.36087799072266,0.02007448486983776,14.465603828430176,-2.034700446529314e-05,-0.00024019417469389737,1.8393446207046509,0.00025080537307076156,-0.003877948271110654,-0.00038387178210541606,0.019613921642303467,-0.003877948271110654,-4.390569301904179e-05,0.0,0.6936548948287964,0.5,0.5,0.5,0.5
9.5,68.8308345215757,0.0009668112616054714,-4.9531790864421055e-05,0.0002714197908062488,0.0009668112616054714,0.0002714197908062488,0.0009668112616054714,67.81653594970703,0.02012771926820278,14.643957138061523,-4.9531790864421055e-05,-0.00023283691552933306,1.7231266498565674,0.0003691479505505413,-0.003872485365718603,-0.000241797388298437,0.0022135861217975616,-0.003872485365718603,-3.495869896141812e-05,0.0,0.6526843905448914,0.5,0.5,0.5,0.5
9.6,70.30347599049912,0.0010207241866737604,-8.318261097883806e-05,0.0002647981746122241,0.0010207241866737604,0.0002647981746122241,0.0010207241866737604,69.2894287109375,0.02018718607723713,14.809980392456055,-8.318261097883806e-05,-0.0002226556680398062,1.5940974950790405,0.0002901966799981892,-0.0038238167762756348,0.0003200918436050415,-0.023854363709688187,-0.0038238167762756348,-1.8371933037997223e-05,0.0,0.6088579297065735,0.5,0.5,0.5,0.5
9.700000000000001,71.79195012583196,0.0010752762900665402,-0.00011787127004936337,0.00025480796466581523,0.0010752762900665402,0.00025480796466581523,0.0010752762900665402,70.77825164794922,0.020251629874110222,14.962746620178223,-0.00011787127004936337,-0.0002105821913573891,1.4590917825698853,3.5464621760183945e-05,-0.0037082822527736425,0.0012604111107066274,-0.030703051015734673,-0.0037082822527736425,4.813332907360746e-06,0.0,0.5643889904022217,0.5,0.5,0.5,0.5
9.8,73.2949465830255,0.0011282814666628838,-0.00014729653776157647,0.00024164552451111376,0.0011282814666628838,0.00024164552451111376,0.0011282814666628838,72.28166961669922,0.02031838707625866,15.101969718933105,-0.00014729653776157647,-0.00019735431123990566,1.3241785764694214,-0.00035925142583437264,-0.0035283176694065332,0.002436175011098385,-0.008499235846102238,-0.0035283176694065332,3.206679321010597e-05,0.0,0.5210742354393005,0.5,0.5,0.5,0.5
9.9,74.81115144271551,0.001178160309791565,-0.00016400062304455787,0.00022616297064814717,0.001178160309791565,0.00022616297064814717,0.001178160309791565,73.79833221435547,0.020384473726153374,15.227853775024414,-0.00016400062304455787,-0.0001834806753322482,1.193008542060852,-0.0006344161229208112,-0.003313568187877536,0.0027666431851685047,-0.0034807424526661634,-0.003313568187877536,6.035262777004391e-05,0.0,0.4799725413322449,0.5,0.5,0.5,0.5
10.0,76.33928073017566,0.0012235442409291863,-0.00017042896070051938,0.00020931463222950697,0.0012235442409291863,0.00020931463222950697,0.0012235442409291863,75.32693481445312,0.020447298884391785,15.340893745422363,-0.00017042896070051938,-0.00016954350576270372,1.0677868127822876,-0.0007391265826299787,-0.003072744468227029,0.002560212044045329,0.005062046926468611,-0.003072744468227029,8.698531746631488e-05,0.0,0.441662073135376,0.5,0.5,0.5,0.5
10.1,77.87810215891591,0.0012639409396797419,-0.00017189104983117431,0.00019209230958949775,0.0012639409396797419,0.00019209230958949775,0.0012639409396797419,76.8662109375,0.02050524204969406,15.44176959991455,-0.00017189104983117431,-0.00015619117766618729,0.9499496817588806,-0.0006616436876356602,-0.0028090381529182196,0.0022628598380833864,-0.029871812090277672,-0.0028090381529182196,0.00011023566185031086,0.0,0.40647149085998535,0.5,0.5,0.5,0.5
10.200000000000001,79.4264501786155,0.0013000224716961384,-0.0001626934827072546,0.00017539877444505692,0.0013000224716961384,0.00017539877444505692,0.0013000224716961384,78.41500091552734,0.020557645708322525,15.531270980834961,-0.0001626934827072546,-0.0001433861325494945,0.8407154083251953,-0.0007423136848956347,-0.0025915212463587523,0.002209617290645838,-0.0010074212914332747,-0.0025915212463587523,0.0001293634995818138,0.0,0.3745560348033905,0.5,0.5,0.5,0.5
10.3,80.98323934623515,0.0013315812684595585,-0.00015325486310757697,0.00015953414549585432,0.0013315812684595585,0.00015953414549585432,0.0013315812684595585,79.97219848632812,0.020604131743311882,15.6102933883667,-0.00015325486310757697,-0.00013133515312802047,0.74054354429245,-0.0005778826889581978,-0.002372688613831997,0.0017559677362442017,-0.017695313319563866,-0.002372688613831997,0.00014405878027901053,0.0,0.3458912670612335,0.5,0.5,0.5,0.5
10.4,82.54747266909462,0.0013600236270576715,-0.00014002900570631027,0.00014490095782093704,0.0013600236270576715,0.00014490095782093704,0.0013600236270576715,81.53681945800781,0.02064548060297966,15.67976188659668,-0.00014002900570631027,-0.00011988223559455946,0.6495165228843689,-0.0005495308432728052,-0.0022065644152462482,0.0016572189051657915,-0.0033191144466400146,-0.0022065644152462482,0.00015514963888563216,0.0,0.3203516900539398,0.5,0.5,0.5,0.5
10.5,84.11824258384692,0.001385230803862214,-0.00012911835801787674,0.00013145990669727325,0.001385230803862214,0.00013145990669727325,0.001385230803862214,83.1079330444336,0.02068229764699936,15.740601539611816,-0.00012911835801787674,-0.00010925901005975902,0.567662239074707,-0.0004842404741793871,-0.0020555974915623665,0.0014615737600252032,-0.002385910600423813,-0.0020555974915623665,0.00016337618581019342,0.0,0.2977456748485565,0.5,0.5,0.5,0.5
10.6,85.69473028053955,0.001407201518304646,-0.00011826585978269577,0.00011904857092304155,0.001407201518304646,0.00011904857092304155,0.001407201518304646,84.68473052978516,0.02071508951485157,15.793678283691406,-0.00011826585978269577,-9.928889630828053e-05,0.49469080567359924,-0.00043570296838879585,-0.001931120757944882,0.0010978735517710447,0.008889073505997658,-0.001931120757944882,0.00016942126967478544,0.0,0.2778699994087219,0.5,0.5,0.5,0.5
10.700000000000001,87.27620351638596,0.0014260438038036227,-0.00011050195462303236,0.00010761430894490331,0.0014260438038036227,0.00010761430894490331,0.0014260438038036227,86.26648712158203,0.020744193345308304,15.839855194091797,-0.00011050195462303236,-9.031445370055735e-05,0.4293806850910187,-0.0004288424097467214,-0.0018147046212106943,0.0010891144629567862,-0.0021072428207844496,-0.0018147046212106943,0.00017378307529725134,0.0,0.26045793294906616,0.5,0.5,0.5,0.5
10.8,88.8620077650023,0.0014413126045837998,-0.00010341344022890553,9.691493323771283e-05,0.0014413126045837998,9.691493323771283e-05,0.0014413126045837998,87.85254669189453,0.02076943963766098,15.879891395568848,-0.00010341344022890553,-8.216924470616505e-05,0.3721083998680115,-0.0004536261549219489,-0.0017075479263439775,0.0010213227942585945,-0.0010310541838407516,-0.0017075479263439775,0.00017651224334258586,0.0,0.24528935551643372,0.5,0.5,0.5,0.5
10.9,90.45156741185295,0.0014529064064845443,-9.573152783559635e-05,8.695122960489243e-05,0.0014529064064845443,8.695122960489243e-05,0.0014529064064845443,89.44232177734375,0.020790554583072662,15.914543151855469,-9.573152783559635e-05,-7.492941222153604e-05,0.32125356793403625,-0.0004714754759334028,-0.0016105943359434605,0.0009518215665593743,0.0004915693425573409,-0.0016105943359434605,0.00017748922982718796,0.0,0.23208767175674438,0.5,0.5,0.5,0.5
11.0,92.04437129864961,0.0014607585035264492,-8.825734403217211e-05,7.774497498758137e-05,0.0014607585035264492,7.774497498758137e-05,0.0014607585035264492,91.03532409667969,0.020807286724448204,15.944415092468262,-8.825734403217211e-05,-6.856098480056971e-05,0.27681925892829895,-0.0004803773481398821,-0.0015210758429020643,0.0008412193856202066,-0.0009346071747131646,-0.0015210758429020643,0.0001766114291967824,0.0,0.22067636251449585,0.5,0.5,0.5,0.5
11.1,93.63997227676137,0.0014648704091086984,-7.965219265315682e-05,6.931662937859073e-05,0.0014648704091086984,6.931662937859073e-05,0.0014648704091086984,92.63109588623047,0.02081950567662716,15.970145225524902,-7.965219265315682e-05,-6.294463673839346e-05,0.2382849156856537,-0.0004525586555246264,-0.0014467944856733084,0.0005829778383485973,8.342583168996498e-05,-0.0014467944856733084,0.00017388843116350472,0.0,0.21079976856708527,0.5,0.5,0.5,0.5
11.200000000000001,95.23798225273498,0.0014653562102466822,-7.306979387067258e-05,6.170469714561477e-05,0.0014653562102466822,6.170469714561477e-05,0.0014653562102466822,94.22925567626953,0.020827272906899452,15.992267608642578,-7.306979387067258e-05,-5.817707278765738e-05,0.20437175035476685,-0.0004655233642552048,-0.0013786980416625738,0.000687712337821722,-0.0010076223406940699,-0.0013786980416625738,0.0001695114915492013,0.0,0.20226094126701355,0.5,0.5,0.5,0.5
11.3,96.83805853456347,0.001461836975067854,-6.77977004670538e-05,5.4662174079567194e-05,0.001461836975067854,5.4662174079567194e-05,0.001461836975067854,95.8294677734375,0.02083052694797516,16.011201858520508,-6.77977004670538e-05,-5.395390689955093e-05,0.17475073039531708,-0.00046276141074486077,-0.0013146481942385435,0.0006020924192853272,-0.0006703041144646704,-0.0013146481942385435,0.0001636223023524508,0.0,0.19493542611598969,0.5,0.5,0.5,0.5
11.4,98.43990232002926,0.0014543018769472837,-6.274211773416027e-05,4.8133322707144544e-05,0.0014543018769472837,4.8133322707144544e-05,0.0014543018769472837,97.43142700195312,0.020829275250434875,16.02738380432129,-6.274211773416027e-05,-5.024335769121535e-05,0.14930011332035065,-0.00045983566087670624,-0.0012578335590660572,0.0005345314275473356,-0.0006801761337555945,-0.0012578335590660572,0.000156394176883623,0.0,0.18864598870277405,0.5,0.5,0.5,0.5
11.5,100.04325729972689,0.0014427386922761798,-5.779778439318761e-05,4.210477709420957e-05,0.0014427386922761798,4.210477709420957e-05,0.0014427386922761798,99.03488159179688,0.02082352340221405,16.04120445251465,-5.779778439318761e-05,-4.7017041651997715e-05,0.1274150311946869,-0.0004543853283394128,-0.001207841793075204,0.00046314758947119117,-0.000710196269210428,-0.001207841793075204,0.00014797960466239601,0.0,0.18324014544487,0.5,0.5,0.5,0.5
11.6,101.64790269660047,0.0014271701220422983,-5.319398042047396e-05,3.655809996416792e-05,0.0014271701220422983,3.655809996416792e-05,0.0014271701220422983,100.63961029052734,0.02081329934298992,16.052989959716797,-5.319398042047396e-05,-4.424226062837988e-05,0.10859306901693344,-0.00044791356776840985,-0.001164311426691711,0.0004092235758434981,-0.000689363048877567,-0.001164311426691711,0.00013855937868356705,0.0,0.17859096825122833,0.5,0.5,0.5,0.5
11.700000000000001,103.25364825749517,0.0014076057123020291,-4.913920565741137e-05,3.1443840271094814e-05,0.0014076057123020291,3.1443840271094814e-05,0.0014076057123020291,102.24542999267578,0.020798657089471817,16.06302833557129,-4.913920565741137e-05,-4.185915895504877e-05,0.09240111708641052,-0.00044015879393555224,-0.0011264863424003124,0.00035030473372898996,-0.0005335104651749134,-0.0011264863424003124,0.00012834153312724084,0.0,0.17459075152873993,0.5,0.5,0.5,0.5
11.8,104.86033007158599,0.0013840512838214636,-4.567534779198468e-05,2.6707137294579297e-05,0.0013840512838214636,2.6707137294579297e-05,0.0013840512838214636,103.8521728515625,0.02077965997159481,16.071557998657227,-4.567534779198468e-05,-3.981124245910905e-05,0.07830125093460083,-0.0004323123721405864,-0.00109400087967515,0.000304411310935393,-0.0003319846873637289,-0.00109400087967515,0.00011754611477954313,0.0,0.17114998400211334,0.5,0.5,0.5,0.5
11.9,106.46780486369876,0.0013565004337579012,-4.292736412025988e-05,2.228038283647038e-05,0.0013565004337579012,2.228038283647038e-05,0.0013565004337579012,105.45970153808594,0.020756371319293976,16.078760147094727,-4.292736412025988e-05,-3.802977516897954e-05,0.06594018638134003,-0.00042633601697161794,-0.0010658861137926579,0.0002575820544734597,-0.00044517850619740784,-0.0010658861137926579,0.00010639989341143519,0.0,0.16821850836277008,0.5,0.5,0.5,0.5
12.0,108.07594766651017,0.0013249366311356425,-4.0654733311384916e-05,1.8103479305864312e-05,0.0013249366311356425,1.8103479305864312e-05,0.0013249366311356425,107.0678939819336,0.020728841423988342,16.084819793701172,-4.0654733311384916e-05,-3.647936318884604e-05,0.05542151629924774,-0.00042466187733225524,-0.0010422497289255261,0.0002163476892746985,-0.0003925177443306893,-0.0010422497289255261,9.5117196906358e-05,0.0,0.1657249927520752,0.5,0.5,0.5,0.5
12.1,109.68465246009809,0.0012893137754872441,-3.8754889828851447e-05,1.4135021956462879e-05,0.0012893137754872441,1.4135021956462879e-05,0.0012893137754872441,108.67664337158203,0.020697081461548805,16.089906692504883,-3.8754889828851447e-05,-3.5138564271619543e-05,0.04647058621048927,-0.000426098529715091,-0.0010225239675492048,0.0001793253468349576,-0.0003458940773271024,-0.0010225239675492048,8.38710693642497e-05,0.0,0.16360288858413696,0.5,0.5,0.5,0.5
12.200000000000001,111.29382893989666,0.0012495745904743671,-3.7207490095170215e-05,1.033902935887454e-05,0.0012495745904743671,1.033902935887454e-05,0.0012495745904743671,110.28585052490234,0.02066107466816902,16.094165802001953,-3.7207490095170215e-05,-3.39901635015849e-05,0.03885591775178909,-0.0004305295879021287,-0.0010062529472634196,0.0001472061121603474,-0.0002984072489198297,-0.0010062529472634196,7.280337013071403e-05,0.0,0.16179704666137695,0.5,0.5,0.5,0.5
12.3,112.90340012343734,0.0012056465493515134,-3.600305353756994e-05,6.680714704998536e-06,0.0012056465493515134,6.680714704998536e-06,0.0012056465493515134,111.89545440673828,0.020620770752429962,16.09772300720215,-3.600305353756994e-05,-3.301543620182201e-05,0.032380957156419754,-0.000437195529229939,-0.0009929693769663572,0.00011938418174395338,-0.00025989903951995075,-0.0009929693769663572,6.202746590133756e-05,0.0,0.16026100516319275,0.5,0.5,0.5,0.5
12.4,114.5133004396887,0.0011574366362765431,-3.513034607749432e-05,3.1263155051419744e-06,0.0011574366362765431,3.1263155051419744e-06,0.0011574366362765431,113.50537872314453,0.020576102659106255,16.10068130493164,-3.513034607749432e-05,-3.219235077267513e-05,0.02687925472855568,-0.0004455035086721182,-0.0009822872234508395,9.502615284873173e-05,-0.00022838040604256094,-0.0009822872234508395,5.1634015107993037e-05,0.0,0.15895549952983856,0.5,0.5,0.5,0.5
12.5,116.12347411217802,0.0011048316955566406,-3.457254570093937e-05,-3.5657919283949013e-07,0.0011048316955566406,-3.5657919283949013e-07,0.0011048316955566406,115.1155776977539,0.020526984706521034,16.103132247924805,-3.457254570093937e-05,-3.14979552058503e-05,0.022209594026207924,-0.0004553181352093816,-0.0009738884982652962,7.363435724982992e-05,-0.00020006202976219356,-0.0009738884982652962,4.16966067859903e-05,0.0,0.15784713625907898,0.5,0.5,0.5,0.5
12.6,117.73387377245217,0.0010477019241079688,-3.4302735002711415e-05,-3.7982163121341728e-06,0.0010477019241079688,-3.7982163121341728e-06,0.0010477019241079688,116.72599792480469,0.020473318174481392,16.105152130126953,-3.4302735002711415e-05,-3.09115021082107e-05,0.01825186423957348,-0.000466746132588014,-0.0009674894390627742,5.498690370586701e-05,-0.0001733120734570548,-0.0009674894390627742,3.2278552680509165e-05,0.0,0.15690751373767853,0.5,0.5,0.5,0.5
12.700000000000001,119.34445926620526,0.0009859036654233932,-3.428577838349156e-05,-7.225703484436963e-06,0.0009859036654233932,-7.225703484436963e-06,0.0009859036654233932,118.33659362792969,0.020414985716342926,16.1068058013916,-3.428577838349156e-05,-3.0415983928833157e-05,0.014903622679412365,-0.00047984972479753196,-0.0009628230473026633,3.891221058438532e-05,-0.00014872259635012597,-0.0009628230473026633,2.3430902729160152e-05,0.0,0.156112402677536,0.5,0.5,0.5,0.5
12.8,120.95519662364279,0.0009192817960865796,-3.448369534453377e-05,-1.0662439308362082e-05,0.0009192817960865796,-1.0662439308362082e-05,0.0009192817960865796,119.94734954833984,0.02035185508430004,16.108152389526367,-3.448369534453377e-05,-2.9998034733580425e-05,0.012077306397259235,-0.000494534382596612,-0.0009596440941095352,2.516273525543511e-05,-0.00012716909986920655,-0.0009596440941095352,1.518743738415651e-05,0.0,0.1554410457611084,0.5,0.5,0.5,0.5
12.9,122.56605717188673,0.0008476705406792462,-3.4862299798987806e-05,-1.412816891388502e-05,0.0008476705406792462,-1.412816891388502e-05,0.0008476705406792462,121.55821990966797,0.020283780992031097,16.10923957824707,-3.4862299798987806e-05,-2.96469825116219e-05,0.009697872214019299,-0.0005105873569846153,-0.0009577370365150273,1.3406863217824139e-05,-0.00010853039566427469,-0.0009577370365150273,7.56543477109517e-06,0.0,0.15487565100193024,0.5,0.5,0.5,0.5
13.0,124.17701677082103,0.0007708946359343827,-3.539408135111444e-05,-1.7639544239500538e-05,0.0007708946359343827,-1.7639544239500538e-05,0.0007708946359343827,123.169189453125,0.020210599526762962,16.110107421875,-3.539408135111444e-05,-2.9353810532484204e-05,0.007700881455093622,-0.0005277604213915765,-0.0009569156682118773,3.38952077072463e-06,-9.237748599844053e-05,-0.0009569156682118773,5.677907779499947e-07,0.0,0.15440092980861664,0.5,0.5,0.5,0.5
13.1,125.78805515634615,0.0006887702620588243,-3.6056673707207665e-05,-2.1210744307609275e-05,0.0006887702620588243,-2.1210744307609275e-05,0.0006887702620588243,124.78023529052734,0.020132141187787056,16.11079216003418,-3.6056673707207665e-05,-2.911052251874935e-05,0.006030924152582884,-0.0005458304076455534,-0.0009570184047333896,-5.126875748828752e-06,-7.842099876143038e-05,-0.0009570184047333896,-5.814376891066786e-06,0.0,0.15400376915931702,0.5,0.5,0.5,0.5
13.200000000000001,127.39915537650221,0.0006011063815094531,-3.6831017496297136e-05,-2.4853883587638848e-05,0.0006011063815094531,-2.4853883587638848e-05,0.0006011063815094531,126.39134216308594,0.020048225298523903,16.111324310302734,-3.6831017496297136e-05,-2.8909960747114383e-05,0.004640304483473301,-0.0005646212957799435,-0.0009579055476933718,-1.2341730325715616e-05,-6.627463881159201e-05,-0.0009579055476933718,-1.1595806427067146e-05,0.0,0.15367284417152405,0.5,0.5,0.5,0.5
13.3,129.0103033073253,0.0005077061359770596,-3.7700068787671626e-05,-2.8579283025464974e-05,0.0005077061359770596,-2.8579283025464974e-05,0.0005077061359770596,128.00250244140625,0.01995866186916828,16.11172866821289,-3.7700068787671626e-05,-2.8745806048391387e-05,0.003487910144031048,-0.0005840022349730134,-0.0009594555594958365,-1.8426548194838688e-05,-5.8902125601889566e-05,-0.0009594555594958365,-1.6793841496109962e-05,0.0,0.15339846909046173,0.5,0.5,0.5,0.5
13.4,130.62148723638657,0.000408368359785527,-3.864727113978006e-05,-3.239556463086046e-05,0.000408368359785527,-3.239556463086046e-05,0.000408368359785527,129.6136932373047,0.01986325904726982,16.112030029296875,-3.864727113978006e-05,-2.8612646929104812e-05,0.0025383972097188234,-0.0006038312567397952,-0.0009615675662644207,-2.3541906557511538e-05,-4.642433123080991e-05,-0.0009615675662644207,-2.143176425306592e-05,0.0,0.15317222476005554,0.5,0.5,0.5,0.5
13.5,132.23269750569486,0.00030288842390291393,-3.966073563788086e-05,-3.630996070569381e-05,0.00030288842390291393,-3.630996070569381e-05,0.00030288842390291393,131.2248992919922,0.019761815667152405,16.11224365234375,-3.966073563788086e-05,-2.8505808586487547e-05,0.0017613176023587584,-0.0006240333314053714,-0.0009641429642215371,-2.7794776542577893e-05,-3.872708111885004e-05,-0.0009641429642215371,-2.5537920009810477e-05,0.0,0.15298689901828766,0.5,0.5,0.5,0.5
13.6,133.8439262036908,0.00019105924002360553,-4.07280822400935e-05,-4.03284648200497e-05,0.00019105924002360553,-4.03284648200497e-05,0.00019105924002360553,132.8361358642578,0.019654134288430214,16.11238670349121,-4.07280822400935e-05,-2.8421271053957753e-05,0.0011303783394396305,-0.0006445129401981831,-0.0009671057923696935,-3.131202902295627e-05,-3.185846799169667e-05,-0.0009671057923696935,-2.91446631308645e-05,0.0,0.15283629298210144,0.5,0.5,0.5,0.5
13.700000000000001,135.4551668994572,7.267199544003233e-05,-4.183881537755951e-05,-4.4455933675635606e-05,7.267199544003233e-05,-4.4455933675635606e-05,7.267199544003233e-05,134.44737243652344,0.019540008157491684,16.11247444152832,-4.183881537755951e-05,-2.8355623726383783e-05,0.0006229905411601067,-0.0006651863222941756,-0.0009703873656690121,-3.4191554732387885e-05,-2.5941739295376465e-05,-0.0009703873656690121,-3.2287432986777276e-05,0.0,0.1527150422334671,0.5,0.5,0.5,0.5
13.8,137.06641441436764,-5.2483115723589435e-05,-4.298384737921879e-05,-4.869624171988107e-05,-5.2483115723589435e-05,-4.869624171988107e-05,-5.2483115723589435e-05,136.05862426757812,0.0194192286580801,16.112516403198242,-4.298384737921879e-05,-2.8305945306783542e-05,0.00021972187096253037,-0.000685978215187788,-0.0009739284869283438,-3.652328086900525e-05,-2.0877658243989572e-05,-0.0009739284869283438,-3.500205639284104e-05,0.0,0.15261852741241455,0.5,0.5,0.5,0.5
13.9,138.67766462550344,-0.00018461630679666996,-4.4155429350212216e-05,-5.305243030306883e-05,-0.00018461630679666996,-5.305243030306883e-05,-0.00018461630679666996,137.6698760986328,0.01929159089922905,16.11252212524414,-4.4155429350212216e-05,-2.8269714675843716e-05,-9.613033034838736e-05,-0.0007068231934681535,-0.0009776785736903548,-3.838727934635244e-05,-1.6560452422709204e-05,-0.0009776785736903548,-3.732132609002292e-05,0.0,0.1525428146123886,0.5,0.5,0.5,0.5
14.0,140.2889142966335,-0.00032393771107308567,-4.534699837677181e-05,-5.752681317972019e-05,-0.00032393771107308567,-5.752681317972019e-05,-0.00032393771107308567,139.2811279296875,0.019156886264681816,16.112499237060547,-4.534699837677181e-05,-2.8244763598195277e-05,-0.0003389064222574234,-0.0007276666001416743,-0.0009815943194553256,-3.9852868212619796e-05,-1.2871997569163796e-05,-0.0009815943194553256,-3.9278118492802605e-05,0.0,0.1524844914674759,0.5,0.5,0.5,0.5
14.1,141.9001609330921,-0.0004706569015979767,-4.6552984713343903e-05,-6.21211074758321e-05,-0.0004706569015979767,-6.21211074758321e-05,-0.0004706569015979767,140.8923797607422,0.019014904275536537,16.112455368041992,-4.6552984713343903e-05,-2.8229213057784364e-05,-0.0005209004739299417,-0.0007484628586098552,-0.000985638820566237,-4.097179044038057e-05,-9.645633326726966e-06,-0.000985638820566237,-4.0905466448748484e-05,0.0,0.1524406522512436,0.5,0.5,0.5,0.5
14.200000000000001,143.51140265736984,-0.0006249825819395483,-4.7768509830348194e-05,-6.683651736238971e-05,-0.0006249825819395483,-6.683651736238971e-05,-0.0006249825819395483,142.5036163330078,0.018865438178181648,16.112398147583008,-4.7768509830348194e-05,-2.8221447792020626e-05,-0.0006526337238028646,-0.0007691732607781887,-0.0009897799463942647,-4.1798535676207393e-05,-6.998448952799663e-06,-0.0009897799463942647,-4.223608993925154e-05,0.0,0.15240877866744995,0.5,0.5,0.5,0.5
14.3,145.12263810264938,-0.0007871221168898046,-4.898944462183863e-05,-7.167377043515444e-05,-0.0007871221168898046,-7.167377043515444e-05,-0.0007871221168898046,144.11485290527344,0.018708283081650734,16.112327575683594,-4.898944462183863e-05,-2.8220089006936178e-05,-0.0007430909899994731,-0.0007897671312093735,-0.0009939911542460322,-4.238422479829751e-05,-4.807372079085326e-06,-0.0009939911542460322,-4.330198134994134e-05,0.0,0.15238675475120544,0.5,0.5,0.5,0.5
14.4,146.73386632188723,-0.0009572815615683794,-5.021243850933388e-05,-7.663325231987983e-05,-0.0009572815615683794,-7.663325231987983e-05,-0.0009572815615683794,145.72608947753906,0.01854322850704193,16.11224937438965,-5.021243850933388e-05,-2.8223965273355134e-05,-0.0007999261142686009,-0.0008102208958007395,-0.000998250674456358,-4.2770960135385394e-05,-3.00529109154013e-06,-0.000998250674456358,-4.413356145960279e-05,0.0,0.15237276256084442,0.5,0.5,0.5,0.5
14.5,148.34508671035204,-0.001135665224865079,-5.143481394043192e-05,-8.171501394826919e-05,-0.001135665224865079,-8.171501394826919e-05,-0.001135665224865079,147.33731079101562,0.018370075151324272,16.112167358398438,-5.143481394043192e-05,-2.8232079785084352e-05,-0.0008296403102576733,-0.0008305174414999783,-0.001002540229819715,-4.299475040170364e-05,-1.5365694707725197e-06,-0.001002540229819715,-4.4757638534065336e-05,0.0,0.15236525237560272,0.5,0.5,0.5,0.5
14.6,149.95629893981163,-0.001322475727647543,-5.2654453611467034e-05,-8.691890252521262e-05,-0.001322475727647543,-8.691890252521262e-05,-0.001322475727647543,148.94851684570312,0.018188616260886192,16.112085342407227,-5.2654453611467034e-05,-2.8243586712051183e-05,-0.0008377379272133112,-0.0008506450685672462,-0.001006845384836197,-4.3086762161692604e-05,-4.431793456660671e-07,-0.001006845384836197,-4.519887806964107e-05,0.0,0.15236292779445648,0.5,0.5,0.5,0.5
14.700000000000001,151.56750289967664,-0.0015179137699306011,-5.3870826377533376e-05,-9.224456880474463e-05,-0.0015179137699306011,-9.224456880474463e-05,-0.0015179137699306011,150.55972290039062,0.017998650670051575,16.112001419067383,-5.3870826377533376e-05,-2.8257756639504805e-05,-0.0008316508028656244,-0.0008706132066436112,-0.0010111590381711721,-4.324499604990706e-05,-4.140079909120686e-06,-0.0010111590381711721,-4.5480308472178876e-05,0.0,0.15236391127109528,0.5,0.5,0.5,0.5
14.8,153.1786986271074,-0.0017221795860677958,-5.5088003136916086e-05,-9.769185999175534e-05,-0.0017221795860677958,-9.769185999175534e-05,-0.0017221795860677958,152.17091369628906,0.01779998280107975,16.111919403076172,-5.5088003136916086e-05,-2.8273807402001694e-05,-0.0008127783075906336,-0.0008903967100195587,-0.0010155036579817533,-4.3673771870089695e-05,-6.220022896741284e-06,-0.0010155036579817533,-4.562335379887372e-05,0.0,0.15236808359622955,0.5,0.5,0.5,0.5
14.9,154.78988629617817,-0.0019354745745658875,-5.6312699598493055e-05,-0.00010326121264370158,-0.0019354745745658875,-0.00010326121264370158,-0.0019354745745658875,153.7821044921875,0.017592409625649452,16.111839294433594,-5.6312699598493055e-05,-2.8290731279412284e-05,-0.0007824844215065241,-0.0009103037882596254,-0.0010199040407314897,-4.42862328782212e-05,-4.556080511974869e-06,-0.0010199040407314897,-4.5647881051991135e-05,0.0,0.1523749977350235,0.5,0.5,0.5,0.5
15.0,156.4010661972778,-0.0021579978056252003,-5.754530138801783e-05,-0.00010895344894379377,-0.0021579978056252003,-0.00010895344894379377,-0.0021579978056252003,155.39328002929688,0.017375733703374863,16.11176300048828,-5.754530138801783e-05,-2.830945231835358e-05,-0.0007438712054863572,-0.0009305807179771364,-0.0010243533179163933,-4.465795063879341e-05,-1.9948106455558445e-06,-0.0010243533179163933,-4.557456850307062e-05,0.0,0.1523839235305786,0.5,0.5,0.5,0.5
15.1,158.01223870530066,-0.0023899488151073456,-5.878314914298244e-05,-0.00011476919462438673,-0.0023899488151073456,-0.00011476919462438673,-0.0023899488151073456,157.00445556640625,0.017149753868579865,16.111690521240234,-5.878314914298244e-05,-2.833074722730089e-05,-0.0006994974100962281,-0.0009508433286100626,-0.0010288285557180643,-4.488656486500986e-05,-3.7355673612182727e-06,-0.0010288285557180643,-4.5428023440763354e-05,0.0,0.15239423513412476,0.5,0.5,0.5,0.5
15.200000000000001,159.62340425104,-0.002631530864164233,-6.003092130413279e-05,-0.00012070917000528425,-0.002631530864164233,-0.00012070917000528425,-0.002631530864164233,158.61563110351562,0.016914265230298042,16.111621856689453,-6.003092130413279e-05,-2.8353266316116787e-05,-0.0006515429122373462,-0.0009710373124107718,-0.0010333388345316052,-4.5326149120228365e-05,-4.546646323433379e-06,-0.0010333388345316052,-4.523377356235869e-05,0.0,0.15240541100502014,0.5,0.5,0.5,0.5
15.3,161.2345633022281,-0.0028829488437622786,-6.1293292674236e-05,-0.00012677461199928075,-0.0028829488437622786,-0.00012677461199928075,-0.0028829488437622786,160.22679138183594,0.01666906848549843,16.111560821533203,-6.1293292674236e-05,-2.8375965484883636e-05,-0.000601738749537617,-0.0009913680842146277,-0.0010379019659012556,-4.6072462282609195e-05,-1.2063557733199559e-05,-0.0010379019659012556,-4.5016728108748794e-05,0.0,0.15241706371307373,0.5,0.5,0.5,0.5
15.4,162.84571634773636,-0.00314440974034369,-6.257846689550206e-05,-0.0001329672959400341,-0.00314440974034369,-0.0001329672959400341,-0.00314440974034369,161.8379364013672,0.016413956880569458,16.111501693725586,-6.257846689550206e-05,-2.839876469806768e-05,-0.0005514360964298248,-0.0010121176019310951,-0.00104257941711694,-4.752446693601087e-05,-1.603317832632456e-05,-0.00104257941711694,-4.480308052734472e-05,0.0,0.15242886543273926,0.5,0.5,0.5,0.5
15.5,164.45686388342304,-0.0034161254297941923,-6.39013378531672e-05,-0.000139290263177827,-0.0034161254297941923,-0.000139290263177827,-0.0034161254297941923,163.44908142089844,0.016148725524544716,16.1114501953125,-6.39013378531672e-05,-2.84219113382278e-05,-0.0005018090014345944,-0.0010334887774661183,-0.0010474155424162745,-4.920436185784638e-05,-1.7348122128169052e-05,-0.0010474155424162745,-4.462278229766525e-05,0.0,0.15244051814079285,0.5,0.5,0.5,0.5
15.6,166.0680063996928,-0.0036983152385801077,-6.527119694510475e-05,-0.00014574779197573662,-0.0036983152385801077,-0.00014574779197573662,-0.0036983152385801077,165.0602264404297,0.01587315835058689,16.11140251159668,-6.527119694510475e-05,-2.8445370844565332e-05,-0.00045370712177827954,-0.0010556071065366268,-0.001052424544468522,-5.0961032684426755e-05,-1.765945489751175e-05,-0.001052424544468522,-4.451031782082282e-05,0.0,0.15245182812213898,0.5,0.5,0.5,0.5
15.700000000000001,167.679144372869,-0.0039912061765789986,-6.669166032224894e-05,-0.00015234480088111013,-0.0039912061765789986,-0.00015234480088111013,-0.0039912061765789986,166.67137145996094,0.0155870346352458,16.111358642578125,-6.669166032224894e-05,-2.8469081371440552e-05,-0.000407653657021001,-0.0010785373160615563,-0.001057609566487372,-5.272135967970826e-05,-1.7490423488197848e-05,-0.001057609566487372,-4.448492472874932e-05,0.0,0.1524626761674881,0.5,0.5,0.5,0.5
15.8,169.29027825995988,-0.004295032937079668,-6.816336826886982e-05,-0.0001590863976161927,-0.004295032937079668,-0.0001590863976161927,-0.004295032937079668,168.28250122070312,0.015290126204490662,16.11132049560547,-6.816336826886982e-05,-2.8493039280874655e-05,-0.0003640163049567491,-0.0011022958206012845,-0.0010629690950736403,-5.4439686209661886e-05,-1.6831581888254732e-05,-0.0010629690950736403,-4.455418820725754e-05,0.0,0.15247295796871185,0.5,0.5,0.5,0.5
15.9,170.90140849479297,-0.00461003789678216,-6.968568777665496e-05,-0.00016597766079939902,-0.00461003789678216,-0.00016597766079939902,-0.00461003789678216,169.8936309814453,0.0149821937084198,16.111286163330078,-6.968568777665496e-05,-2.8517268219729885e-05,-0.0003230419533792883,-0.0011268837843090296,-0.0010685024317353964,-5.637028516503051e-05,-2.6263949621352367e-05,-0.0010685024317353964,-4.473326407605782e-05,0.0,0.15248262882232666,0.5,0.5,0.5,0.5
16.0,172.51253548528896,-0.004936473444104195,-7.12672554072924e-05,-0.00017302391643170267,-0.004936473444104195,-0.00017302391643170267,-0.004936473444104195,171.5047607421875,0.01466299220919609,16.111255645751953,-7.12672554072924e-05,-2.854218655556906e-05,-0.0002848796430043876,-0.0011525449808686972,-0.00107429432682693,-5.958855399512686e-05,-3.579655094654299e-05,-0.00107429432682693,-4.504578828345984e-05,0.0,0.15249164402484894,0.5,0.5,0.5,0.5
16.1,174.1236596117395,-0.005274604540318251,-7.293489761650562e-05,-0.0001802323677111417,-0.005274604540318251,-0.0001802323677111417,-0.005274604540318251,173.11587524414062,0.01433226466178894,16.111228942871094,-7.293489761650562e-05,-2.8568296329467557e-05,-0.00024959942675195634,-0.0011796035105362535,-0.0010804403573274612,-6.334045610856265e-05,-3.8709447835572064e-05,-0.0010804403573274612,-4.5525706809712574e-05,0.0,0.1524999886751175,0.5,0.5,0.5,0.5
16.2,175.734781225964,-0.005624713841825724,-7.470801210729405e-05,-0.0001876127062132582,-0.005624713841825724,-0.0001876127062132582,-0.005624713841825724,174.7270050048828,0.013989739120006561,16.1112060546875,-7.470801210729405e-05,-2.8595328330993652e-05,-0.000217209046240896,-0.0012083027977496386,-0.0010869713732972741,-6.724990089423954e-05,-3.916786954505369e-05,-0.0010869713732972741,-4.6219487558119e-05,0.0,0.15250764787197113,0.5,0.5,0.5,0.5
16.3,177.34590065116075,-0.0059871007688343525,-7.659345283173025e-05,-0.00019517590408213437,-0.0059871007688343525,-0.00019517590408213437,-0.0059871007688343525,176.33811950683594,0.013635129667818546,16.11118507385254,-7.659345283173025e-05,-2.8622986064874567e-05,-0.0001876662572612986,-0.0012387883616611362,-0.0010938930790871382,-7.11319298716262e-05,-3.8378733734134585e-05,-0.0010938930790871382,-4.7150686441455036e-05,0.0,0.15251463651657104,0.5,0.5,0.5,0.5
16.4,178.95701818227954,-0.006362082436680794,-7.859081233618781e-05,-0.00020293319539632648,-0.006362082436680794,-0.00020293319539632648,-0.006362082436680794,177.94923400878906,0.013268130831420422,16.111167907714844,-7.859081233618781e-05,-2.8651251341216266e-05,-0.00016088974371086806,-0.0012710938462987542,-0.0011011974420398474,-7.488678238587454e-05,-3.6529112549033016e-05,-0.0011011974420398474,-4.830208490602672e-05,0.0,0.15252098441123962,0.5,0.5,0.5,0.5
16.5,180.56813408682723,-0.006749993190169334,-8.069639443419874e-05,-0.00021089561050757766,-0.006749993190169334,-0.00021089561050757766,-0.006749993190169334,179.5603485107422,0.012888419441878796,16.11115264892578,-8.069639443419874e-05,-2.8680291507043876e-05,-0.00013677473179996014,-0.0013051941059529781,-0.0011088711908087134,-7.874138100305572e-05,-5.128133489051834e-05,-0.0011088711908087134,-4.9669764848658815e-05,0.0,0.15252670645713806,0.5,0.5,0.5,0.5
16.6,182.17924860636768,-0.0071511841379106045,-8.292190614156425e-05,-0.00021907419431954622,-0.0071511841379106045,-0.00021907419431954622,-0.0071511841379106045,181.1714630126953,0.012495654635131359,16.111141204833984,-8.292190614156425e-05,-2.871125798264984e-05,-0.00011517766688484699,-0.0013415568973869085,-0.0011170804500579834,-8.592630183557048e-05,-8.519075345247984e-05,-0.0011170804500579834,-5.126819814904593e-05,0.0,0.15253181755542755,0.5,0.5,0.5,0.5
16.7,183.79036195693675,-0.0075660389848053455,-8.533635991625488e-05,-0.00022748400806449354,-0.0075660389848053455,-0.00022748400806449354,-0.0075660389848053455,182.78257751464844,0.012089471332728863,16.111129760742188,-8.533635991625488e-05,-2.8745733288815245e-05,-9.594020957592875e-05,-0.0013810283271595836,-0.0011261270847171545,-9.510062955087051e-05,-9.64078280958347e-05,-0.0011261270847171545,-5.3133859182707965e-05,0.0,0.15253639221191406,0.5,0.5,0.5,0.5
16.8,185.40147433027786,-0.007994980551302433,-8.800275827525184e-05,-0.00023614737438037992,-0.007994980551302433,-0.00023614737438037992,-0.007994980551302433,184.39369201660156,0.011669473722577095,16.111120223999023,-8.800275827525184e-05,-2.8783124434994534e-05,-7.892044231994078e-05,-0.0014244093326851726,-0.0011361310025677085,-0.00010492074943613261,-9.899419819703326e-05,-0.0011361310025677085,-5.533228613785468e-05,0.0,0.1525404304265976,0.5,0.5,0.5,0.5
16.9,187.0125858961688,-0.00843847543001175,-9.09470472834073e-05,-0.0002450910396873951,-0.00843847543001175,-0.0002450910396873951,-0.00843847543001175,186.0048065185547,0.011235227808356285,16.111114501953125,-9.09470472834073e-05,-2.882259286707267e-05,-6.395414675353095e-05,-0.001472191303037107,-0.0011471217731013894,-0.00011477334192022681,-9.778984531294554e-05,-0.0011471217731013894,-5.7924622524296865e-05,0.0,0.15254399180412292,0.5,0.5,0.5,0.5
17.0,188.62369680399036,-0.008897030726075172,-9.417217370355502e-05,-0.00025434306007809937,-0.008897030726075172,-0.00025434306007809937,-0.008897030726075172,187.6159210205078,0.010786255821585655,16.111108779907227,-9.417217370355502e-05,-2.8864018531749025e-05,-5.087725003249943e-05,-0.0015245391987264156,-0.0011590882204473019,-0.00012439291458576918,-9.394932567374781e-05,-0.0011590882204473019,-6.0903792473254725e-05,0.0,0.15254709124565125,0.5,0.5,0.5,0.5
17.1,190.2348071842527,-0.00937119871377945,-9.767080337041989e-05,-0.0002639312297105789,-0.00937119871377945,-0.0002639312297105789,-0.00937119871377945,189.22703552246094,0.010322034358978271,16.111103057861328,-9.767080337041989e-05,-2.890779433073476e-05,-3.9528837078250945e-05,-0.0015813661739230156,-0.0011719930917024612,-0.0001336308487225324,-0.00010016228043241426,-0.0011719930917024612,-6.4289772126358e-05,0.0,0.15254980325698853,0.5,0.5,0.5,0.5
17.2,191.84591715017444,-0.009861576370894909,-0.00010144727275473997,-0.0002738826733548194,-0.009861576370894909,-0.0002738826733548194,-0.009861576370894909,190.838134765625,0.009841994382441044,16.111101150512695,-0.00010144727275473997,-2.8955129891983233e-05,-2.9750433895969763e-05,-0.001643102616071701,-0.0011860039085149765,-0.00014765153173357248,-0.00016995187615975738,-0.0011860039085149765,-6.814778316766024e-05,0.0,0.15255212783813477,0.5,0.5,0.5,0.5
17.3,193.45702679921396,-0.010368815623223782,-0.00010560212831478566,-0.00028422934701666236,-0.010368815623223782,-0.00028422934701666236,-0.010368815623223782,192.44924926757812,0.009345516562461853,16.11109733581543,-0.00010560212831478566,-2.900953586504329e-05,-2.1386504158726893e-05,-0.0017113540088757873,-0.001201672712340951,-0.0001658801775192842,-0.0001907995465444401,-0.001201672712340951,-7.259232370415702e-05,0.0,0.15255412459373474,0.5,0.5,0.5,0.5
17.400000000000002,195.06813621456706,-0.010893655009567738,-0.00011025249841623008,-0.00029501531389541924,-0.010893655009567738,-0.00029501531389541924,-0.010893655009567738,194.06036376953125,0.008831918239593506,16.111095428466797,-0.00011025249841623008,-2.90711504931096e-05,-1.428839641448576e-05,-0.0017873554024845362,-0.0012192390859127045,-0.00018534756964072585,-0.00019658175006043166,-0.0012192390859127045,-7.779937732266262e-05,0.0,0.15255580842494965,0.5,0.5,0.5,0.5
17.5,196.679245466506,-0.011436915025115013,-0.00011545239249244332,-0.0003062932810280472,-0.011436915025115013,-0.0003062932810280472,-0.011436915025115013,195.6714630126953,0.008300437591969967,16.111095428466797,-0.00011545239249244332,-2.913817843364086e-05,-8.319023436342832e-06,-0.0018719845684245229,-0.0012387646129354835,-0.00020492140902206302,-0.00019398763834033161,-0.0012387646129354835,-8.395585609832779e-05,0.0,0.15255723893642426,0.5,0.5,0.5,0.5
17.6,198.2903546136803,-0.011999502778053284,-0.00012121012696297839,-0.00031811892404221,-0.011999502778053284,-0.00031811892404221,-0.011999502778053284,197.28257751464844,0.007750228047370911,16.111093521118164,-0.00012121012696297839,-2.9209835702204145e-05,-3.353281044837786e-06,-0.0019655958749353886,-0.0012602295028045774,-0.00022406759671866894,-0.0001869601255748421,-0.0012602295028045774,-9.10197923076339e-05,0.0,0.15255843102931976,0.5,0.5,0.5,0.5
17.7,199.90146370447877,-0.01258241105824709,-0.00012751194299198687,-0.000330547452904284,-0.01258241105824709,-0.000330547452904284,-0.01258241105824709,198.89369201660156,0.007180354092270136,16.111093521118164,-0.00012751194299198687,-2.9286477001733147e-05,7.246436553032254e-07,-0.0020680627785623074,-0.0012835594825446606,-0.00024216598831117153,-0.00017709325766190886,-0.0012835594825446606,-9.894203685689718e-05,0.0,0.15255941450595856,0.5,0.5,0.5,0.5
17.8,201.51257277833022,-0.01318671740591526,-0.00013433952699415386,-0.00034363215672783554,-0.01318671740591526,-0.00034363215672783554,-0.01318671740591526,200.50479125976562,0.006589790806174278,16.111093521118164,-0.00013433952699415386,-2.936910095741041e-05,4.0233721847471315e-06,-0.00217934581451118,-0.0013087769038975239,-0.00026325075305067003,-0.0002454995992593467,-0.0013087769038975239,-0.00010776231647469103,0.0,0.15256020426750183,0.5,0.5,0.5,0.5
17.900000000000002,203.12368186682826,-0.013813591562211514,-0.00014176104741636664,-0.00035742795444093645,-0.013813591562211514,-0.00035742795444093645,-0.013813591562211514,202.11590576171875,0.005977424327284098,16.111095428466797,-0.00014176104741636664,-2.946138738479931e-05,6.647041573160095e-06,-0.002300785155966878,-0.001336395158432424,-0.00028920642216689885,-0.0002679412718862295,-0.001336395158432424,-0.00011760976485675201,0.0,0.15256083011627197,0.5,0.5,0.5,0.5
18.0,204.73479099472317,-0.014464321546256542,-0.0001498931087553501,-0.00037200035876594484,-0.014464321546256542,-0.00037200035876594484,-0.014464321546256542,203.72702026367188,0.005342038813978434,16.111095428466797,-0.0001498931087553501,-2.9564382202806883e-05,8.691637049196288e-06,-0.002433482324704528,-0.0013666797894984484,-0.0003162645152769983,-0.00027105226763524115,-0.0013666797894984484,-0.00012871198123320937,0.0,0.15256133675575256,0.5,0.5,0.5,0.5
18.1,206.34590018073268,-0.01514031644910574,-0.00015879033890087157,-0.0003874236426781863,-0.01514031644910574,-0.0003874236426781863,-0.01514031644910574,205.33811950683594,0.004682306200265884,16.11109733581543,-0.00015879033890087157,-2.9676066333195195e-05,1.024205812427681e-05,-0.002578195882961154,-0.0013996661873534322,-0.0003430787764955312,-0.0002641210739966482,-0.0013996661873534322,-0.0001413537102052942,0.0,0.1525617092847824,0.5,0.5,0.5,0.5
18.2,207.95700943825108,-0.0158431064337492,-0.00016845368372742087,-0.0004037746984977275,-0.0158431064337492,-0.0004037746984977275,-0.0158431064337492,206.94923400878906,0.003996779676526785,16.11109733581543,-0.00016845368372742087,-2.979507189593278e-05,1.1370580978109501e-05,-0.0027351612225174904,-0.0014352932339534163,-0.0003690472221933305,-0.000253554608207196,-0.0014352932339534163,-0.00015543843619525433,0.0,0.1525619924068451,0.5,0.5,0.5,0.5
18.3,209.56811877614416,-0.01657433621585369,-0.00017885766283143312,-0.0004211290506646037,-0.01657433621585369,-0.0004211290506646037,-0.01657433621585369,208.5603485107422,0.0032838897313922644,16.111099243164062,-0.00017885766283143312,-2.9921384339104407e-05,1.2140570106566884e-05,-0.002904103836044669,-0.0014734433498233557,-0.0003933824482373893,-0.0002342231891816482,-0.0014734433498233557,-0.00017071529873646796,0.0,0.15256217122077942,0.5,0.5,0.5,0.5
18.400000000000002,211.1792281994371,-0.017335765063762665,-0.00018996174912899733,-0.00043955876026302576,-0.017335765063762665,-0.00043955876026302576,-0.017335765063762665,210.17144775390625,0.002541947178542614,16.111099243164062,-0.00018996174912899733,-3.0055454772082157e-05,1.259007058251882e-05,-0.0030844993889331818,-0.0015139951137825847,-0.0004181740805506706,-0.0002740879717748612,-0.0015139951137825847,-0.0001870507694547996,0.0,0.15256230533123016,0.5,0.5,0.5,0.5
18.5,212.79033771006033,-0.018129266798496246,-0.0002017802034970373,-0.00045913364738225937,-0.018129266798496246,-0.00045913364738225937,-0.018129266798496246,211.78256225585938,0.00176914781332016,16.111101150512695,-0.0002017802034970373,-3.0199920729501173e-05,1.2813873581762891e-05,-0.003276937874034047,-0.0015572458505630493,-0.00044682988664135337,-0.00029210795764811337,-0.0015572458505630493,-0.00020442776440177113,0.0,0.15256236493587494,0.5,0.5,0.5,0.5
18.6,214.401447307509,-0.01895684376358986,-0.00021439061674755067,-0.000479929061839357,-0.01895684376358986,-0.000479929061839357,-0.01895684376358986,213.3936767578125,0.0009635663591325283,16.111103057861328,-0.00021439061674755067,-3.0356301067513414e-05,1.2840283488912974e-05,-0.003482040949165821,-0.0016034049913287163,-0.0004760202136822045,-0.0002897697559092194,-0.0016034049913287163,-0.0002229482342954725,0.0,0.15256237983703613,0.5,0.5,0.5,0.5
18.7,216.01255698910873,-0.01982063427567482,-0.00022782864107284695,-0.0005020264070481062,-0.01982063427567482,-0.0005020264070481062,-0.01982063427567482,215.00477600097656,0.00012315157800912857,16.11110496520996,-0.00022782864107284695,-3.052288229810074e-05,1.2740753845719155e-05,-0.0037001576274633408,-0.0016524539096280932,-0.000504483818076551,-0.00027846143348142505,-0.0016524539096280932,-0.00024281902005895972,0.0,0.15256237983703613,0.5,0.5,0.5,0.5
18.8,217.6236667505146,-0.020722905173897743,-0.00024208211107179523,-0.0005255081341601908,-0.020722905173897743,-0.0005255081341601908,-0.020722905173897743,216.6158905029297,-0.0007542778039351106,16.11110496520996,-0.00024208211107179523,-3.069803642574698e-05,1.2518373296188656e-05,-0.003931249026209116,-0.0017042855033650994,-0.0005316772148944438,-0.00026573517243377864,-0.0017042855033650994,-0.00026395340682938695,0.0,0.15256233513355255,0.5,0.5,0.5,0.5
18.900000000000002,219.23477658576283,-0.021666044369339943,-0.0002571148506831378,-0.0005504541913978755,-0.021666044369339943,-0.0005504541913978755,-0.021666044369339943,218.2270050048828,-0.0016710321651771665,16.111106872558594,-0.0002571148506831378,-3.0881332349963486e-05,1.2187858374090865e-05,-0.004174883011728525,-0.0017587534384801984,-0.0005570187931880355,-0.00024172246048692614,-0.0017587534384801984,-0.00028599007055163383,0.0,0.15256227552890778,0.5,0.5,0.5,0.5
19.0,220.84588648753865,-0.022652562707662582,-0.00027287559350952506,-0.0005769399576820433,-0.022652562707662582,-0.0005769399576820433,-0.022652562707662582,219.83811950683594,-0.0026295471470803022,16.111106872558594,-0.00027287559350952506,-3.107273005298339e-05,1.1774837730627041e-05,-0.004430263768881559,-0.001815657946281135,-0.0005809423164464533,-0.000247518764808774,-0.001815657946281135,-0.00030867764144204557,0.0,0.1525621861219406,0.5,0.5,0.5,0.5
19.1,222.45699644754944,-0.02368508093059063,-0.0002893315104302019,-0.0006050362717360258,-0.02368508093059063,-0.0006050362717360258,-0.02368508093059063,221.44921875,-0.0036323764361441135,16.111108779907227,-0.0002893315104302019,-3.12733136524912e-05,1.130396867665695e-05,-0.004697135649621487,-0.001875026966445148,-0.000606270506978035,-0.0002537407272029668,-0.001875026966445148,-0.0003318841045256704,0.0,0.15256208181381226,0.5,0.5,0.5,0.5
19.2,224.06810645676077,-0.024766335263848305,-0.000306498259305954,-0.0006348132155835629,-0.024766335263848305,-0.0006348132155835629,-0.024766335263848305,223.06033325195312,-0.0046821883879601955,16.11111068725586,-0.000306498259305954,-3.148422183585353e-05,1.0797399227158166e-05,-0.004975437186658382,-0.0019369226647540927,-0.0006312409532256424,-0.00024469743948429823,-0.0019369226647540927,-0.00035559289972297847,0.0,0.1525619775056839,0.5,0.5,0.5,0.5
19.3,225.67921650554666,-0.02589918114244938,-0.0003243765968363732,-0.0006663421518169343,-0.02589918114244938,-0.0006663421518169343,-0.02589918114244938,224.67144775390625,-0.005781766027212143,16.11111068725586,-0.0003243765968363732,-3.17043813993223e-05,1.0274204214510974e-05,-0.00526496022939682,-0.0020012594759464264,-0.0006550190155394375,-0.00023043918190523982,-0.0020012594759464264,-0.00037989785778336227,0.0,0.15256187319755554,0.5,0.5,0.5,0.5
19.400000000000002,227.29032658374754,-0.02708658203482628,-0.0003429388743825257,-0.0006996931042522192,-0.02708658203482628,-0.0006996931042522192,-0.02708658203482628,226.28256225585938,-0.006934004370123148,16.111112594604492,-0.0003429388743825257,-3.193240991095081e-05,9.748943739396054e-06,-0.005565323866903782,-0.0020678972359746695,-0.0006772631895728409,-0.00021551575628109276,-0.0020678972359746695,-0.00040475610876455903,0.0,0.15256176888942719,0.5,0.5,0.5,0.5
19.5,228.90143668077468,-0.028331609442830086,-0.00036214254214428365,-0.0007349324296228588,-0.028331609442830086,-0.0007349324296228588,-0.028331609442830086,227.89366149902344,-0.008141906000673771,16.111112594604492,-0.00036214254214428365,-3.2167608878808096e-05,9.232507181877736e-06,-0.005875953007489443,-0.0021366786677390337,-0.0006977942539379001,-0.0001946759148268029,-0.0021366786677390337,-0.0004298230924177915,0.0,0.15256166458129883,0.5,0.5,0.5,0.5
19.6,230.51254678574657,-0.029637422412633896,-0.0003819369012489915,-0.0007721218280494213,-0.029637422412633896,-0.0007721218280494213,-0.029637422412633896,229.50477600097656,-0.009408577345311642,16.111114501953125,-0.0003819369012489915,-3.2409596315119416e-05,8.730889931030106e-06,-0.006195998750627041,-0.002207394689321518,-0.0007150274468585849,-9.402626164956018e-05,-0.002207394689321518,-0.00045481944107450545,0.0,0.15256156027317047,0.5,0.5,0.5,0.5
19.7,232.12365688762588,-0.031007269397377968,-0.00040217817877419293,-0.0008113153162412345,-0.031007269397377968,-0.0008113153162412345,-0.031007269397377968,231.1158905029297,-0.010737214237451553,16.111114501953125,-0.00040217817877419293,-3.265401755925268e-05,8.24171456770273e-06,-0.0065216063521802425,-0.0022788560017943382,-0.0007102707168087363,0.00014561176067218184,-0.0022788560017943382,-0.0004795597051270306,0.0,0.1525614708662033,0.5,0.5,0.5,0.5
19.8,233.73476697546033,-0.03244439885020256,-0.00042239384492859244,-0.0008525362354703248,-0.03244439885020256,-0.0008525362354703248,-0.03244439885020256,232.7270050048828,-0.012131066992878914,16.111116409301758,-0.00042239384492859244,-3.288997686468065e-05,7.753688805678394e-06,-0.006845768541097641,-0.002348961541429162,-0.0006904987385496497,0.0002390926529187709,-0.002348961541429162,-0.0005039185052737594,0.0,0.15256138145923615,0.5,0.5,0.5,0.5
19.900000000000002,235.34587703850804,-0.033951982855796814,-0.0004421287158038467,-0.0008957578102126718,-0.033951982855796814,-0.0008957578102126718,-0.033951982855796814,234.33810424804688,-0.013593371026217937,16.111116409301758,-0.0004421287158038467,-3.3118205465143546e-05,7.256254775711568e-06,-0.007162860129028559,-0.0024167057126760483,-0.0006638513295911252,0.0002875998034141958,-0.0024167057126760483,-0.0005277711898088455,0.0,0.15256129205226898,0.5,0.5,0.5,0.5
20.0,236.95698706659059,-0.03553309291601181,-0.0004611358162946999,-0.0009409182239323854,-0.03553309291601181,-0.0009409182239323854,-0.03553309291601181,235.94921875,-0.015127292834222317,16.111116409301758,-0.0004611358162946999,-3.33430762111675e-05,6.750715783709893e-06,-0.007468615658581257,-0.0024815918877720833,-0.0006338076200336218,0.0003099087334703654,-0.0024815918877720833,-0.0005508458125405014,0.0,0.15256120264530182,0.5,0.5,0.5,0.5
20.1,238.5680970501619,-0.03719068318605423,-0.00047930650180205703,-0.0009879384888336062,-0.03719068318605423,-0.0009879384888336062,-0.03719068318605423,237.56033325195312,-0.01673588715493679,16.11111831665039,-0.00047930650180205703,-3.3565091143827885e-05,6.247395504033193e-06,-0.007760605774819851,-0.0025433890987187624,-0.000602314539719373,0.00031822751043364406,-0.0025433890987187624,-0.0005725045339204371,0.0,0.15256111323833466,0.5,0.5,0.5,0.5
20.2,240.17920697995496,-0.038927577435970306,-0.0004965986008755863,-0.0010367324575781822,-0.038927577435970306,-0.0010367324575781822,-0.038927577435970306,239.17144775390625,-0.018422074615955353,16.11111831665039,-0.0004965986008755863,-3.378141991561279e-05,5.7558486332709435e-06,-0.008037852123379707,-0.0026020072400569916,-0.0005700645269826055,0.00035686619230546057,-0.0026020072400569916,-0.0005919281393289566,0.0,0.1525610238313675,0.5,0.5,0.5,0.5
20.3,241.7903168466334,-0.04074644669890404,-0.0005129288183525205,-0.0010872100247070193,-0.04074644669890404,-0.0010872100247070193,-0.04074644669890404,240.7825469970703,-0.020188622176647186,16.11111831665039,-0.0005129288183525205,-3.398535409360193e-05,5.275579951558029e-06,-0.008297484368085861,-0.0026565194129943848,-0.0005144627066329122,0.000714896887075156,-0.0026565194129943848,-0.0006081507308408618,0.0,0.15256094932556152,0.5,0.5,0.5,0.5
20.400000000000002,243.40142664087196,-0.04264974594116211,-0.000527776253875345,-0.0011392532614991069,-0.04264974594116211,-0.0011392532614991069,-0.04264974594116211,242.39366149902344,-0.02203812263906002,16.111120223999023,-0.000527776253875345,-3.415925311855972e-05,4.79027130495524e-06,-0.00853092223405838,-0.0027040911372750998,-0.0004357497673481703,0.0008390272851102054,-0.0027040911372750998,-0.0006200308562256396,0.0,0.15256085991859436,0.5,0.5,0.5,0.5
20.5,245.01253635358944,-0.044639572501182556,-0.0005405144765973091,-0.0011926807928830385,-0.044639572501182556,-0.0011926807928830385,-0.044639572501182556,244.00477600097656,-0.023972898721694946,16.111120223999023,-0.0005405144765973091,-3.430078140809201e-05,4.281837391317822e-06,-0.008731306530535221,-0.0027433240320533514,-0.00034901450271718204,0.0008856588392518461,-0.0027433240320533514,-0.000626184104476124,0.0,0.1525607705116272,0.5,0.5,0.5,0.5
20.6,246.62364597653624,-0.046717654913663864,-0.0005508206086233258,-0.0012472632806748152,-0.046717654913663864,-0.0012472632806748152,-0.046717654913663864,245.6158905029297,-0.025994950905442238,16.111120223999023,-0.0005508206086233258,-3.4417917049722746e-05,3.7418692500068573e-06,-0.008893540129065514,-0.0027737352065742016,-0.0002600685693323612,0.0008877997752279043,-0.0027737352065742016,-0.0006252487655729055,0.0,0.15256066620349884,0.5,0.5,0.5,0.5
20.7,248.23475550267466,-0.04888533428311348,-0.0005586043116636574,-0.0013027515960857272,-0.04888533428311348,-0.0013027515960857272,-0.04888533428311348,247.2270050048828,-0.028105899691581726,16.111120223999023,-0.0005586043116636574,-3.4514410799602047e-05,3.1809793199499836e-06,-0.009015174582600594,-0.002795287873595953,-0.00017221724556293339,0.0008667185320518911,-0.002795287873595953,-0.0006173350266180933,0.0,0.15256056189537048,0.5,0.5,0.5,0.5
20.8,249.84586492583912,-0.05114356428384781,-0.000563893117941916,-0.0013588943984359503,-0.05114356428384781,-0.0013588943984359503,-0.05114356428384781,248.83810424804688,-0.03030695952475071,16.111122131347656,-0.000563893117941916,-3.4588327253004536e-05,2.613639708215487e-06,-0.009095984511077404,-0.0028081622440367937,-8.605671609984711e-05,0.0008591015939600766,-0.0028081622440367937,-0.0006027781055308878,0.0,0.15256045758724213,0.5,0.5,0.5,0.5
20.900000000000002,251.45697424026423,-0.05349290743470192,-0.0005666807410307229,-0.001415443723089993,-0.05349290743470192,-0.001415443723089993,-0.05349290743470192,250.44921875,-0.032598938792943954,16.111122131347656,-0.0005666807410307229,-3.463197572273202e-05,2.044605253104237e-06,-0.009133835323154926,-0.0028115506283938885,3.0084118407103233e-05,0.001541591016575694,-0.0028115506283938885,-0.0005815045442432165,0.0,0.15256033837795258,0.5,0.5,0.5,0.5
21.0,253.06808344079246,-0.05593341588973999,-0.0005661906907334924,-0.0014721208717674017,-0.05593341588973999,-0.0014721208717674017,-0.05593341588973999,252.06033325195312,-0.03498220071196556,16.111122131347656,-0.0005661906907334924,-3.4613385651027784e-05,1.43387285334029e-06,-0.009113033302128315,-0.0028000352904200554,0.00020361554925329983,0.0018632271094247699,-0.0028000352904200554,-0.0005530040943995118,0.0,0.15256021916866302,0.5,0.5,0.5,0.5
21.1,254.67919252754334,-0.05846439674496651,-0.000561085413210094,-0.001528529915958643,-0.05846439674496651,-0.001528529915958643,-0.05846439674496651,253.6714324951172,-0.03745651990175247,16.111122131347656,-0.000561085413210094,-3.4517375752329826e-05,5.660873512169928e-07,-0.009018841199576855,-0.002770028542727232,0.00039623607881367207,0.001964784925803542,-0.002770028542727232,-0.0005162123707123101,0.0,0.15256008505821228,0.5,0.5,0.5,0.5
21.2,256.290301511283,-0.06108430027961731,-0.0005505862063728273,-0.0015841652639210224,-0.06108430027961731,-0.0015841652639210224,-0.06108430027961731,255.2825469970703,-0.04002094641327858,16.111122131347656,-0.0005505862063728273,-3.436322003835812e-05,-1.5917638052087568e-07,-0.008841035887598991,-0.0027204134967178106,0.000594280834775418,0.0019773035310208797,-0.0027204134967178106,-0.0004695866664405912,0.0,0.15255993604660034,0.5,0.5,0.5,0.5
21.3,257.9014103927556,-0.06379072368144989,-0.0005344635574147105,-0.0016384727787226439,-0.06379072368144989,-0.0016384727787226439,-0.06379072368144989,256.8936462402344,-0.04267369583249092,16.111122131347656,-0.0005344635574147105,-3.416258186916821e-05,-8.86603800154262e-07,-0.008572814054787159,-0.002651038346812129,0.0007910419953987002,0.0019517757464200258,-0.002651038346812129,-0.0004131169698666781,0.0,0.15255975723266602,0.5,0.5,0.5,0.5
21.400000000000002,259.51251916898116,-0.0665803849697113,-0.0005127671756781638,-0.0016908908728510141,-0.0665803849697113,-0.0016908908728510141,-0.0665803849697113,258.5047607421875,-0.045412082225084305,16.111122131347656,-0.0005127671756781638,-3.3911317586898804e-05,-1.713308620310272e-06,-0.008213797584176064,-0.0025623885449022055,0.0009754685452207923,0.0016918446635827422,-0.0025623885449022055,-0.0003473251417744905,0.0,0.1525595486164093,0.5,0.5,0.5,0.5
21.5,261.12362784074963,-0.06944917887449265,-0.0004857908352278173,-0.0017408751882612705,-0.06944917887449265,-0.0017408751882612705,-0.06944917887449265,260.1158752441406,-0.04823252558708191,16.111122131347656,-0.0004857908352278173,-3.360592745593749e-05,-2.6079790131916525e-06,-0.007767647039145231,-0.002455509966239333,0.0011871849419549108,0.003251127665862441,-0.002455509966239333,-0.0002718488103710115,0.0,0.1525593400001526,0.5,0.5,0.5,0.5
21.6,262.7347364142589,-0.07239199429750443,-0.00045202625915408134,-0.001787862740457058,-0.07239199429750443,-0.001787862740457058,-0.07239199429750443,261.72698974609375,-0.051130518317222595,16.111122131347656,-0.00045202625915408134,-3.315859066788107e-05,-3.73746411241882e-06,-0.007182469591498375,-0.002312151249498129,0.0017637322889640927,0.008666313253343105,-0.002312151249498129,-0.00018541025929152966,0.0,0.1525591015815735,0.5,0.5,0.5,0.5
21.7,264.3458449148084,-0.0754014253616333,-0.00040259817615151405,-0.0018308085855096579,-0.0754014253616333,-0.0018308085855096579,-0.0754014253616333,263.3381042480469,-0.05410006269812584,16.111120223999023,-0.00040259817615151405,-3.231149094062857e-05,-5.604792931990232e-06,-0.0062988861463963985,-0.0020809730049222708,0.002958972007036209,0.015262286178767681,-0.0020809730049222708,-8.536026871297508e-05,0.0,0.15255878865718842,0.5,0.5,0.5,0.5
21.8,265.9569534075089,-0.07846514135599136,-0.0003215026808902621,-0.0018673933809623122,-0.07846514135599136,-0.0018673933809623122,-0.07846514135599136,264.94921875,-0.05713208392262459,16.111120223999023,-0.0003215026808902621,-3.0834362405585125e-05,-8.660870662424713e-06,-0.004878418520092964,-0.0016977504128590226,0.004786848556250334,0.02123340591788292,-0.0016977504128590226,3.3508651540614665e-05,0.0,0.1525583267211914,0.5,0.5,0.5,0.5
21.900000000000002,267.568062000519,-0.08156324923038483,-0.0001908417762024328,-0.0018935621483251452,-0.08156324923038483,-0.0018935621483251452,-0.08156324923038483,266.560302734375,-0.06021210923790932,16.11111831665039,-0.0001908417762024328,-2.8640621167141944e-05,-1.357116980216233e-05,-0.002647075802087784,-0.0011014168849214911,0.007242088206112385,0.02826506271958351,-0.0011014168849214911,0.0001771945971995592,0.0,0.15255756676197052,0.5,0.5,0.5,0.5
22.0,269.17917083563304,-0.08466562628746033,8.083338798314799e-06,-0.0019034569850191474,-0.08466562628746033,-0.0019034569850191474,-0.08466562628746033,268.1714172363281,-0.06331751495599747,16.11111831665039,8.083338798314799e-06,-2.5593957616365515e-05,-2.0231143935234286e-05,0.0007253570947796106,-0.00021762022515758872,0.010561923496425152,0.037900425493717194,-0.00021762022515758872,0.0003550193505361676,0.0,0.15255644917488098,0.5,0.5,0.5,0.5
22.1,270.7902800980549,-0.08772830665111542,0.00029891199665144086,-0.0018891356885433197,-0.08772830665111542,-0.0018891356885433197,-0.08772830665111542,269.78253173828125,-0.06641416996717453,16.111114501953125,0.00029891199665144086,-2.1354670025175437e-05,-2.9702778192586266e-05,0.005649216938763857,0.0010531237348914146,0.014988322742283344,0.04876484349370003,0.0010531237348914146,0.0005869890446774662,0.0,0.15255483984947205,0.5,0.5,0.5,0.5
22.2,272.4013900283096,-0.09068867564201355,0.000711018277797848,-0.0018399819964542985,-0.09068867564201355,-0.0018399819964542985,-0.09068867564201355,271.3936462402344,-0.06945239752531052,16.11111068725586,0.000711018277797848,-1.5531039025518112e-05,-4.331157106207684e-05,0.012578322552144527,0.0028183055110275745,0.020421678200364113,0.05834828317165375,0.0028183055110275745,0.0009079133160412312,0.0,0.15255260467529297,0.5,0.5,0.5,0.5
22.3,274.01250091342,-0.09346074610948563,0.001275144051760435,-0.001742366817779839,-0.09346074610948563,-0.001742366817779839,-0.09346074610948563,273.0047607421875,-0.07236241549253464,16.111106872558594,0.001275144051760435,-7.840998478059191e-06,-6.282615504460409e-05,0.022029217332601547,0.005193320102989674,0.027185700833797455,0.05807303264737129,0.005193320102989674,0.0013718291884288192,0.0,0.1525496393442154,0.5,0.5,0.5,0.5
22.400000000000002,275.62361304503384,-0.09593134373426437,0.0019962310325354338,-0.0015798729145899415,-0.09593134373426437,-0.0015798729145899415,-0.09593134373426437,274.6158447265625,-0.07504981011152267,16.111099243164062,0.0019962310325354338,5.338131359167164e-07,-8.331819117302075e-05,0.032840240746736526,0.007734554819762707,0.01197434775531292,-0.5785098671913147,0.007734554819762707,0.0020565057639032602,0.0,0.1525460183620453,0.5,0.5,0.5,0.5
22.5,277.2347259591475,-0.09802756458520889,0.002333087846636772,-0.0013568742433562875,-0.09802756458520889,-0.0013568742433562875,-0.09802756458520889,276.2269592285156,-0.0774196907877922,16.11109161376953,0.002333087846636772,-1.0445733096275944e-05,-4.9208130803890526e-05,0.035106103867292404,0.007040392607450485,-0.008119885809719563,0.23077666759490967,0.007040392607450485,0.0030358501244336367,0.0,0.15254522860050201,0.5,0.5,0.5,0.5
22.6,278.84583789271454,-0.09979621320962906,0.0022560199722647667,-0.0011277333833277225,-0.09979621320962906,-0.0011277333833277225,-0.09979621320962906,277.83807373046875,-0.0794377475976944,16.111087799072266,0.0022560199722647667,-1.4023200492374599e-05,-4.6156095777405426e-05,0.037742938846349716,0.00718762818723917,0.008741411380469799,0.12464344501495361,0.00718762818723917,0.004294746555387974,0.0,0.1525472104549408,0.5,0.5,0.5,0.5
22.7,280.456949327529,-0.10119267553091049,0.002423903439193964,-0.0008969517657533288,-0.10119267553091049,-0.0008969517657533288,-0.10119267553091049,279.4491882324219,-0.08107682317495346,16.111082077026367,0.002423903439193964,1.3416067758953432e-06,-7.200569962151349e-05,0.0421459786593914,0.00874844565987587,0.02293800748884678,0.18829555809497833,0.00874844565987587,0.0057394546456635,0.0,0.1525479406118393,0.5,0.5,0.5,0.5
22.8,282.068061796126,-0.10210967063903809,0.003024267964065075,-0.0006288568256422877,-0.10210967063903809,-0.0006288568256422877,-0.10210967063903809,281.060302734375,-0.0822889432311058,16.111072540283203,0.003024267964065075,2.1623112843371928e-05,-0.00010513860615901649,0.052068889141082764,0.01193093229085207,0.04196476563811302,0.32610973715782166,0.01193093229085207,0.007224963046610355,0.0,0.15254664421081543,0.5,0.5,0.5,0.5
22.900000000000002,283.6791762621829,-0.10236702114343643,0.00430908752605319,-0.000272407807642594,-0.10236702114343643,-0.000272407807642594,-0.10236702114343643,282.67138671875,-0.08296854794025421,16.111059188842773,0.00430908752605319,5.0707712944131345e-05,-0.00020345688972156495,0.07864515483379364,0.01981089636683464,0.16544009745121002,3.0183186531066895,0.01981089636683464,0.008583355695009232,0.0,0.1525419056415558,0.5,0.5,0.5,0.5
23.0,285.29029518823586,-0.10136803239583969,0.008798489347100258,0.000339627789799124,-0.10136803239583969,0.000339627789799124,-0.10136803239583969,284.2825012207031,-0.08279146999120712,16.11101722717285,0.008798489347100258,0.0001738553401082754,-0.0007099298527464271,0.165793314576149,0.0468083992600441,0.30399414896965027,0.03409956768155098,0.0468083992600441,0.009726827964186668,0.0,0.1525236964225769,0.5,0.5,0.5,0.5
23.1,286.90142082085544,-0.0977482795715332,0.016960853710770607,0.0016016551526263356,-0.0977482795715332,0.0016016551526263356,-0.0977482795715332,285.8935852050781,-0.08092227578163147,16.110918045043945,0.016960853710770607,0.00029494729824364185,-0.0014456623466685414,0.29217201471328735,0.0807461366057396,0.4045158624649048,1.7618619203567505,0.0807461366057396,0.010879895649850368,0.0,0.1524968147277832,0.5,0.5,0.5,0.5
23.2,288.5125373181851,-0.08987651765346527,0.028528926894068718,0.0038329747039824724,-0.08987651765346527,0.0038329747039824724,-0.08987651765346527,287.5046691894531,-0.07606391608715057,16.11071014404297,0.028528926894068718,0.00043688263394869864,-0.0031785122118890285,0.4904569685459137,0.13157370686531067,0.6215170621871948,2.4525864124298096,0.13157370686531067,0.012597265653312206,0.0,0.1524917632341385,0.5,0.5,0.5,0.5
23.3,290.1235991059912,-0.07519610226154327,0.04570506885647774,0.00748139014467597,-0.07519610226154327,0.00748139014467597,-0.07519610226154327,289.1156921386719,-0.06621329486370087,16.11026954650879,0.04570506885647774,0.0006634924793615937,-0.006746238563209772,0.779593825340271,0.20636264979839325,0.8727357983589172,2.398247718811035,0.20636264979839325,0.01595158688724041,0.0,0.15254338085651398,0.5,0.5,0.5,0.5
23.400000000000002,291.7344969038449,-0.050058577209711075,0.06984906643629074,0.013188525103032589,-0.050058577209711075,0.013188525103032589,-0.050058577209711075,290.7265930175781,-0.04847126826643944,16.109386444091797,0.06984906643629074,0.0009175438899546862,-0.013210549019277096,1.165113091468811,0.306485116481781,1.124396562576294,2.225794553756714,0.306485116481781,0.022670302540063858,0.0,0.1527470350265503,0.5,0.5,0.5,0.5
23.5,293.34499397275937,-0.009900732897222042,0.10070891678333282,0.021649455651640892,-0.009900732897222042,0.021649455651640892,-0.009900732897222042,292.337158203125,-0.01899559423327446,16.107730865478516,0.10070891678333282,0.0010700271232053638,-0.023628175258636475,1.632633090019226,0.4295525848865509,1.3094077110290527,1.0601396560668945,0.4295525848865509,0.03433290868997574,0.0,0.15327392518520355,0.5,0.5,0.5,0.5
23.6,294.95465824341034,0.050384990870952606,0.13620847463607788,0.033456526696681976,0.050384990870952606,0.033456526696681976,0.050384990870952606,293.9471435546875,0.02684027887880802,16.104934692382812,0.13620847463607788,0.0009135058498941362,-0.03668351471424103,2.1323678493499756,0.559417724609375,1.1955435276031494,-4.073539733886719,0.559417724609375,0.05049875006079674,0.0,0.15435628592967987,0.5,0.5,0.5,0.5
23.7,296.5628495705337,0.1355096995830536,0.1697632372379303,0.048796433955430984,0.1355096995830536,0.048796433955430984,0.1355096995830536,295.5560302734375,0.09390659630298615,16.100961685180664,0.1697632372379303,0.00013846864749211818,-0.04433662071824074,2.551786184310913,0.6498768925666809,0.5537610054016113,-8.039399147033691,0.6498768925666809,0.06886070221662521,0.0,0.15614382922649384,0.5,0.5,0.5,0.5
23.8,298.1688731466176,0.24824713170528412,0.1913750320672989,0.06698005646467209,0.24824713170528412,0.06698005646467209,0.24824713170528412,297.1632385253906,0.1862707883119583,16.09661102294922,0.1913750320672989,-0.001379268360324204,-0.037894874811172485,2.7943508625030518,0.6622758507728577,-0.3088577091693878,-8.804314613342285,0.6622758507728577,0.08555907756090164,0.0,0.1584368795156479,0.5,0.5,0.5,0.5
23.900000000000002,299.77224765612783,0.3887816369533539,0.1932145059108734,0.08639640361070633,0.3887816369533539,0.08639640361070633,0.3887816369533539,298.7682189941406,0.306256502866745,16.093164443969727,0.1932145059108734,-0.0033068943303078413,-0.01726635731756687,2.802511215209961,0.5881142616271973,-1.1499773263931274,-7.815352916717529,0.5881142616271973,0.09501148015260696,0.0,0.16065585613250732,0.5,0.5,0.5,0.5
24.0,301.3729321102827,0.5546241998672485,0.17108143866062164,0.10482985526323318,0.5546241998672485,0.10482985526323318,0.5546241998672485,300.37066650390625,0.453870952129364,16.091705322265625,0.17108143866062164,-0.00500552449375391,0.00931731890887022,2.5342235565185547,0.43681439757347107,-1.8332085609436035,-5.61650276184082,0.43681439757347107,0.09067419916391373,0.0,0.16217041015625,0.5,0.5,0.5,0.5
24.1,302.97148386880593,0.7404388785362244,0.1239696815609932,0.11981214582920074,0.7404388785362244,0.11981214582920074,0.7404388785362244,301.9705505371094,0.6264001131057739,16.09266471862793,0.1239696815609932,-0.005818311590701342,0.031955718994140625,1.9642359018325806,0.23174680769443512,-2.201176881790161,-1.8207488059997559,0.23174680769443512,0.069920614361763,0.0,0.16273054480552673,0.5,0.5,0.5,0.5
24.2,304.5689673912252,0.938051164150238,0.05502690002322197,0.12894442677497864,0.938051164150238,0.12894442677497864,0.938051164150238,303.5685119628906,0.8181729912757874,16.09566307067871,0.05502690002322197,-0.005232579540461302,0.041769880801439285,1.0881175994873047,0.004389073234051466,-2.370084285736084,-1.2237052917480469,0.004389073234051466,0.037454064935445786,0.0,0.1625952273607254,0.5,0.5,0.5,0.5
24.3,306.1666897273351,1.1370831727981567,-0.024370020255446434,0.1305280476808548,1.1370831727981567,0.1305280476808548,1.1370831727981567,305.1654968261719,1.0205280780792236,16.099456787109375,-0.024370020255446434,-0.003425514092668891,0.03577297180891037,-0.07434096932411194,-0.23307833075523376,-2.3637354373931885,0.1725226789712906,-0.23307833075523376,-0.0017889017472043633,0.0,0.16208428144454956,0.5,0.5,0.5,0.5
24.400000000000002,307.7657853740119,1.3261195421218872,-0.09600641578435898,0.12442592531442642,1.3261195421218872,0.12442592531442642,1.3261195421218872,306.762939453125,1.2221074104309082,16.102359771728516,-0.09600641578435898,-0.0016346646007150412,0.015387482941150665,-1.3395910263061523,-0.47372809052467346,-2.4740307331085205,-1.7595776319503784,-0.47372809052467346,-0.04544339329004288,0.0,0.1618242710828781,0.5,0.5,0.5,0.5
24.5,309.36688797305516,1.4948126077651978,-0.15949130058288574,0.1116824820637703,1.4948126077651978,0.1116824820637703,1.4948126077651978,308.36212158203125,1.4105589389801025,16.10223388671875,-0.15949130058288574,-0.0006644790410064161,-0.027164870873093605,-2.4699203968048096,-0.743831992149353,-3.0927114486694336,-10.26059341430664,-0.743831992149353,-0.09227529913187027,0.0,0.16265535354614258,0.5,0.5,0.5,0.5
24.6,310.97017672237126,1.6328991651535034,-0.23093123733997345,0.09230340272188187,1.6328991651535034,0.09230340272188187,1.6328991651535034,309.9637145996094,1.5743988752365112,16.09616470336914,-0.23093123733997345,1.0522875527385622e-05,-0.10364707559347153,-3.5523581504821777,-1.1107139587402344,-4.364274501800537,-19.89434242248535,-1.1107139587402344,-0.13966284692287445,0.0,0.16628864407539368,0.5,0.5,0.5,0.5
24.7,312.57496744687154,1.7293497323989868,-0.3020676374435425,0.06551065295934677,1.7293497323989868,0.06551065295934677,1.7293497323989868,311.56744384765625,1.7031139135360718,16.080339431762695,-0.3020676374435425,0.0024593931157141924,-0.2117251306772232,-4.184328556060791,-1.7501167058944702,-9.902533531188965,-113.6323471069336,-1.7501167058944702,-0.1834907829761505,0.0,0.17482423782348633,0.5,0.5,0.5,0.5
24.8,314.17907752977237,1.7812801599502563,-0.3339811861515045,0.03340846672654152,1.7812801599502563,0.03340846672654152,1.7812801599502563,313.17169189453125,1.7903618812561035,16.050580978393555,-0.3339811861515045,0.007914070971310139,-0.3485936224460602,-4.40987491607666,-2.855928421020508,-12.421934127807617,-23.12123680114746,-2.855928421020508,-0.2158937305212021,0.0,0.19040513038635254,0.5,0.5,0.5,0.5
24.900000000000002,315.77974730456265,1.7894799709320068,-0.34022191166877747,-0.00042969550122506917,1.7894799709320068,-0.00042969550122506917,1.7894799709320068,314.7738952636719,1.8336344957351685,16.00318145751953,-0.34022191166877747,0.013934273272752762,-0.5179505348205566,-4.5062079429626465,-4.284177780151367,-16.406940460205078,41.356693267822266,-4.284177780151367,-0.22553230822086334,0.0,0.21510203182697296,0.5,0.5,0.5,0.5
25.0,317.37419726799766,1.7536691427230835,-0.3341107666492462,-0.034236736595630646,1.7536691427230835,-0.034236736595630646,1.7536691427230835,316.3710021972656,1.831889271736145,15.939695358276367,-0.3341107666492462,0.019414449110627174,-0.5272147059440613,-4.5611491203308105,-4.490603446960449,0.0,0.0,-4.490603446960449,-0.1996023952960968,0.0,0.238969087600708,0.5,0.5,0.5,0.5
25.1,318.9611475944951,1.6741764545440674,-0.32143664360046387,-0.06705872714519501,1.6741764545440674,-0.06705872714519501,1.6741764545440674,317.96124267578125,1.7847143411636353,15.882002830505371,-0.32143664360046387,0.02342069149017334,-0.420665442943573,-4.6128435134887695,-3.9787845611572266,8.30055046081543,89.04808044433594,-3.9787845611572266,-0.12564948201179504,0.0,0.23623807728290558,0.5,0.5,0.5,0.5
25.2,320.54035816530046,1.550176978111267,-0.30563902854919434,-0.09843598306179047,1.550176978111267,-0.09843598306179047,1.550176978111267,319.5442810058594,1.691752314567566,15.837447166442871,-0.30563902854919434,0.025616062805056572,-0.2314825803041458,-4.642731666564941,-2.943276882171631,12.368766784667969,47.32633972167969,-2.943276882171631,0.00406428100541234,0.0,0.22912514209747314,0.5,0.5,0.5,0.5
25.3,322.11217858810005,1.3814780712127686,-0.28887954354286194,-0.12817102670669556,1.3814780712127686,-0.12817102670669556,1.3814780712127686,321.1203918457031,1.552796721458435,15.810259819030762,-0.28887954354286194,0.025995684787631035,-0.12803150713443756,-4.63664436340332,-2.3466694355010986,0.5168359279632568,-4.946224689483643,-2.3466694355010986,0.17444145679473877,0.0,0.20899423956871033,0.5,0.5,0.5,0.5
25.400000000000002,323.67599176939007,1.1683690547943115,-0.27316921949386597,-0.156258225440979,1.1683690547943115,-0.156258225440979,1.1683690547943115,322.689208984375,1.3679890632629395,15.783232688903809,-0.27316921949386597,0.024777058511972427,-0.1848815530538559,-4.612703800201416,-2.2424821853637695,2.199157476425171,27.417327880859375,-2.2424821853637695,0.3620515763759613,0.0,0.18108946084976196,0.5,0.5,0.5,0.5
25.5,325.2300988853928,0.9120204448699951,-0.26248329877853394,-0.18298685550689697,0.9120204448699951,-0.18298685550689697,0.9120204448699951,324.2490234375,1.1378666162490845,15.75108814239502,-0.26248329877853394,0.022369543090462685,-0.2426805943250656,-4.568907737731934,-1.861026644706726,5.7300801277160645,47.41657257080078,-1.861026644706726,0.5458423495292664,0.0,0.15096990764141083,0.5,0.5,0.5,0.5
25.6,326.7728926807814,0.6122807860374451,-0.2615281939506531,-0.20907393097877502,0.6122807860374451,-0.20907393097877502,0.6122807860374451,325.79815673828125,0.8631396889686584,15.715987205505371,-0.2615281939506531,0.019409017637372017,-0.2609570324420929,-4.558945655822754,-0.9684863686561584,11.555627822875977,55.2623176574707,-0.9684863686561584,0.7065581679344177,0.0,0.12250257283449173,0.5,0.5,0.5,0.5
25.7,328.30544429316717,0.27758488059043884,-0.1627836376428604,-0.23241527378559113,0.27758488059043884,-0.23241527378559113,0.27758488059043884,327.3361511230469,0.5479295253753662,15.685546875,-0.1627836376428604,0.021839933469891548,-0.2646086812019348,-1.6352355480194092,0.2798639237880707,11.632823944091797,-35.5321159362793,0.2798639237880707,0.8284996151924133,0.0,0.09134446084499359,0.5,0.5,0.5,0.5
25.8,329.83945703488905,-0.04262826591730118,0.12082900106906891,-0.2352931648492813,-0.04262826591730118,-0.2352931648492813,-0.04262826591730118,328.8675537109375,0.21686935424804688,15.647187232971191,0.12082900106906891,0.022828828543424606,-0.5021274089813232,1.0061688423156738,1.2406177520751953,7.574252605438232,-18.255949020385742,1.2406177520751953,0.9128226637840271,0.0,0.06414341181516647,0.5,0.5,0.5,0.5
25.900000000000002,331.3778068037573,-0.32159170508384705,0.35604116320610046,-0.21004612743854523,-0.32159170508384705,-0.21004612743854523,-0.32159170508384705,330.3963928222656,-0.10320975631475449,15.591145515441895,0.35604116320610046,0.011855325661599636,-0.6714251637458801,3.484102249145508,1.78219735622406,3.680156946182251,-20.6931095123291,1.78219735622406,0.9640780687332153,0.0,0.050116121768951416,0.5,0.5,0.5,0.5
26.0,332.9159389019653,-0.5561591982841492,0.42500486969947815,-0.17004993557929993,-0.5561591982841492,-0.17004993557929993,-0.5561591982841492,331.9255065917969,-0.3897939920425415,15.5228910446167,0.42500486969947815,-0.002288282848894596,-0.7281277179718018,4.463027000427246,2.2699358463287354,7.674738883972168,84.66031646728516,2.2699358463287354,0.9870543479919434,0.0,0.04758502170443535,0.5,0.5,0.5,0.5
26.1,334.4505633171654,-0.7516751289367676,0.42541587352752686,-0.1272965669631958,-0.7516751289367676,-0.1272965669631958,-0.7516751289367676,333.4547119140625,-0.6319572925567627,15.440869331359863,0.42541587352752686,-0.015330109745264053,-0.8425982594490051,4.695710182189941,3.3036272525787354,12.833929061889648,63.722808837890625,3.3036272525787354,0.973048985004425,0.0,0.05401713028550148,0.5,0.5,0.5,0.5
26.2,335.9806626656487,-0.9055805206298828,0.40943479537963867,-0.08546853065490723,-0.9055805206298828,-0.08546853065490723,-0.9055805206298828,334.9814453125,-0.8269298672676086,15.340641975402832,0.40943479537963867,-0.027106530964374542,-0.9847785830497742,4.604942798614502,4.8899970054626465,18.596845626831055,49.37644577026367,4.8899970054626465,0.9019958972930908,0.0,0.07707351446151733,0.5,0.5,0.5,0.5
26.3,337.5035929212288,-1.0150302648544312,0.38574734330177307,-0.045647136867046356,-1.0150302648544312,-0.045647136867046356,-1.0150302648544312,336.5023193359375,-0.975203812122345,15.219465255737305,0.38574734330177307,-0.03726761043071747,-1.1579464673995972,4.521842956542969,6.625757217407227,20.522228240966797,25.189258575439453,6.625757217407227,0.7514177560806274,0.0,0.12545490264892578,0.5,0.5,0.5,0.5
26.400000000000002,339.0156567010305,-1.0807609558105469,0.3576444983482361,-0.008421728387475014,-1.0807609558105469,-0.008421728387475014,-1.0807609558105469,338.013671875,-1.0777504444122314,15.076323509216309,0.3576444983482361,-0.0452076680958271,-1.2844427824020386,4.445569038391113,8.53914737701416,0.0,0.0,8.53914737701416,0.5156487226486206,0.0,0.21494996547698975,0.5,0.5,0.5,0.5
26.5,340.51438582778496,-1.1055660247802734,0.32600560784339905,0.02576659806072712,-1.1055660247802734,0.02576659806072712,-1.1055660247802734,339.5126953125,-1.1355485916137695,14.929580688476562,0.32600560784339905,-0.050047870725393295,-1.2087427377700806,4.48709774017334,8.53914737701416,0.0,0.0,8.53914737701416,0.22017301619052887,0.0,0.3403169810771942,0.5,0.5,0.5,0.5
26.6,341.9993112411109,-1.0880036354064941,0.2960944175720215,0.05687308683991432,-1.0880036354064941,0.05687308683991432,-1.0880036354064941,340.99859619140625,-1.148666501045227,14.794536590576172,0.2960944175720215,-0.05094846338033676,-1.0185123682022095,4.596198081970215,8.53914737701416,0.0,0.0,8.53914737701416,-0.10588434338569641,0.0,0.4771920144557953,0.5,0.5,0.5,0.5
26.7,343.47105532220814,-1.0270895957946777,0.26734304428100586,0.08505722880363464,-1.0270895957946777,0.08505722880363464,-1.0270895957946777,342.47174072265625,-1.1164089441299438,14.682075500488281,0.26734304428100586,-0.047863833606243134,-0.7699198126792908,4.695132255554199,8.53914737701416,0.0,0.0,8.53914737701416,-0.43801262974739075,0.0,0.5687987208366394,0.5,0.5,0.5,0.5
26.8,344.9308374502902,-0.9228875637054443,0.23883569240570068,0.11037252098321915,-0.9228875637054443,0.11037252098321915,-0.9228875637054443,343.9332275390625,-1.038020133972168,14.596118927001953,0.23883569240570068,-0.04109647497534752,-0.5366581678390503,4.735243797302246,8.53914737701416,0.0,0.0,8.53914737701416,-0.7557186484336853,0.0,0.6113938093185425,0.5,0.5,0.5,0.5
26.900000000000002,346.3797979849881,-0.7754289507865906,0.2141139656305313,0.1329706460237503,-0.7754289507865906,0.1329706460237503,-0.7754289507865906,345.3841552734375,-0.9131878614425659,14.535116195678711,0.2141139656305313,-0.03136724233627319,-0.3499382734298706,4.684993743896484,8.53914737701416,0.0,0.0,8.53914737701416,-1.0411561727523804,0.0,0.6277273297309875,0.5,0.5,0.5,0.5
27.0,347.81880000146003,-0.5845540165901184,0.20221789181232452,0.15363799035549164,-0.5845540165901184,0.15363799035549164,-0.5845540165901184,346.82537841796875,-0.7424101233482361,14.495798110961914,0.20221789181232452,-0.020223431289196014,-0.20586098730564117,4.529242038726807,8.53914737701416,0.0,0.0,8.53914737701416,-1.277967095375061,0.0,0.6313603520393372,0.5,0.5,0.5,0.5
27.1,349.2483611116379,-0.3499535024166107,0.21303755044937134,0.17418800294399261,-0.3499535024166107,0.17418800294399261,-0.3499535024166107,348.2575988769531,-0.5271521806716919,14.474188804626465,0.21303755044937134,-0.010185912251472473,-0.10056664049625397,4.324441909790039,8.53914737701416,0.0,0.0,8.53914737701416,-1.4501993656158447,0.0,0.6259164214134216,0.5,0.5,0.5,0.5
27.2,350.66846515139184,-0.07087838649749756,0.24419032037258148,0.1969176083803177,-0.07087838649749756,0.1969176083803177,-0.07087838649749756,349.6812744140625,-0.2693270444869995,14.4652738571167,0.24419032037258148,-0.0034896000288426876,-0.02848983369767666,4.210898399353027,8.53914737701416,0.0,0.0,8.53914737701416,-1.5405114889144897,0.0,0.6206574440002441,0.5,0.5,0.5,0.5
27.3,352.0785678098935,0.253317654132843,0.28011539578437805,0.22315865755081177,0.253317654132843,0.22315865755081177,0.253317654132843,351.09637451171875,0.029880408197641373,14.464254379272461,0.28011539578437805,-0.0006398152327165008,0.04662498086690903,4.228006839752197,7.882126331329346,-15.037277221679688,-174.5329132080078,7.882126331329346,-1.527892827987671,0.0,0.6126511096954346,0.5,0.5,0.5,0.5
27.400000000000002,353.47914670315896,0.6219658255577087,0.30236583948135376,0.25241899490356445,0.6219658255577087,0.25241899490356445,0.6219658255577087,352.50323486328125,0.37049099802970886,14.495039939880371,0.30236583948135376,-0.0007858285098336637,0.5454712510108948,4.204864025115967,6.2207536697387695,-12.725519180297852,0.608450710773468,6.2207536697387695,-1.387509822845459,0.0,0.5805484652519226,0.5,0.5,0.5,0.5
27.5,354.87331956184664,1.034697413444519,0.30498483777046204,0.2830023169517517,1.034697413444519,0.2830023169517517,1.034697413444519,353.9048156738281,0.7531214952468872,14.570301055908203,0.30498483777046204,-0.002693325513973832,1.0336499214172363,4.090863227844238,4.482086181640625,-23.082231521606445,-90.40452575683594,4.482086181640625,-1.0941693782806396,0.0,0.5557270050048828,0.5,0.5,0.5,0.5
27.6,356.2666128617334,1.4870378971099854,0.2699805498123169,0.31218838691711426,1.4870378971099854,0.31218838691711426,1.4870378971099854,355.3052978515625,1.177604079246521,14.70969009399414,0.2699805498123169,-0.005468369461596012,1.8113466501235962,3.5151076316833496,1.9435254335403442,-26.1799373626709,0.0,1.9435254335403442,-0.6342888474464417,0.0,0.4865613281726837,0.5,0.5,0.5,0.5
27.7,357.6697318261438,1.9680986404418945,0.14341163635253906,0.3345392346382141,1.9680986404418945,0.3345392346382141,1.9680986404418945,356.7126159667969,1.6398980617523193,14.920655250549316,0.14341163635253906,-0.010025909170508385,1.7984135150909424,0.6692698001861572,-0.669581413269043,-24.958208084106445,174.5329132080078,-0.669581413269043,-0.026004672050476074,0.0,0.3519628345966339,0.5,0.5,0.5,0.5
27.8,359.09694695546966,2.429670572280884,-0.17683818936347961,0.33254483342170715,2.429670572280884,0.33254483342170715,2.429670572280884,358.1342468261719,2.115926742553711,15.04024600982666,-0.17683818936347961,-0.013308165594935417,0.6410110592842102,-1.9482581615447998,-2.415432929992676,-13.382762908935547,-3.8197436332702637,-2.415432929992676,0.6849379539489746,0.0,0.5008559823036194,0.5,0.5,0.5,0.5
27.900000000000002,360.5433590267786,2.8479623794555664,-0.3344147205352783,0.305521160364151,2.8479623794555664,0.305521160364151,2.8479623794555664,359.5690612792969,2.576083183288574,15.088616371154785,-0.3344147205352783,-0.0053796409629285336,0.21876735985279083,-3.718845844268799,-4.295140743255615,-24.878759384155273,-87.9179458618164,-4.295140743255615,1.4481863975524902,0.0,0.5146220922470093,0.5,0.5,0.5,0.5
28.0,362.00057379527425,3.2282586097717285,-0.37783852219581604,0.26938724517822266,3.2282586097717285,0.26938724517822266,3.2282586097717285,361.0166931152344,3.0023303031921387,15.084558486938477,-0.37783852219581604,0.0032987294252961874,-0.30116504430770874,-4.497523307800293,-6.903099060058594,-26.1799373626709,2.4868995751603507e-10,-6.903099060058594,2.2265658378601074,0.0,0.5107778906822205,0.5,0.5,0.5,0.5
28.1,363.46324582013716,3.5705981254577637,-0.38383981585502625,0.2311670035123825,3.5705981254577637,0.2311670035123825,3.5705981254577637,362.4732971191406,3.385188341140747,15.035269737243652,-0.38383981585502625,0.011060943827033043,-0.47674357891082764,-4.666954517364502,-9.521092414855957,-26.1799373626709,0.0,-9.521092414855957,2.9951443672180176,0.0,0.5266287922859192,0.5,0.5,0.5,0.5
28.2,364.93086637005086,3.871565341949463,-0.3738234341144562,0.1931517869234085,3.871565341949463,0.1931517869234085,3.871565341949463,363.93597412109375,3.7217857837677,14.98577880859375,-0.3738234341144562,0.017998166382312775,-0.3766501247882843,-4.679807662963867,-9.753325462341309,-4.473823070526123,-149.89024353027344,-9.753325462341309,3.7373571395874023,0.0,0.5358298420906067,0.5,0.5,0.5,0.5
28.3,366.40355440777273,4.126672267913818,-0.35508185625076294,0.15664100646972656,4.126672267913818,0.15664100646972656,4.126672267913818,365.4039306640625,4.011775970458984,14.942588806152344,-0.35508185625076294,0.02329748123884201,-0.3060707151889801,-4.668588638305664,-9.890108108520508,0.0,0.0,-9.890108108520508,4.439227104187012,0.0,0.5248289704322815,0.5,0.5,0.5,0.5
28.400000000000002,367.8795796794488,4.335763931274414,-0.3311293125152588,0.12229061126708984,4.335763931274414,0.12229061126708984,4.335763931274414,366.8760986328125,4.255112171173096,14.902055740356445,-0.3311293125152588,0.026363538578152657,-0.2882947325706482,-4.662448883056641,-9.890108108520508,0.0,0.0,-9.890108108520508,5.08515739440918,0.0,0.4671817719936371,0.5,0.5,0.5,0.5
28.5,369.3569043484352,4.50031852722168,-0.30543410778045654,0.09044600278139114,4.50031852722168,0.09044600278139114,4.50031852722168,368.35107421875,4.451749324798584,14.8587064743042,-0.30543410778045654,0.026907946914434433,-0.3479437232017517,-4.648284912109375,-9.684149742126465,2.331761598587036,-174.5329132080078,-9.684149742126465,5.654984951019287,0.0,0.37690746784210205,0.5,0.5,0.5,0.5
28.6,370.83339292380384,4.620676040649414,-0.28284555673599243,0.06106935068964958,4.620676040649414,0.06106935068964958,4.620676040649414,369.8267517089844,4.601761341094971,14.805874824523926,-0.28284555673599243,0.025117067620158195,-0.4870595932006836,-4.596651077270508,-9.834383010864258,0.6336600184440613,-44.157684326171875,-9.834383010864258,6.11978816986084,0.0,0.29241132736206055,0.5,0.5,0.5,0.5
28.7,372.30650582694915,4.696810722351074,-0.2666170597076416,0.03364841639995575,4.696810722351074,0.03364841639995575,4.696810722351074,371.3003234863281,4.705560684204102,14.73727035522461,-0.2666170597076416,0.02171940915286541,-0.6846529245376587,-4.513477325439453,-10.078766822814941,0.0,0.0,-10.078766822814941,6.434091091156006,0.0,0.22654719650745392,0.5,0.5,0.5,0.5
28.8,373.7732994169774,4.729211330413818,-0.257662832736969,0.0074970596469938755,4.729211330413818,0.0074970596469938755,4.729211330413818,372.7685546875,4.763987064361572,14.649171829223633,-0.257662832736969,0.017579268664121628,-0.9110577702522278,-4.397286891937256,-10.078766822814941,0.0,0.0,-10.078766822814941,6.525313377380371,0.0,0.1741008311510086,0.5,0.5,0.5,0.5
28.900000000000002,375.23051596862405,4.718235492706299,-0.2566138505935669,-0.01816052943468094,4.718235492706299,-0.01816052943468094,4.718235492706299,374.2279968261719,4.7783427238464355,14.539836883544922,-0.2566138505935669,0.013653382658958435,-1.14449143409729,-4.2578535079956055,-9.928608894348145,7.064172267913818,106.24372100830078,-9.928608894348145,6.376265048980713,0.0,0.1315598487854004,0.5,0.5,0.5,0.5
29.0,376.6748605302004,4.664828777313232,-0.26128098368644714,-0.04400089010596275,4.664828777313232,-0.04400089010596275,4.664828777313232,375.67529296875,4.750302791595459,14.409790992736816,-0.26128098368644714,0.010647352784872055,-1.356069564819336,-4.115235805511475,-9.983235359191895,-9.032021522521973,-174.5329132080078,-9.983235359191895,6.065865993499756,0.0,0.10514527559280396,0.5,0.5,0.5,0.5
29.1,378.1032043884111,4.569937229156494,-0.26865267753601074,-0.07051534205675125,4.569937229156494,-0.07051534205675125,4.569937229156494,377.10723876953125,4.681662559509277,14.262130737304688,-0.26865267753601074,0.008896186016499996,-1.511985182762146,-4.022756576538086,-10.0789213180542,6.108652114868164,174.5329132080078,-10.0789213180542,5.651177883148193,0.0,0.09104239195585251,0.5,0.5,0.5,0.5
29.2,379.51314185952697,4.435696125030518,-0.2734745144844055,-0.0976235568523407,4.435696125030518,-0.0976235568523407,4.435696125030518,378.5213317871094,4.573929309844971,14.10208511352539,-0.2734745144844055,0.007962184026837349,-1.6209564208984375,-3.9529449939727783,-9.993849754333496,-6.93162727355957,-138.56793212890625,-9.993849754333496,5.167211055755615,0.0,0.08510201424360275,0.5,0.5,0.5,0.5
29.3,380.9024721477297,4.262921333312988,-0.2769312560558319,-0.12518176436424255,4.262921333312988,-0.12518176436424255,4.262921333312988,379.91546630859375,4.428376197814941,13.933809280395508,-0.2769312560558319,0.007546935696154833,-1.6787749528884888,-3.9214284420013428,-10.01738166809082,5.198596000671387,-174.5329132080078,-10.01738166809082,4.637213230133057,0.0,0.08438833057880402,0.5,0.5,0.5,0.5
29.400000000000002,382.2697085306505,4.053433895111084,-0.27765926718711853,-0.15290887653827667,4.053433895111084,-0.15290887653827667,4.053433895111084,381.2880554199219,4.246021270751953,13.761308670043945,-0.27765926718711853,0.007135401945561171,-1.7140926122665405,-3.889406442642212,-10.145591735839844,-2.83418869972229,174.5329132080078,-10.145591735839844,4.077862739562988,0.0,0.08509312570095062,0.5,0.5,0.5,0.5
29.5,383.6134108386727,3.8079588413238525,-0.27803775668144226,-0.18069635331630707,3.8079588413238525,-0.18069635331630707,3.8079588413238525,382.6378173828125,4.027768611907959,13.586688995361328,-0.27803775668144226,0.006585285067558289,-1.7276365756988525,-3.8742945194244385,-10.421296119689941,-6.253580093383789,11.37167739868164,-10.421296119689941,3.502146005630493,0.0,0.08662447333335876,0.5,0.5,0.5,0.5
29.6,384.9325481439309,3.5277512073516846,-0.2777697741985321,-0.20849259197711945,3.5277512073516846,-0.20849259197711945,3.5277512073516846,383.963623046875,3.77445125579834,13.411676406860352,-0.2777697741985321,0.0057493047788739204,-1.7290385961532593,-3.866140365600586,-10.189621925354004,1.2169923782348633,-14.8628568649292,-10.189621925354004,2.921015977859497,0.0,0.08732815086841583,0.5,0.5,0.5,0.5
29.7,386.2260902470965,3.2135496139526367,-0.2783763110637665,-0.23628942668437958,3.2135496139526367,-0.23628942668437958,3.2135496139526367,385.2645263671875,3.48686146736145,13.236802101135254,-0.2783763110637665,0.004623402841389179,-1.7305991649627686,-3.8502981662750244,-9.871406555175781,4.191009998321533,8.625605583190918,-9.871406555175781,2.3444111347198486,0.0,0.08703436702489853,0.5,0.5,0.5,0.5
29.8,387.49303773258606,2.8660409450531006,-0.2802741825580597,-0.26421117782592773,2.8660409450531006,-0.26421117782592773,2.8660409450531006,386.53955078125,3.165851593017578,13.062308311462402,-0.2802741825580597,0.003335217945277691,-1.731418490409851,-3.8366024494171143,-9.19739818572998,9.128469467163086,40.95713806152344,-9.19739818572998,1.7821435928344727,0.0,0.08545085787773132,0.5,0.5,0.5,0.5
29.900000000000002,388.73242885462696,2.4859979152679443,-0.2834395468235016,-0.2923811972141266,2.4859979152679443,-0.2923811972141266,2.4859979152679443,387.787841796875,2.81229567527771,12.888117790222168,-0.2834395468235016,0.001994667574763298,-1.735843539237976,-3.821704387664795,-8.290206909179688,9.725769996643066,57.00819396972656,-8.290206909179688,1.2444162368774414,0.0,0.08240535855293274,0.5,0.5,0.5,0.5
30.0,389.94326472149675,2.0740997791290283,-0.28797176480293274,-0.32093682885169983,2.0740997791290283,-0.32093682885169983,2.0740997791290283,389.0085144042969,2.4270899295806885,12.715262413024902,-0.28797176480293274,0.00070919468998909,-1.7078399658203125,-3.818599224090576,-7.333847999572754,10.208882331848145,77.10292053222656,-7.333847999572754,0.7422698140144348,0.0,0.07730964571237564,0.5,0.5,0.5,0.5
30.1,391.1247990276406,1.63081693649292,-0.2955244779586792,-0.35006967186927795,1.63081693649292,-0.35006967186927795,1.63081693649292,390.2009582519531,2.0109288692474365,12.548127174377441,-0.2955244779586792,-0.0005836257478222251,-1.624841332435608,-3.8680367469787598,-6.264613151550293,11.965096473693848,81.30060577392578,-6.264613151550293,0.2873073220252991,0.0,0.06650891900062561,0.5,0.5,0.5,0.5
30.2,392.27662521318456,1.155918836593628,-0.3071981966495514,-0.3801685571670532,1.155918836593628,-0.3801685571670532,1.155918836593628,391.3648681640625,1.563921332359314,12.392319679260254,-0.3071981966495514,-0.0018908018246293068,-1.4976990222930908,-3.957082509994507,-5.045204162597656,14.006285667419434,80.13966369628906,-5.045204162597656,-0.11293244361877441,0.0,0.04569520801305771,0.5,0.5,0.5,0.5
30.3,393.3985378916844,0.6489549875259399,-0.3216898441314697,-0.4115801155567169,0.6489549875259399,-0.4115801155567169,0.6489549875259399,392.5001525878906,1.0856733322143555,12.250686645507812,-0.3216898441314697,-0.0030774618498981,-1.3361982107162476,-4.071295261383057,-3.439213514328003,14.514644622802734,27.87340545654297,-3.439213514328003,-0.46492889523506165,0.0,0.038695525377988815,0.5,0.5,0.5,0.5
30.400000000000002,394.4904673937379,0.10870198905467987,-0.34152963757514954,-0.4446745812892914,0.10870198905467987,-0.4446745812892914,0.10870198905467987,393.6069641113281,0.5752986669540405,12.13241195678711,-0.34152963757514954,-0.004175253212451935,-1.058577060699463,-4.293912410736084,-1.5200846195220947,23.49053192138672,80.58576965332031,-1.5200846195220947,-0.7832193970680237,0.0,0.040047481656074524,0.5,0.5,0.5,0.5
30.5,395.56354180835797,-0.4499429166316986,-0.15604662895202637,-0.4735746383666992,-0.4499429166316986,-0.4735746383666992,-0.4499429166316986,394.6904296875,0.03738813474774361,12.07186508178711,-0.15604662895202637,0.009170690551400185,-0.5493101477622986,0.3833226263523102,0.805245578289032,20.313692092895508,6.907186508178711,0.805245578289032,-1.0785877704620361,0.0,0.01632276177406311,0.5,0.5,0.5,0.5
30.6,396.65454769365397,-0.9641262888908386,0.20530171692371368,-0.47045737504959106,-0.9641262888908386,-0.47045737504959106,-0.9641262888908386,395.769287109375,-0.4969766438007355,12.003730773925781,0.20530171692371368,0.016970889642834663,-0.8118945956230164,2.147388219833374,2.600245475769043,16.05473518371582,96.72161102294922,2.600245475769043,-1.337440848350525,0.0,0.018475351855158806,0.5,0.5,0.5,0.5
30.7,397.75635497643987,-1.434828519821167,0.3564305603504181,-0.44064635038375854,-1.434828519821167,-0.44064635038375854,-1.434828519821167,396.8509826660156,-1.007825493812561,11.9208984375,0.3564305603504181,0.013483813963830471,-0.9430178999900818,3.9143011569976807,4.18466854095459,16.519107818603516,84.9931869506836,4.18466854095459,-1.5503599643707275,0.0,0.05583580583333969,0.5,0.5,0.5,0.5
30.8,398.86222930452345,-1.8667693138122559,0.3929319679737091,-0.40278229117393494,-1.8667693138122559,-0.40278229117393494,-1.8667693138122559,397.9401550292969,-1.480393886566162,11.824039459228516,0.3929319679737091,0.010848170146346092,-1.0924701690673828,4.3690571784973145,5.83364200592041,16.542306900024414,168.5161895751953,5.83364200592041,-1.7085450887680054,0.0,0.13031060993671417,0.5,0.5,0.5,0.5
30.900000000000002,399.97199511410037,-2.258220911026001,0.40043678879737854,-0.36299291253089905,-2.258220911026001,-0.36299291253089905,-2.258220911026001,399.0361328125,-1.9090992212295532,11.712910652160645,0.40043678879737854,0.008129335008561611,-1.2168277502059937,4.3381266593933105,7.691519260406494,17.485069274902344,90.85242462158203,7.691519260406494,-1.8158718347549438,0.0,0.2405712753534317,0.5,0.5,0.5,0.5
31.0,401.08501680381875,-2.6055898666381836,0.3977827727794647,-0.3230407238006592,-2.6055898666381836,-0.3230407238006592,-2.6055898666381836,400.13641357421875,-2.293031692504883,11.597626686096191,0.3977827727794647,0.005405258387327194,-1.1052144765853882,4.345146179199219,9.724664688110352,18.849145889282227,76.4357681274414,9.724664688110352,-1.8816542625427246,0.0,0.39014920592308044,0.5,0.5,0.5,0.5
31.1,402.2007996186746,-2.9076616764068604,0.392110675573349,-0.2835019826889038,-2.9076616764068604,-0.2835019826889038,-2.9076616764068604,401.2401428222656,-2.632150650024414,11.50189208984375,0.392110675573349,0.004037569742649794,-0.8303080201148987,4.452392101287842,10.725696563720703,-2.098266839981079,174.5329132080078,10.725696563720703,-1.91530442237854,0.0,0.5483668446540833,0.5,0.5,0.5,0.5
31.2,403.3200249986888,-3.1649627685546875,0.38433757424354553,-0.24468031525611877,-3.1649627685546875,-0.24468031525611877,-3.1649627685546875,402.3483581542969,-2.9261608123779297,11.436795234680176,0.38433757424354553,0.004524255637079477,-0.509234607219696,4.533014297485352,10.750445365905762,0.23461447656154633,174.5329132080078,10.750445365905762,-1.9251391887664795,0.0,0.6741740107536316,0.5,0.5,0.5,0.5
31.3,404.4440312425382,-3.3770370483398438,0.37728703022003174,-0.20660005509853363,-3.3770370483398438,-0.20660005509853363,-3.3770370483398438,403.462646484375,-3.1749353408813477,11.403929710388184,0.37728703022003174,0.006334499455988407,-0.20547877252101898,4.5499701499938965,10.806434631347656,3.325544595718384,73.34426879882812,10.806434631347656,-1.9193733930587769,0.0,0.7569279670715332,0.5,0.5,0.5,0.5
31.400000000000002,405.573767021791,-3.5444557666778564,0.3716869652271271,-0.16916246712207794,-3.5444557666778564,-0.16916246712207794,-3.5444557666778564,404.5841979980469,-3.3787357807159424,11.400002479553223,0.3716869652271271,0.008718272671103477,0.04320390149950981,4.511842250823975,10.835176467895508,1.9972726106643677,174.5329132080078,10.835176467895508,-1.9068952798843384,0.0,0.7620946168899536,0.5,0.5,0.5,0.5
31.5,406.7096757596209,-3.667816638946533,0.3687765598297119,-0.13216601312160492,-3.667816638946533,-0.13216601312160492,-3.667816638946533,405.7136535644531,-3.5381112098693848,11.416535377502441,0.3687765598297119,0.010995250195264816,0.17563509941101074,4.443027973175049,10.832045555114746,-0.8800055980682373,-140.03231811523438,10.832045555114746,-1.8973846435546875,0.0,0.686648964881897,0.5,0.5,0.5,0.5
31.6,407.8513537351052,-3.7471206188201904,0.3705948293209076,-0.09524282813072205,-3.7471206188201904,-0.09524282813072205,-3.7471206188201904,406.8506774902344,-3.653615713119507,11.442761421203613,0.3705948293209076,0.012698995880782604,0.23465308547019958,4.390108585357666,10.873497009277344,1.1196346282958984,174.5329132080078,10.873497009277344,-1.9010380506515503,0.0,0.6712172627449036,0.5,0.5,0.5,0.5
31.7,408.99794797906145,-3.782113790512085,0.37600645422935486,-0.05793119594454765,-3.782113790512085,-0.05793119594454765,-3.782113790512085,407.99420166015625,-3.7255895137786865,11.474237442016602,0.37600645422935486,0.013563154265284538,0.27035772800445557,4.36916446685791,10.867952346801758,-0.7218133807182312,174.5329132080078,10.867952346801758,-1.927731990814209,0.0,0.6563773155212402,0.5,0.5,0.5,0.5
31.8,410.1482584981184,-3.7726662158966064,0.3818974494934082,-0.020034443587064743,-3.7726662158966064,-0.020034443587064743,-3.7726662158966064,409.1429138183594,-3.7540700435638428,11.508424758911133,0.3818974494934082,0.013658026233315468,0.284485399723053,4.373527526855469,10.894516944885254,1.2326692342758179,174.5329132080078,10.894516944885254,-1.9842013120651245,0.0,0.6366745829582214,0.5,0.5,0.5,0.5
31.900000000000002,411.3007242283749,-3.7187676429748535,0.38623282313346863,0.018387671560049057,-3.7187676429748535,0.018387671560049057,-3.7187676429748535,410.29534912109375,-3.738858699798584,11.54283618927002,0.38623282313346863,0.013228366151452065,0.27860817313194275,4.389573097229004,10.87431526184082,0.4602661728858948,-174.5329132080078,10.87431526184082,-2.0682663917541504,0.0,0.6180469393730164,0.5,0.5,0.5,0.5
32.0,412.4535624350322,-3.620483160018921,0.3886524736881256,0.0571470633149147,-3.620483160018921,0.0571470633149147,-3.620483160018921,411.44976806640625,-3.6796693801879883,11.575748443603516,0.3886524736881256,0.012534421868622303,0.2598735988140106,4.415286064147949,10.90064811706543,0.04784885421395302,174.5329132080078,10.90064811706543,-2.1717777252197266,0.0,0.6088318228721619,0.5,0.5,0.5,0.5
32.1,413.60490694976573,-3.4779319763183594,0.3891236484050751,0.09604822099208832,-3.4779319763183594,0.09604822099208832,-3.4779319763183594,412.6042175292969,-3.576253652572632,11.606508255004883,0.3891236484050751,0.01178673468530178,0.2417985200881958,4.433815002441406,10.9205904006958,1.1231549978256226,130.30963134765625,10.9205904006958,-2.2853379249572754,0.0,0.6056957840919495,0.5,0.5,0.5,0.5
32.2,414.75287927340014,-3.2912161350250244,0.3883015811443329,0.13492853939533234,-3.2912161350250244,0.13492853939533234,-3.2912161350250244,413.7568664550781,-3.428467035293579,11.635215759277344,0.3883015811443329,0.011109095998108387,0.22583967447280884,4.44661283493042,10.9238862991333,0.0,0.0,10.9238862991333,-2.399470329284668,0.0,0.6050905585289001,0.5,0.5,0.5,0.5
32.3,415.8956315797469,-3.060492753982544,0.3867431581020355,0.17368538677692413,-3.060492753982544,0.17368538677692413,-3.060492753982544,414.9057312011719,-3.236301898956299,11.66221809387207,0.3867431581020355,0.010558831505477428,0.21303175389766693,4.454317092895508,10.9238862991333,0.0,0.0,10.9238862991333,-2.5048258304595947,0.0,0.605362594127655,0.5,0.5,0.5,0.5
32.4,417.03135035546444,-2.785975217819214,0.3849284052848816,0.21227048337459564,-2.785975217819214,0.21227048337459564,-2.785975217819214,416.0490417480469,-2.999880075454712,11.687883377075195,0.3849284052848816,0.010143875144422054,0.20325417816638947,4.457648754119873,10.9238862991333,0.0,0.0,10.9238862991333,-2.59216046333313,0.0,0.6059168577194214,0.5,0.5,0.5,0.5
32.5,418.15826526970596,-2.46795392036438,0.38317152857780457,0.25067493319511414,-2.46795392036438,0.25067493319511414,-2.46795392036438,417.1849060058594,-2.7194368839263916,11.712546348571777,0.38317152857780457,0.00984483864158392,0.19603775441646576,4.458078861236572,10.9238862991333,0.0,0.0,10.9238862991333,-2.652198314666748,0.0,0.6064348816871643,0.5,0.5,0.5,0.5
32.6,419.2746467854333,-2.1067850589752197,0.38165533542633057,0.28891459107398987,-2.1067850589752197,0.28891459107398987,-2.1067850589752197,418.3116149902344,-2.3953006267547607,11.73647403717041,0.38165533542633057,0.009629267267882824,0.19077934324741364,4.4569783210754395,10.9238862991333,0.0,0.0,10.9238862991333,-2.6754236221313477,0.0,0.6068159937858582,0.5,0.5,0.5,0.5
32.7,420.3788159404657,-1.7029131650924683,0.38026848435401917,0.32701414823532104,-1.7029131650924683,0.32701414823532104,-1.7029131650924683,419.4274597167969,-2.02787709236145,11.759845733642578,0.38026848435401917,0.009469966404139996,0.18665055930614471,4.45671272277832,10.817242622375488,-2.5745885372161865,-29.023778915405273,10.817242622375488,-2.6518476009368896,0.0,0.6070046424865723,0.5,0.5,0.5,0.5
32.8,421.46917930128535,-1.256923794746399,0.3786541521549225,0.36495938897132874,-1.256923794746399,0.36495938897132874,-1.256923794746399,420.53076171875,-1.6176307201385498,11.782888412475586,0.3786541521549225,0.009382807649672031,0.18501268327236176,4.453527450561523,10.501376152038574,-4.116822719573975,-99.49225616455078,10.501376152038574,-2.5707857608795166,0.0,0.6060592532157898,0.5,0.5,0.5,0.5
32.9,422.54412990730947,-0.7693544030189514,0.3769652545452118,0.4027429521083832,-0.7693544030189514,0.4027429521083832,-0.7693544030189514,421.619873046875,-1.1650941371917725,11.805672645568848,0.3769652545452118,0.009362529963254929,0.18281656503677368,4.450850486755371,9.860508918762207,-7.765888690948486,-99.82930755615234,9.860508918762207,-2.4207868576049805,0.0,0.6048153042793274,0.5,0.5,0.5,0.5
33.0,423.6021183784754,-0.24085909128189087,0.3752128481864929,0.4403545558452606,-0.24085909128189087,0.4403545558452606,-0.24085909128189087,422.6932067871094,-0.6708696484565735,11.828238487243652,0.3752128481864929,0.009411558508872986,0.18002398312091827,4.447770118713379,8.822147369384766,-13.104111671447754,-47.019283294677734,8.822147369384766,-2.1898193359375,0.0,0.6032682061195374,0.5,0.5,0.5,0.5
33.1,424.6417581092865,0.32781168818473816,0.37230443954467773,0.4777652323246002,0.32781168818473816,0.4777652323246002,0.32781168818473816,423.7492980957031,-0.1356067806482315,11.855515480041504,0.37230443954467773,0.009458938613533974,0.4160884618759155,4.393074989318848,7.183745384216309,-19.724924087524414,-69.6937484741211,7.183745384216309,-1.8659658432006836,0.0,0.6004855632781982,0.5,0.5,0.5,0.5
33.2,425.6648649834534,0.9361290335655212,0.357362300157547,0.514427900314331,0.9361290335655212,0.514427900314331,0.9361290335655212,424.7892150878906,0.4406416714191437,11.934576988220215,0.357362300157547,0.008806928992271423,1.1245962381362915,4.12596321105957,4.792503356933594,-26.1799373626709,3.907985046680551e-10,4.792503356933594,-1.4384065866470337,0.0,0.5753936171531677,0.5,0.5,0.5,0.5
33.3,426.67910100387206,1.582364559173584,0.3110240399837494,0.5482202768325806,1.582364559173584,0.5482202768325806,1.582364559173584,425.8188171386719,1.0580655336380005,12.088080406188965,0.3110240399837494,0.006806557532399893,1.8770036697387695,3.4367544651031494,2.1745095252990723,-26.1799373626709,0.0,2.1745095252990723,-0.8990944027900696,0.0,0.5066023468971252,0.5,0.5,0.5,0.5
33.4,427.6968372819692,2.2585654258728027,0.1875021606683731,0.5746362209320068,2.2585654258728027,0.5746362209320068,2.2585654258728027,426.84710693359375,1.7136998176574707,12.304577827453613,0.1875021606683731,0.0014339558547362685,1.89171302318573,0.7252992987632751,-0.443484365940094,-26.1799373626709,0.0,-0.443484365940094,-0.2483208328485489,0.0,0.4184759557247162,0.5,0.5,0.5,0.5
33.5,428.74223288191246,2.9241678714752197,-0.11849608272314072,0.5779052972793579,2.9241678714752197,0.5779052972793579,2.9241678714752197,427.8865661621094,2.386972665786743,12.44375991821289,-0.11849608272314072,-0.007554095238447189,0.8764013648033142,-1.8608068227767944,-2.662109613418579,-15.052565574645996,174.5329132080078,-2.662109613418579,0.4885495603084564,0.0,0.5960130095481873,0.5,0.5,0.5,0.5
33.6,429.8181410346183,3.556011438369751,-0.2770202159881592,0.5567317008972168,3.556011438369751,0.5567317008972168,3.556011438369751,428.9441833496094,3.050403118133545,12.524399757385254,-0.2770202159881592,-0.008116636425256729,0.7896531224250793,-3.4488961696624756,-3.4601094722747803,-1.5329647064208984,174.5329132080078,-3.4601094722747803,1.2731068134307861,0.0,0.641765296459198,0.5,0.5,0.5,0.5
33.7,430.9181465302706,4.160643577575684,-0.3217981457710266,0.5262874364852905,4.160643577575684,0.5262874364852905,4.160643577575684,430.0262451171875,3.6895906925201416,12.610639572143555,-0.3217981457710266,-0.007630630396306515,0.7752073407173157,-4.077920436859131,-3.8970272541046143,-12.119908332824707,-174.5329132080078,-3.8970272541046143,2.0802481174468994,0.0,0.6346521377563477,0.5,0.5,0.5,0.5
33.8,432.041828914572,4.7368245124816895,-0.3387497365474701,0.4932563006877899,4.7368245124816895,0.4932563006877899,4.7368245124816895,431.1347961425781,4.297637462615967,12.668608665466309,-0.3387497365474701,-0.007809101603925228,0.2701294422149658,-4.304300785064697,-5.955782413482666,-26.1799373626709,0.0,-5.955782413482666,2.8961615562438965,0.0,0.669283390045166,0.5,0.5,0.5,0.5
33.9,433.1871031485973,5.276083946228027,-0.359292209148407,0.45838791131973267,5.276083946228027,0.45838791131973267,5.276083946228027,432.26605224609375,4.869263648986816,12.674036979675293,-0.359292209148407,-0.0070981355383992195,-0.10940209776163101,-4.341733455657959,-8.568889617919922,-24.958208084106445,174.5329132080078,-8.568889617919922,3.709819793701172,0.0,0.725866973400116,0.5,0.5,0.5,0.5
